id_venda,produto_id,cliente_id,quantidade,data_venda,observacao,nome_produto,categoria,preco,nome,cidade
V000001,13,9,1,2024-09-15 08:14:00,Entrega expressa solicitada,Hub USB,Acessórios,44.9,Isadora Brandão,Curitiba
V000002,6,3,4,2024-09-14 11:29:00,Compra feita via aplicação promocional,Cabo USB-C,Eletrônicos,24.9,Cecília Prado,São Paulo
V000003,4,16,2,2024-12-04 09:55:00,Cliente pediu embalagem para presente,Mouse Gamer,Eletrônicos,99.9,Pedro Henrique Lopes,Florianópolis
V000004,5,15,1,2024-10-22 17:56:00,Sem Observação,Teclado Mecânico,Eletrônicos,189.9,Olívia Marques,Joinville
V000005,9,5,3,2024-12-16 10:20:00,Sem Observação,Película de Vidro,Acessórios,14.9,Estela Cunha,Curitiba
V000006,4,19,5,2024-09-29 10:01:00,Sem Observação,Mouse Gamer,Eletrônicos,99.9,Sônia Aparecida Reis,Joinville
V000007,1,19,3,2024-09-17 18:25:00,Sem Observação,Fone Bluetooth,Eletrônicos,89.9,Sônia Aparecida Reis,Joinville
V000008,6,10,2,2024-11-01 15:39:00,Sem Observação,Cabo USB-C,Eletrônicos,24.9,João Vitor Assis,São Paulo
V000009,5,6,1,2024-10-15 17:26:00,"Produto com defeito, aguardando troca",Teclado Mecânico,Eletrônicos,189.9,Fábio Lacerda,São Paulo
V000010,6,4,4,2024-11-16 20:39:00,Entrega expressa solicitada,Cabo USB-C,Eletrônicos,24.9,Daniel Werneck,Florianópolis
V000011,14,20,1,2024-11-06 16:00:00,Sem Observação,Webcam HD,Eletrônicos,119.9,Tales Bittencourt,Florianópolis
V000012,11,20,4,2024-11-23 17:52:00,Compra feita via aplicação promocional,Smartwatch,Eletrônicos,249.9,Tales Bittencourt,Florianópolis
V000013,12,15,3,2024-12-12 18:10:00,Cliente pediu embalagem para presente,Adaptador HDMI,Acessórios,34.9,Olívia Marques,Joinville
V000014,5,7,3,2024-10-27 12:14:00,Compra feita via aplicação promocional,Teclado Mecânico,Eletrônicos,189.9,Giovana Peixoto,Joinville
V000015,1,3,1,2024-11-25 18:03:00,Sem Observação,Fone Bluetooth,Eletrônicos,89.9,Cecília Prado,São Paulo
V000016,10,19,1,2024-08-07 08:12:00,Sem Observação,Power Bank,Eletrônicos,79.9,Sônia Aparecida Reis,Joinville
V000017,13,11,2,2024-10-25 22:01:00,Entrega expressa solicitada,Hub USB,Acessórios,44.9,Kelly Damasceno,Joinville
V000018,9,18,2,2024-10-11 09:19:00,Sem Observação,Película de Vidro,Acessórios,14.9,Ricardo Junqueira,São Paulo
V000019,2,4,3,2024-12-18 17:18:00,"Produto com defeito, aguardando troca",Carregador Turbo,Eletrônicos,49.9,Daniel Werneck,Florianópolis
V000020,15,7,5,2024-08-08 22:15:00,Sem Observação,Microfone de Lapela,Eletrônicos,69.9,Giovana Peixoto,Joinville
V000021,15,1,1,2024-08-08 08:46:00,Entrega expressa solicitada,Microfone de Lapela,Eletrônicos,69.9,Alessandra Nogueira,Curitiba
V000022,6,12,3,2024-08-28 14:31:00,Sem Observação,Cabo USB-C,Eletrônicos,24.9,Leonardo Xavier,Florianópolis
V000023,1,8,4,2024-10-27 09:59:00,Sem Observação,Fone Bluetooth,Eletrônicos,89.9,Hugo Mendonça,Florianópolis
V000024,11,16,2,2024-10-28 12:56:00,"Produto com defeito, aguardando troca",Smartwatch,Eletrônicos,249.9,Pedro Henrique Lopes,Florianópolis
V000025,8,17,5,2024-08-20 20:22:00,Sem Observação,Capinha de Celular,Acessórios,29.9,Queila Fonseca,Curitiba
V000026,2,13,1,2024-11-14 15:13:00,"Produto com defeito, aguardando troca",Carregador Turbo,Eletrônicos,49.9,Marcela Tavares,Curitiba
V000027,5,15,3,2024-10-17 09:15:00,Sem Observação,Teclado Mecânico,Eletrônicos,189.9,Olívia Marques,Joinville
V000028,4,1,4,2024-12-05 10:07:00,Cliente solicitou nota fiscal com CNPJ,Mouse Gamer,Eletrônicos,99.9,Alessandra Nogueira,Curitiba
V000029,13,14,3,2024-08-24 10:33:00,Sem Observação,Hub USB,Acessórios,44.9,Nathan Correia,São Paulo
V000030,14,5,1,2024-11-16 12:24:00,Compra feita via aplicação promocional,Webcam HD,Eletrônicos,119.9,Estela Cunha,Curitiba
V000031,11,19,1,2024-09-10 20:37:00,Sem Observação,Smartwatch,Eletrônicos,249.9,Sônia Aparecida Reis,Joinville
V000032,6,4,2,2024-12-08 21:53:00,Entrega expressa solicitada,Cabo USB-C,Eletrônicos,24.9,Daniel Werneck,Florianópolis
V000033,15,11,2,2024-10-25 20:52:00,Sem Observação,Microfone de Lapela,Eletrônicos,69.9,Kelly Damasceno,Joinville
V000034,1,13,5,2024-09-30 18:15:00,Sem Observação,Fone Bluetooth,Eletrônicos,89.9,Marcela Tavares,Curitiba
V000035,11,3,4,2024-10-27 08:38:00,Cliente solicitou nota fiscal com CNPJ,Smartwatch,Eletrônicos,249.9,Cecília Prado,São Paulo
V000036,13,10,1,2024-11-03 21:33:00,Cliente pediu embalagem para presente,Hub USB,Acessórios,44.9,João Vitor Assis,São Paulo
V000037,7,10,5,2024-11-27 09:44:00,"Produto com defeito, aguardando troca",Suporte para Celular,Acessórios,19.9,João Vitor Assis,São Paulo
V000038,13,12,1,2024-10-03 16:03:00,"Produto com defeito, aguardando troca",Hub USB,Acessórios,44.9,Leonardo Xavier,Florianópolis
V000039,12,19,1,2024-09-18 08:38:00,Entrega expressa solicitada,Adaptador HDMI,Acessórios,34.9,Sônia Aparecida Reis,Joinville
V000040,7,11,3,2024-08-31 11:32:00,Sem Observação,Suporte para Celular,Acessórios,19.9,Kelly Damasceno,Joinville
V000041,13,5,3,2024-08-10 21:54:00,Cliente solicitou nota fiscal com CNPJ,Hub USB,Acessórios,44.9,Estela Cunha,Curitiba
V000042,9,10,3,2024-09-11 14:27:00,Cliente solicitou nota fiscal com CNPJ,Película de Vidro,Acessórios,14.9,João Vitor Assis,São Paulo
V000043,3,9,3,2024-11-08 18:51:00,Cliente solicitou nota fiscal com CNPJ,Caixa de Som Portátil,Eletrônicos,129.9,Isadora Brandão,Curitiba
V000044,6,3,5,2024-09-11 18:44:00,Sem Observação,Cabo USB-C,Eletrônicos,24.9,Cecília Prado,São Paulo
V000045,14,17,3,2024-10-20 22:12:00,Cliente pediu embalagem para presente,Webcam HD,Eletrônicos,119.9,Queila Fonseca,Curitiba
V000046,10,9,2,2024-11-24 13:12:00,Entrega expressa solicitada,Power Bank,Eletrônicos,79.9,Isadora Brandão,Curitiba
V000047,6,11,5,2024-08-15 13:14:00,Sem Observação,Cabo USB-C,Eletrônicos,24.9,Kelly Damasceno,Joinville
V000048,5,5,5,2024-09-06 08:07:00,Sem Observação,Teclado Mecânico,Eletrônicos,189.9,Estela Cunha,Curitiba
V000049,1,1,1,2024-09-14 10:54:00,Endereço de entrega divergente do cadastro,Fone Bluetooth,Eletrônicos,89.9,Alessandra Nogueira,Curitiba
V000050,12,4,1,2024-12-28 16:47:00,Cliente solicitou nota fiscal com CNPJ,Adaptador HDMI,Acessórios,34.9,Daniel Werneck,Florianópolis
V000051,10,7,5,2024-11-12 16:42:00,"Produto com defeito, aguardando troca",Power Bank,Eletrônicos,79.9,Giovana Peixoto,Joinville
V000052,6,5,4,2024-09-03 15:24:00,"Produto com defeito, aguardando troca",Cabo USB-C,Eletrônicos,24.9,Estela Cunha,Curitiba
V000053,10,7,4,2024-08-25 10:07:00,Sem Observação,Power Bank,Eletrônicos,79.9,Giovana Peixoto,Joinville
V000054,12,2,5,2024-11-20 20:21:00,Endereço de entrega divergente do cadastro,Adaptador HDMI,Acessórios,34.9,Bernardo Salles,Joinville
V000055,6,12,5,2024-09-10 11:40:00,Compra feita via aplicação promocional,Cabo USB-C,Eletrônicos,24.9,Leonardo Xavier,Florianópolis
V000056,5,20,4,2024-08-05 09:27:00,Cliente solicitou nota fiscal com CNPJ,Teclado Mecânico,Eletrônicos,189.9,Tales Bittencourt,Florianópolis
V000057,5,20,1,2024-10-19 09:18:00,Sem Observação,Teclado Mecânico,Eletrônicos,189.9,Tales Bittencourt,Florianópolis
V000058,13,5,1,2024-11-10 17:16:00,Sem Observação,Hub USB,Acessórios,44.9,Estela Cunha,Curitiba
V000059,7,16,5,2024-08-06 13:09:00,Sem Observação,Suporte para Celular,Acessórios,19.9,Pedro Henrique Lopes,Florianópolis
V000060,9,12,5,2024-09-29 17:56:00,Sem Observação,Película de Vidro,Acessórios,14.9,Leonardo Xavier,Florianópolis
V000061,2,9,4,2024-09-29 17:42:00,Compra feita via aplicação promocional,Carregador Turbo,Eletrônicos,49.9,Isadora Brandão,Curitiba
V000062,13,13,4,2024-10-13 15:34:00,Sem Observação,Hub USB,Acessórios,44.9,Marcela Tavares,Curitiba
V000063,15,15,3,2024-10-29 08:40:00,Cliente solicitou nota fiscal com CNPJ,Microfone de Lapela,Eletrônicos,69.9,Olívia Marques,Joinville
V000064,8,1,2,2024-11-23 08:01:00,Entrega expressa solicitada,Capinha de Celular,Acessórios,29.9,Alessandra Nogueira,Curitiba
V000065,13,4,4,2024-12-13 14:01:00,Cliente solicitou nota fiscal com CNPJ,Hub USB,Acessórios,44.9,Daniel Werneck,Florianópolis
V000066,6,15,2,2024-08-06 08:31:00,Sem Observação,Cabo USB-C,Eletrônicos,24.9,Olívia Marques,Joinville
V000067,4,3,5,2024-09-21 20:05:00,"Produto com defeito, aguardando troca",Mouse Gamer,Eletrônicos,99.9,Cecília Prado,São Paulo
V000068,14,12,3,2024-12-06 13:12:00,"Produto com defeito, aguardando troca",Webcam HD,Eletrônicos,119.9,Leonardo Xavier,Florianópolis
V000069,5,14,2,2024-08-10 14:52:00,Sem Observação,Teclado Mecânico,Eletrônicos,189.9,Nathan Correia,São Paulo
V000070,2,8,3,2024-11-24 21:54:00,Sem Observação,Carregador Turbo,Eletrônicos,49.9,Hugo Mendonça,Florianópolis
V000071,14,11,5,2024-08-20 11:40:00,Cliente pediu embalagem para presente,Webcam HD,Eletrônicos,119.9,Kelly Damasceno,Joinville
V000072,4,9,4,2024-11-25 15:38:00,Sem Observação,Mouse Gamer,Eletrônicos,99.9,Isadora Brandão,Curitiba
V000073,2,11,4,2024-08-16 22:47:00,Endereço de entrega divergente do cadastro,Carregador Turbo,Eletrônicos,49.9,Kelly Damasceno,Joinville
V000074,11,19,4,2024-12-19 10:15:00,Cliente solicitou nota fiscal com CNPJ,Smartwatch,Eletrônicos,249.9,Sônia Aparecida Reis,Joinville
V000075,5,15,1,2024-10-16 11:52:00,Cliente solicitou nota fiscal com CNPJ,Teclado Mecânico,Eletrônicos,189.9,Olívia Marques,Joinville
V000076,12,15,1,2024-12-11 16:20:00,Sem Observação,Adaptador HDMI,Acessórios,34.9,Olívia Marques,Joinville
V000077,3,5,5,2024-12-24 09:38:00,"Produto com defeito, aguardando troca",Caixa de Som Portátil,Eletrônicos,129.9,Estela Cunha,Curitiba
V000078,10,2,1,2024-08-11 21:07:00,Endereço de entrega divergente do cadastro,Power Bank,Eletrônicos,79.9,Bernardo Salles,Joinville
V000079,8,14,1,2024-08-08 21:14:00,Cliente pediu embalagem para presente,Capinha de Celular,Acessórios,29.9,Nathan Correia,São Paulo
V000080,11,17,4,2024-09-20 14:11:00,Compra feita via aplicação promocional,Smartwatch,Eletrônicos,249.9,Queila Fonseca,Curitiba
V000081,9,11,3,2024-10-01 08:37:00,Sem Observação,Película de Vidro,Acessórios,14.9,Kelly Damasceno,Joinville
V000082,4,19,2,2024-11-22 20:05:00,Cliente solicitou nota fiscal com CNPJ,Mouse Gamer,Eletrônicos,99.9,Sônia Aparecida Reis,Joinville
V000083,9,4,5,2024-10-19 16:18:00,Compra feita via aplicação promocional,Película de Vidro,Acessórios,14.9,Daniel Werneck,Florianópolis
V000084,2,15,3,2024-11-28 08:09:00,Endereço de entrega divergente do cadastro,Carregador Turbo,Eletrônicos,49.9,Olívia Marques,Joinville
V000085,4,9,2,2024-08-23 10:10:00,Sem Observação,Mouse Gamer,Eletrônicos,99.9,Isadora Brandão,Curitiba
V000086,15,15,1,2024-12-11 15:38:00,Sem Observação,Microfone de Lapela,Eletrônicos,69.9,Olívia Marques,Joinville
V000087,6,7,2,2024-10-25 19:52:00,"Produto com defeito, aguardando troca",Cabo USB-C,Eletrônicos,24.9,Giovana Peixoto,Joinville
V000088,11,9,4,2024-08-10 12:11:00,Sem Observação,Smartwatch,Eletrônicos,249.9,Isadora Brandão,Curitiba
V000089,5,8,1,2024-10-17 21:04:00,Entrega expressa solicitada,Teclado Mecânico,Eletrônicos,189.9,Hugo Mendonça,Florianópolis
V000090,9,16,1,2024-12-10 22:20:00,Compra feita via aplicação promocional,Película de Vidro,Acessórios,14.9,Pedro Henrique Lopes,Florianópolis
V000091,1,18,2,2024-10-11 22:28:00,Entrega expressa solicitada,Fone Bluetooth,Eletrônicos,89.9,Ricardo Junqueira,São Paulo
V000092,3,13,3,2024-09-13 09:16:00,Compra feita via aplicação promocional,Caixa de Som Portátil,Eletrônicos,129.9,Marcela Tavares,Curitiba
V000093,6,7,4,2024-11-14 11:38:00,Entrega expressa solicitada,Cabo USB-C,Eletrônicos,24.9,Giovana Peixoto,Joinville
V000094,3,6,1,2024-11-05 15:54:00,Sem Observação,Caixa de Som Portátil,Eletrônicos,129.9,Fábio Lacerda,São Paulo
V000095,3,4,3,2024-08-05 13:36:00,Sem Observação,Caixa de Som Portátil,Eletrônicos,129.9,Daniel Werneck,Florianópolis
V000096,12,5,2,2024-08-18 15:04:00,Cliente solicitou nota fiscal com CNPJ,Adaptador HDMI,Acessórios,34.9,Estela Cunha,Curitiba
V000097,7,17,3,2024-10-21 08:50:00,Entrega expressa solicitada,Suporte para Celular,Acessórios,19.9,Queila Fonseca,Curitiba
V000098,3,4,1,2024-09-02 16:11:00,Sem Observação,Caixa de Som Portátil,Eletrônicos,129.9,Daniel Werneck,Florianópolis
V000099,12,8,2,2024-08-28 18:44:00,Sem Observação,Adaptador HDMI,Acessórios,34.9,Hugo Mendonça,Florianópolis
V000100,10,18,3,2024-09-04 18:13:00,Sem Observação,Power Bank,Eletrônicos,79.9,Ricardo Junqueira,São Paulo
V000101,15,4,1,2024-08-29 22:17:00,Cliente solicitou nota fiscal com CNPJ,Microfone de Lapela,Eletrônicos,69.9,Daniel Werneck,Florianópolis
V000102,4,13,4,2024-12-02 11:07:00,Sem Observação,Mouse Gamer,Eletrônicos,99.9,Marcela Tavares,Curitiba
V000103,2,13,5,2024-12-11 09:49:00,Sem Observação,Carregador Turbo,Eletrônicos,49.9,Marcela Tavares,Curitiba
V000104,5,14,2,2024-12-26 21:53:00,Compra feita via aplicação promocional,Teclado Mecânico,Eletrônicos,189.9,Nathan Correia,São Paulo
V000105,8,6,4,2024-10-21 13:41:00,"Produto com defeito, aguardando troca",Capinha de Celular,Acessórios,29.9,Fábio Lacerda,São Paulo
V000106,13,17,5,2024-09-25 13:05:00,Endereço de entrega divergente do cadastro,Hub USB,Acessórios,44.9,Queila Fonseca,Curitiba
V000107,8,5,2,2024-08-13 21:34:00,Sem Observação,Capinha de Celular,Acessórios,29.9,Estela Cunha,Curitiba
V000108,11,7,3,2024-08-11 20:58:00,Sem Observação,Smartwatch,Eletrônicos,249.9,Giovana Peixoto,Joinville
V000109,13,6,1,2024-08-09 12:26:00,Entrega expressa solicitada,Hub USB,Acessórios,44.9,Fábio Lacerda,São Paulo
V000110,9,6,3,2024-09-03 20:35:00,Entrega expressa solicitada,Película de Vidro,Acessórios,14.9,Fábio Lacerda,São Paulo
V000111,13,4,4,2024-09-22 11:58:00,Sem Observação,Hub USB,Acessórios,44.9,Daniel Werneck,Florianópolis
V000112,2,9,1,2024-10-31 08:11:00,Cliente pediu embalagem para presente,Carregador Turbo,Eletrônicos,49.9,Isadora Brandão,Curitiba
V000113,7,10,2,2024-12-13 11:47:00,Compra feita via aplicação promocional,Suporte para Celular,Acessórios,19.9,João Vitor Assis,São Paulo
V000114,3,15,4,2024-11-25 08:58:00,Sem Observação,Caixa de Som Portátil,Eletrônicos,129.9,Olívia Marques,Joinville
V000115,6,13,3,2024-09-14 12:40:00,"Produto com defeito, aguardando troca",Cabo USB-C,Eletrônicos,24.9,Marcela Tavares,Curitiba
V000116,4,20,4,2024-10-03 12:21:00,Sem Observação,Mouse Gamer,Eletrônicos,99.9,Tales Bittencourt,Florianópolis
V000117,8,10,2,2024-12-29 18:49:00,Sem Observação,Capinha de Celular,Acessórios,29.9,João Vitor Assis,São Paulo
V000118,9,14,4,2024-11-05 12:09:00,Compra feita via aplicação promocional,Película de Vidro,Acessórios,14.9,Nathan Correia,São Paulo
V000119,15,18,3,2024-11-10 08:59:00,Cliente solicitou nota fiscal com CNPJ,Microfone de Lapela,Eletrônicos,69.9,Ricardo Junqueira,São Paulo
V000120,15,9,3,2024-08-17 12:13:00,Cliente pediu embalagem para presente,Microfone de Lapela,Eletrônicos,69.9,Isadora Brandão,Curitiba
V000121,6,16,1,2024-10-06 17:06:00,Sem Observação,Cabo USB-C,Eletrônicos,24.9,Pedro Henrique Lopes,Florianópolis
V000122,6,11,1,2024-12-01 09:28:00,Sem Observação,Cabo USB-C,Eletrônicos,24.9,Kelly Damasceno,Joinville
V000123,13,5,4,2024-10-26 21:15:00,Sem Observação,Hub USB,Acessórios,44.9,Estela Cunha,Curitiba
V000124,10,2,3,2024-09-04 20:12:00,Entrega expressa solicitada,Power Bank,Eletrônicos,79.9,Bernardo Salles,Joinville
V000125,13,18,4,2024-08-06 16:02:00,Compra feita via aplicação promocional,Hub USB,Acessórios,44.9,Ricardo Junqueira,São Paulo
V000126,10,20,1,2024-12-06 20:37:00,Cliente solicitou nota fiscal com CNPJ,Power Bank,Eletrônicos,79.9,Tales Bittencourt,Florianópolis
V000127,3,12,4,2024-09-14 09:09:00,Entrega expressa solicitada,Caixa de Som Portátil,Eletrônicos,129.9,Leonardo Xavier,Florianópolis
V000128,6,5,5,2024-11-07 18:39:00,Sem Observação,Cabo USB-C,Eletrônicos,24.9,Estela Cunha,Curitiba
V000129,10,19,5,2024-12-04 19:15:00,Sem Observação,Power Bank,Eletrônicos,79.9,Sônia Aparecida Reis,Joinville
V000130,13,12,4,2024-10-29 12:00:00,Entrega expressa solicitada,Hub USB,Acessórios,44.9,Leonardo Xavier,Florianópolis
V000131,8,4,5,2024-09-25 08:53:00,Cliente solicitou nota fiscal com CNPJ,Capinha de Celular,Acessórios,29.9,Daniel Werneck,Florianópolis
V000132,9,7,3,2024-10-08 09:31:00,Endereço de entrega divergente do cadastro,Película de Vidro,Acessórios,14.9,Giovana Peixoto,Joinville
V000133,2,12,3,2024-09-12 11:43:00,Sem Observação,Carregador Turbo,Eletrônicos,49.9,Leonardo Xavier,Florianópolis
V000134,4,12,3,2024-11-25 20:37:00,"Produto com defeito, aguardando troca",Mouse Gamer,Eletrônicos,99.9,Leonardo Xavier,Florianópolis
V000135,12,5,1,2024-09-11 22:05:00,Sem Observação,Adaptador HDMI,Acessórios,34.9,Estela Cunha,Curitiba
V000136,6,5,1,2024-12-12 12:00:00,Sem Observação,Cabo USB-C,Eletrônicos,24.9,Estela Cunha,Curitiba
V000137,14,10,2,2024-08-02 09:01:00,Sem Observação,Webcam HD,Eletrônicos,119.9,João Vitor Assis,São Paulo
V000138,14,17,1,2024-11-30 10:07:00,Cliente pediu embalagem para presente,Webcam HD,Eletrônicos,119.9,Queila Fonseca,Curitiba
V000139,11,20,3,2024-09-24 17:13:00,Sem Observação,Smartwatch,Eletrônicos,249.9,Tales Bittencourt,Florianópolis
V000140,11,17,1,2024-10-16 21:25:00,Sem Observação,Smartwatch,Eletrônicos,249.9,Queila Fonseca,Curitiba
V000141,15,1,2,2024-12-08 12:12:00,Sem Observação,Microfone de Lapela,Eletrônicos,69.9,Alessandra Nogueira,Curitiba
V000142,14,12,2,2024-09-14 13:56:00,Endereço de entrega divergente do cadastro,Webcam HD,Eletrônicos,119.9,Leonardo Xavier,Florianópolis
V000143,9,6,2,2024-11-20 10:25:00,Sem Observação,Película de Vidro,Acessórios,14.9,Fábio Lacerda,São Paulo
V000144,2,7,1,2024-12-13 08:56:00,"Produto com defeito, aguardando troca",Carregador Turbo,Eletrônicos,49.9,Giovana Peixoto,Joinville
V000145,9,15,1,2024-12-19 17:45:00,Sem Observação,Película de Vidro,Acessórios,14.9,Olívia Marques,Joinville
V000146,2,7,4,2024-10-02 20:33:00,Endereço de entrega divergente do cadastro,Carregador Turbo,Eletrônicos,49.9,Giovana Peixoto,Joinville
V000147,15,7,4,2024-08-17 22:54:00,Compra feita via aplicação promocional,Microfone de Lapela,Eletrônicos,69.9,Giovana Peixoto,Joinville
V000148,15,2,5,2024-10-08 13:01:00,Sem Observação,Microfone de Lapela,Eletrônicos,69.9,Bernardo Salles,Joinville
V000149,13,12,5,2024-12-17 13:14:00,Sem Observação,Hub USB,Acessórios,44.9,Leonardo Xavier,Florianópolis
V000150,11,6,4,2024-12-13 17:32:00,Sem Observação,Smartwatch,Eletrônicos,249.9,Fábio Lacerda,São Paulo
V000151,13,13,2,2024-09-10 14:24:00,Cliente pediu embalagem para presente,Hub USB,Acessórios,44.9,Marcela Tavares,Curitiba
V000152,2,13,4,2024-09-10 11:40:00,Cliente pediu embalagem para presente,Carregador Turbo,Eletrônicos,49.9,Marcela Tavares,Curitiba
V000153,11,7,1,2024-09-18 20:21:00,Sem Observação,Smartwatch,Eletrônicos,249.9,Giovana Peixoto,Joinville
V000154,1,17,3,2024-10-05 21:52:00,Sem Observação,Fone Bluetooth,Eletrônicos,89.9,Queila Fonseca,Curitiba
V000155,2,12,2,2024-09-03 22:35:00,Endereço de entrega divergente do cadastro,Carregador Turbo,Eletrônicos,49.9,Leonardo Xavier,Florianópolis
V000156,14,10,2,2024-11-24 10:53:00,Sem Observação,Webcam HD,Eletrônicos,119.9,João Vitor Assis,São Paulo
V000157,11,20,5,2024-10-24 22:59:00,Cliente solicitou nota fiscal com CNPJ,Smartwatch,Eletrônicos,249.9,Tales Bittencourt,Florianópolis
V000158,8,18,3,2024-11-25 08:59:00,"Produto com defeito, aguardando troca",Capinha de Celular,Acessórios,29.9,Ricardo Junqueira,São Paulo
V000159,4,9,3,2024-10-31 08:15:00,Compra feita via aplicação promocional,Mouse Gamer,Eletrônicos,99.9,Isadora Brandão,Curitiba
V000160,6,4,5,2024-10-29 17:07:00,Endereço de entrega divergente do cadastro,Cabo USB-C,Eletrônicos,24.9,Daniel Werneck,Florianópolis
V000161,15,18,5,2024-11-23 20:34:00,Sem Observação,Microfone de Lapela,Eletrônicos,69.9,Ricardo Junqueira,São Paulo
V000162,5,2,3,2024-10-30 15:48:00,Compra feita via aplicação promocional,Teclado Mecânico,Eletrônicos,189.9,Bernardo Salles,Joinville
V000163,2,15,4,2024-11-03 11:54:00,Compra feita via aplicação promocional,Carregador Turbo,Eletrônicos,49.9,Olívia Marques,Joinville
V000164,9,13,3,2024-11-21 21:53:00,Cliente pediu embalagem para presente,Película de Vidro,Acessórios,14.9,Marcela Tavares,Curitiba
V000165,6,11,2,2024-09-16 13:21:00,Endereço de entrega divergente do cadastro,Cabo USB-C,Eletrônicos,24.9,Kelly Damasceno,Joinville
V000166,8,8,3,2024-11-05 15:40:00,Cliente solicitou nota fiscal com CNPJ,Capinha de Celular,Acessórios,29.9,Hugo Mendonça,Florianópolis
V000167,9,8,5,2024-11-02 11:31:00,Entrega expressa solicitada,Película de Vidro,Acessórios,14.9,Hugo Mendonça,Florianópolis
V000168,14,14,1,2024-08-04 10:55:00,Sem Observação,Webcam HD,Eletrônicos,119.9,Nathan Correia,São Paulo
V000169,11,4,1,2024-11-03 15:55:00,Cliente solicitou nota fiscal com CNPJ,Smartwatch,Eletrônicos,249.9,Daniel Werneck,Florianópolis
V000170,4,16,2,2024-08-06 15:49:00,Cliente solicitou nota fiscal com CNPJ,Mouse Gamer,Eletrônicos,99.9,Pedro Henrique Lopes,Florianópolis
V000171,1,16,4,2024-09-13 16:33:00,"Produto com defeito, aguardando troca",Fone Bluetooth,Eletrônicos,89.9,Pedro Henrique Lopes,Florianópolis
V000172,13,13,3,2024-11-29 14:41:00,Sem Observação,Hub USB,Acessórios,44.9,Marcela Tavares,Curitiba
V000173,3,16,2,2024-12-05 10:50:00,Cliente pediu embalagem para presente,Caixa de Som Portátil,Eletrônicos,129.9,Pedro Henrique Lopes,Florianópolis
V000174,3,9,5,2024-09-10 10:39:00,Endereço de entrega divergente do cadastro,Caixa de Som Portátil,Eletrônicos,129.9,Isadora Brandão,Curitiba
V000175,13,14,5,2024-10-09 17:11:00,Cliente pediu embalagem para presente,Hub USB,Acessórios,44.9,Nathan Correia,São Paulo
V000176,13,16,4,2024-09-28 22:58:00,Sem Observação,Hub USB,Acessórios,44.9,Pedro Henrique Lopes,Florianópolis
V000177,6,11,1,2024-09-02 16:17:00,Sem Observação,Cabo USB-C,Eletrônicos,24.9,Kelly Damasceno,Joinville
V000178,12,17,4,2024-11-18 22:37:00,Sem Observação,Adaptador HDMI,Acessórios,34.9,Queila Fonseca,Curitiba
V000179,11,6,5,2024-11-09 11:56:00,Sem Observação,Smartwatch,Eletrônicos,249.9,Fábio Lacerda,São Paulo
V000180,5,9,1,2024-09-14 19:36:00,Cliente pediu embalagem para presente,Teclado Mecânico,Eletrônicos,189.9,Isadora Brandão,Curitiba
V000181,13,4,4,2024-11-23 18:33:00,Endereço de entrega divergente do cadastro,Hub USB,Acessórios,44.9,Daniel Werneck,Florianópolis
V000182,10,3,2,2024-11-20 18:54:00,Sem Observação,Power Bank,Eletrônicos,79.9,Cecília Prado,São Paulo
V000183,5,19,4,2024-09-23 18:50:00,Sem Observação,Teclado Mecânico,Eletrônicos,189.9,Sônia Aparecida Reis,Joinville
V000184,8,6,4,2024-12-05 11:00:00,Compra feita via aplicação promocional,Capinha de Celular,Acessórios,29.9,Fábio Lacerda,São Paulo
V000185,10,17,2,2024-11-01 08:13:00,"Produto com defeito, aguardando troca",Power Bank,Eletrônicos,79.9,Queila Fonseca,Curitiba
V000186,6,13,3,2024-08-23 17:13:00,Cliente pediu embalagem para presente,Cabo USB-C,Eletrônicos,24.9,Marcela Tavares,Curitiba
V000187,2,3,4,2024-10-05 18:08:00,Entrega expressa solicitada,Carregador Turbo,Eletrônicos,49.9,Cecília Prado,São Paulo
V000188,3,10,5,2024-08-24 08:53:00,Compra feita via aplicação promocional,Caixa de Som Portátil,Eletrônicos,129.9,João Vitor Assis,São Paulo
V000189,7,17,1,2024-09-23 15:53:00,Sem Observação,Suporte para Celular,Acessórios,19.9,Queila Fonseca,Curitiba
V000190,6,13,3,2024-12-15 18:26:00,Cliente solicitou nota fiscal com CNPJ,Cabo USB-C,Eletrônicos,24.9,Marcela Tavares,Curitiba
V000191,4,18,3,2024-09-26 16:12:00,Cliente solicitou nota fiscal com CNPJ,Mouse Gamer,Eletrônicos,99.9,Ricardo Junqueira,São Paulo
V000192,1,20,2,2024-11-27 22:29:00,Sem Observação,Fone Bluetooth,Eletrônicos,89.9,Tales Bittencourt,Florianópolis
V000193,15,20,2,2024-10-12 13:44:00,Sem Observação,Microfone de Lapela,Eletrônicos,69.9,Tales Bittencourt,Florianópolis
V000194,14,17,3,2024-10-13 10:02:00,Cliente pediu embalagem para presente,Webcam HD,Eletrônicos,119.9,Queila Fonseca,Curitiba
V000195,10,15,4,2024-12-05 16:28:00,Cliente solicitou nota fiscal com CNPJ,Power Bank,Eletrônicos,79.9,Olívia Marques,Joinville
V000196,14,11,4,2024-11-06 21:57:00,Sem Observação,Webcam HD,Eletrônicos,119.9,Kelly Damasceno,Joinville
V000197,4,17,4,2024-09-09 14:31:00,Compra feita via aplicação promocional,Mouse Gamer,Eletrônicos,99.9,Queila Fonseca,Curitiba
V000198,13,4,3,2024-10-19 11:40:00,Endereço de entrega divergente do cadastro,Hub USB,Acessórios,44.9,Daniel Werneck,Florianópolis
V000199,2,8,5,2024-08-11 12:07:00,Cliente pediu embalagem para presente,Carregador Turbo,Eletrônicos,49.9,Hugo Mendonça,Florianópolis
V000200,15,1,5,2024-12-17 10:18:00,Entrega expressa solicitada,Microfone de Lapela,Eletrônicos,69.9,Alessandra Nogueira,Curitiba
V000201,6,9,3,2024-12-01 13:47:00,Entrega expressa solicitada,Cabo USB-C,Eletrônicos,24.9,Isadora Brandão,Curitiba
V000202,11,7,1,2024-08-23 16:11:00,"Produto com defeito, aguardando troca",Smartwatch,Eletrônicos,249.9,Giovana Peixoto,Joinville
V000203,1,14,5,2024-12-18 15:33:00,Entrega expressa solicitada,Fone Bluetooth,Eletrônicos,89.9,Nathan Correia,São Paulo
V000204,7,11,5,2024-11-10 22:08:00,Sem Observação,Suporte para Celular,Acessórios,19.9,Kelly Damasceno,Joinville
V000205,4,4,5,2024-12-14 13:29:00,Compra feita via aplicação promocional,Mouse Gamer,Eletrônicos,99.9,Daniel Werneck,Florianópolis
V000206,2,16,4,2024-12-04 09:53:00,Cliente solicitou nota fiscal com CNPJ,Carregador Turbo,Eletrônicos,49.9,Pedro Henrique Lopes,Florianópolis
V000207,8,3,4,2024-09-18 15:35:00,Entrega expressa solicitada,Capinha de Celular,Acessórios,29.9,Cecília Prado,São Paulo
V000208,14,10,2,2024-11-09 15:36:00,Cliente pediu embalagem para presente,Webcam HD,Eletrônicos,119.9,João Vitor Assis,São Paulo
V000209,1,3,2,2024-09-16 22:06:00,Sem Observação,Fone Bluetooth,Eletrônicos,89.9,Cecília Prado,São Paulo
V000210,9,16,4,2024-12-25 17:29:00,Cliente solicitou nota fiscal com CNPJ,Película de Vidro,Acessórios,14.9,Pedro Henrique Lopes,Florianópolis
V000211,10,8,2,2024-11-14 15:05:00,Compra feita via aplicação promocional,Power Bank,Eletrônicos,79.9,Hugo Mendonça,Florianópolis
V000212,13,10,1,2024-09-15 19:24:00,Sem Observação,Hub USB,Acessórios,44.9,João Vitor Assis,São Paulo
V000213,12,19,3,2024-12-26 11:12:00,Compra feita via aplicação promocional,Adaptador HDMI,Acessórios,34.9,Sônia Aparecida Reis,Joinville
V000214,3,10,1,2024-11-03 10:30:00,Cliente pediu embalagem para presente,Caixa de Som Portátil,Eletrônicos,129.9,João Vitor Assis,São Paulo
V000215,3,15,1,2024-11-06 16:31:00,Sem Observação,Caixa de Som Portátil,Eletrônicos,129.9,Olívia Marques,Joinville
V000216,8,11,1,2024-08-13 18:41:00,Sem Observação,Capinha de Celular,Acessórios,29.9,Kelly Damasceno,Joinville
V000217,4,18,3,2024-08-29 17:28:00,Cliente pediu embalagem para presente,Mouse Gamer,Eletrônicos,99.9,Ricardo Junqueira,São Paulo
V000218,15,8,1,2024-12-13 13:33:00,Sem Observação,Microfone de Lapela,Eletrônicos,69.9,Hugo Mendonça,Florianópolis
V000219,9,13,2,2024-10-13 12:54:00,Sem Observação,Película de Vidro,Acessórios,14.9,Marcela Tavares,Curitiba
V000220,8,19,4,2024-08-28 22:08:00,Sem Observação,Capinha de Celular,Acessórios,29.9,Sônia Aparecida Reis,Joinville
V000221,5,10,3,2024-10-08 10:11:00,"Produto com defeito, aguardando troca",Teclado Mecânico,Eletrônicos,189.9,João Vitor Assis,São Paulo
V000222,5,18,1,2024-11-01 15:15:00,"Produto com defeito, aguardando troca",Teclado Mecânico,Eletrônicos,189.9,Ricardo Junqueira,São Paulo
V000223,11,11,5,2024-08-01 17:22:00,Sem Observação,Smartwatch,Eletrônicos,249.9,Kelly Damasceno,Joinville
V000224,3,16,4,2024-10-06 18:31:00,Sem Observação,Caixa de Som Portátil,Eletrônicos,129.9,Pedro Henrique Lopes,Florianópolis
V000225,2,6,4,2024-11-29 12:13:00,Endereço de entrega divergente do cadastro,Carregador Turbo,Eletrônicos,49.9,Fábio Lacerda,São Paulo
V000226,11,2,4,2024-08-16 21:27:00,Compra feita via aplicação promocional,Smartwatch,Eletrônicos,249.9,Bernardo Salles,Joinville
V000227,2,17,2,2024-08-02 16:53:00,Entrega expressa solicitada,Carregador Turbo,Eletrônicos,49.9,Queila Fonseca,Curitiba
V000228,14,12,1,2024-08-19 20:33:00,Sem Observação,Webcam HD,Eletrônicos,119.9,Leonardo Xavier,Florianópolis
V000229,7,20,4,2024-10-07 16:12:00,Sem Observação,Suporte para Celular,Acessórios,19.9,Tales Bittencourt,Florianópolis
V000230,15,5,3,2024-11-23 16:40:00,Sem Observação,Microfone de Lapela,Eletrônicos,69.9,Estela Cunha,Curitiba
V000231,9,3,1,2024-10-30 09:58:00,"Produto com defeito, aguardando troca",Película de Vidro,Acessórios,14.9,Cecília Prado,São Paulo
V000232,9,9,5,2024-11-29 11:14:00,Sem Observação,Película de Vidro,Acessórios,14.9,Isadora Brandão,Curitiba
V000233,12,6,2,2024-10-28 14:08:00,Sem Observação,Adaptador HDMI,Acessórios,34.9,Fábio Lacerda,São Paulo
V000234,2,16,3,2024-09-29 13:44:00,Sem Observação,Carregador Turbo,Eletrônicos,49.9,Pedro Henrique Lopes,Florianópolis
V000235,10,9,2,2024-12-11 10:27:00,Sem Observação,Power Bank,Eletrônicos,79.9,Isadora Brandão,Curitiba
V000236,9,9,2,2024-12-18 20:00:00,Compra feita via aplicação promocional,Película de Vidro,Acessórios,14.9,Isadora Brandão,Curitiba
V000237,10,4,3,2024-10-14 09:28:00,"Produto com defeito, aguardando troca",Power Bank,Eletrônicos,79.9,Daniel Werneck,Florianópolis
V000238,5,1,5,2024-12-10 15:33:00,Sem Observação,Teclado Mecânico,Eletrônicos,189.9,Alessandra Nogueira,Curitiba
V000239,3,13,1,2024-08-14 19:24:00,Entrega expressa solicitada,Caixa de Som Portátil,Eletrônicos,129.9,Marcela Tavares,Curitiba
V000240,9,19,2,2024-09-21 12:39:00,Endereço de entrega divergente do cadastro,Película de Vidro,Acessórios,14.9,Sônia Aparecida Reis,Joinville
V000241,3,10,4,2024-09-05 22:04:00,Cliente solicitou nota fiscal com CNPJ,Caixa de Som Portátil,Eletrônicos,129.9,João Vitor Assis,São Paulo
V000242,5,15,1,2024-09-29 19:33:00,Cliente pediu embalagem para presente,Teclado Mecânico,Eletrônicos,189.9,Olívia Marques,Joinville
V000243,15,4,3,2024-08-03 15:34:00,Endereço de entrega divergente do cadastro,Microfone de Lapela,Eletrônicos,69.9,Daniel Werneck,Florianópolis
V000244,6,11,4,2024-11-27 19:01:00,Endereço de entrega divergente do cadastro,Cabo USB-C,Eletrônicos,24.9,Kelly Damasceno,Joinville
V000245,13,11,1,2024-10-29 10:28:00,Sem Observação,Hub USB,Acessórios,44.9,Kelly Damasceno,Joinville
V000246,1,13,2,2024-08-10 22:50:00,Cliente pediu embalagem para presente,Fone Bluetooth,Eletrônicos,89.9,Marcela Tavares,Curitiba
V000247,14,20,1,2024-08-24 18:42:00,Entrega expressa solicitada,Webcam HD,Eletrônicos,119.9,Tales Bittencourt,Florianópolis
V000248,5,13,4,2024-10-18 15:27:00,Cliente pediu embalagem para presente,Teclado Mecânico,Eletrônicos,189.9,Marcela Tavares,Curitiba
V000249,6,12,1,2024-08-11 08:33:00,Cliente pediu embalagem para presente,Cabo USB-C,Eletrônicos,24.9,Leonardo Xavier,Florianópolis
V000250,11,16,4,2024-12-02 12:54:00,Sem Observação,Smartwatch,Eletrônicos,249.9,Pedro Henrique Lopes,Florianópolis
V000251,1,20,1,2024-08-04 13:00:00,Entrega expressa solicitada,Fone Bluetooth,Eletrônicos,89.9,Tales Bittencourt,Florianópolis
V000252,2,16,2,2024-10-12 20:50:00,Cliente solicitou nota fiscal com CNPJ,Carregador Turbo,Eletrônicos,49.9,Pedro Henrique Lopes,Florianópolis
V000253,11,14,5,2024-08-22 15:23:00,Entrega expressa solicitada,Smartwatch,Eletrônicos,249.9,Nathan Correia,São Paulo
V000254,7,5,2,2024-08-27 20:17:00,Entrega expressa solicitada,Suporte para Celular,Acessórios,19.9,Estela Cunha,Curitiba
V000255,7,20,1,2024-08-12 17:54:00,Sem Observação,Suporte para Celular,Acessórios,19.9,Tales Bittencourt,Florianópolis
V000256,7,11,1,2024-08-19 15:26:00,Cliente pediu embalagem para presente,Suporte para Celular,Acessórios,19.9,Kelly Damasceno,Joinville
V000257,10,20,4,2024-12-25 20:26:00,Compra feita via aplicação promocional,Power Bank,Eletrônicos,79.9,Tales Bittencourt,Florianópolis
V000258,14,13,4,2024-12-25 09:42:00,Sem Observação,Webcam HD,Eletrônicos,119.9,Marcela Tavares,Curitiba
V000259,3,3,2,2024-08-21 08:40:00,Sem Observação,Caixa de Som Portátil,Eletrônicos,129.9,Cecília Prado,São Paulo
V000260,13,11,4,2024-11-16 10:20:00,Entrega expressa solicitada,Hub USB,Acessórios,44.9,Kelly Damasceno,Joinville
V000261,1,2,1,2024-12-18 12:40:00,Sem Observação,Fone Bluetooth,Eletrônicos,89.9,Bernardo Salles,Joinville
V000262,4,8,1,2024-10-17 08:19:00,"Produto com defeito, aguardando troca",Mouse Gamer,Eletrônicos,99.9,Hugo Mendonça,Florianópolis
V000263,5,2,1,2024-12-29 13:09:00,Compra feita via aplicação promocional,Teclado Mecânico,Eletrônicos,189.9,Bernardo Salles,Joinville
V000264,5,4,5,2024-08-11 20:21:00,Sem Observação,Teclado Mecânico,Eletrônicos,189.9,Daniel Werneck,Florianópolis
V000265,3,6,1,2024-12-25 15:04:00,Sem Observação,Caixa de Som Portátil,Eletrônicos,129.9,Fábio Lacerda,São Paulo
V000266,5,11,4,2024-11-26 08:54:00,Sem Observação,Teclado Mecânico,Eletrônicos,189.9,Kelly Damasceno,Joinville
V000267,12,9,2,2024-08-22 18:54:00,Cliente solicitou nota fiscal com CNPJ,Adaptador HDMI,Acessórios,34.9,Isadora Brandão,Curitiba
V000268,13,16,5,2024-10-20 18:15:00,Cliente solicitou nota fiscal com CNPJ,Hub USB,Acessórios,44.9,Pedro Henrique Lopes,Florianópolis
V000269,1,1,4,2024-10-17 16:58:00,Sem Observação,Fone Bluetooth,Eletrônicos,89.9,Alessandra Nogueira,Curitiba
V000270,6,5,5,2024-12-01 18:19:00,Endereço de entrega divergente do cadastro,Cabo USB-C,Eletrônicos,24.9,Estela Cunha,Curitiba
V000271,3,1,1,2024-11-30 14:37:00,Cliente solicitou nota fiscal com CNPJ,Caixa de Som Portátil,Eletrônicos,129.9,Alessandra Nogueira,Curitiba
V000272,3,3,2,2024-09-20 21:37:00,Entrega expressa solicitada,Caixa de Som Portátil,Eletrônicos,129.9,Cecília Prado,São Paulo
V000273,6,12,2,2024-08-11 15:30:00,Sem Observação,Cabo USB-C,Eletrônicos,24.9,Leonardo Xavier,Florianópolis
V000274,6,7,1,2024-10-23 16:17:00,Sem Observação,Cabo USB-C,Eletrônicos,24.9,Giovana Peixoto,Joinville
V000275,15,8,2,2024-12-04 13:12:00,Compra feita via aplicação promocional,Microfone de Lapela,Eletrônicos,69.9,Hugo Mendonça,Florianópolis
V000276,2,5,4,2024-10-03 16:35:00,Cliente solicitou nota fiscal com CNPJ,Carregador Turbo,Eletrônicos,49.9,Estela Cunha,Curitiba
V000277,2,10,3,2024-12-20 17:33:00,Compra feita via aplicação promocional,Carregador Turbo,Eletrônicos,49.9,João Vitor Assis,São Paulo
V000278,12,12,1,2024-08-07 17:33:00,Compra feita via aplicação promocional,Adaptador HDMI,Acessórios,34.9,Leonardo Xavier,Florianópolis
V000279,3,19,4,2024-08-18 20:19:00,Sem Observação,Caixa de Som Portátil,Eletrônicos,129.9,Sônia Aparecida Reis,Joinville
V000280,7,4,5,2024-11-10 12:03:00,Sem Observação,Suporte para Celular,Acessórios,19.9,Daniel Werneck,Florianópolis
V000281,4,19,2,2024-11-18 17:16:00,Compra feita via aplicação promocional,Mouse Gamer,Eletrônicos,99.9,Sônia Aparecida Reis,Joinville
V000282,1,14,1,2024-09-10 15:13:00,Entrega expressa solicitada,Fone Bluetooth,Eletrônicos,89.9,Nathan Correia,São Paulo
V000283,2,2,3,2024-08-07 19:11:00,Sem Observação,Carregador Turbo,Eletrônicos,49.9,Bernardo Salles,Joinville
V000284,6,20,5,2024-08-23 13:41:00,Entrega expressa solicitada,Cabo USB-C,Eletrônicos,24.9,Tales Bittencourt,Florianópolis
V000285,7,13,5,2024-12-21 20:39:00,Sem Observação,Suporte para Celular,Acessórios,19.9,Marcela Tavares,Curitiba
V000286,13,13,2,2024-08-10 22:05:00,Sem Observação,Hub USB,Acessórios,44.9,Marcela Tavares,Curitiba
V000287,6,3,2,2024-08-05 15:32:00,Compra feita via aplicação promocional,Cabo USB-C,Eletrônicos,24.9,Cecília Prado,São Paulo
V000288,8,15,2,2024-08-30 22:48:00,Sem Observação,Capinha de Celular,Acessórios,29.9,Olívia Marques,Joinville
V000289,4,3,4,2024-12-11 22:32:00,Entrega expressa solicitada,Mouse Gamer,Eletrônicos,99.9,Cecília Prado,São Paulo
V000290,8,10,4,2024-12-05 18:03:00,Sem Observação,Capinha de Celular,Acessórios,29.9,João Vitor Assis,São Paulo
V000291,4,6,3,2024-09-26 20:24:00,Sem Observação,Mouse Gamer,Eletrônicos,99.9,Fábio Lacerda,São Paulo
V000292,10,6,3,2024-08-16 13:21:00,Cliente solicitou nota fiscal com CNPJ,Power Bank,Eletrônicos,79.9,Fábio Lacerda,São Paulo
V000293,2,19,5,2024-09-03 20:08:00,Sem Observação,Carregador Turbo,Eletrônicos,49.9,Sônia Aparecida Reis,Joinville
V000294,13,13,4,2024-08-12 21:26:00,Entrega expressa solicitada,Hub USB,Acessórios,44.9,Marcela Tavares,Curitiba
V000295,1,6,4,2024-09-16 18:01:00,Sem Observação,Fone Bluetooth,Eletrônicos,89.9,Fábio Lacerda,São Paulo
V000296,13,20,3,2024-10-23 22:37:00,Compra feita via aplicação promocional,Hub USB,Acessórios,44.9,Tales Bittencourt,Florianópolis
V000297,13,3,2,2024-11-02 19:18:00,Sem Observação,Hub USB,Acessórios,44.9,Cecília Prado,São Paulo
V000298,5,9,2,2024-09-12 18:25:00,Sem Observação,Teclado Mecânico,Eletrônicos,189.9,Isadora Brandão,Curitiba
V000299,2,2,5,2024-08-17 13:37:00,Entrega expressa solicitada,Carregador Turbo,Eletrônicos,49.9,Bernardo Salles,Joinville
V000300,7,8,4,2024-08-14 20:57:00,Sem Observação,Suporte para Celular,Acessórios,19.9,Hugo Mendonça,Florianópolis
V000301,6,16,2,2024-11-13 17:11:00,Cliente pediu embalagem para presente,Cabo USB-C,Eletrônicos,24.9,Pedro Henrique Lopes,Florianópolis
V000302,10,1,2,2024-11-02 20:53:00,Entrega expressa solicitada,Power Bank,Eletrônicos,79.9,Alessandra Nogueira,Curitiba
V000303,4,2,4,2024-10-17 08:23:00,Endereço de entrega divergente do cadastro,Mouse Gamer,Eletrônicos,99.9,Bernardo Salles,Joinville
V000304,13,1,2,2024-12-12 09:39:00,Sem Observação,Hub USB,Acessórios,44.9,Alessandra Nogueira,Curitiba
V000305,8,11,2,2024-09-10 19:04:00,Sem Observação,Capinha de Celular,Acessórios,29.9,Kelly Damasceno,Joinville
V000306,4,14,5,2024-08-25 19:47:00,Cliente pediu embalagem para presente,Mouse Gamer,Eletrônicos,99.9,Nathan Correia,São Paulo
V000307,2,12,4,2024-08-08 12:15:00,"Produto com defeito, aguardando troca",Carregador Turbo,Eletrônicos,49.9,Leonardo Xavier,Florianópolis
V000308,5,18,2,2024-10-04 08:22:00,Cliente pediu embalagem para presente,Teclado Mecânico,Eletrônicos,189.9,Ricardo Junqueira,São Paulo
V000309,9,16,5,2024-09-24 17:05:00,Sem Observação,Película de Vidro,Acessórios,14.9,Pedro Henrique Lopes,Florianópolis
V000310,7,11,1,2024-09-19 17:12:00,"Produto com defeito, aguardando troca",Suporte para Celular,Acessórios,19.9,Kelly Damasceno,Joinville
V000311,7,15,5,2024-10-23 18:51:00,Compra feita via aplicação promocional,Suporte para Celular,Acessórios,19.9,Olívia Marques,Joinville
V000312,5,4,2,2024-10-17 19:49:00,"Produto com defeito, aguardando troca",Teclado Mecânico,Eletrônicos,189.9,Daniel Werneck,Florianópolis
V000313,4,7,4,2024-11-19 11:11:00,Sem Observação,Mouse Gamer,Eletrônicos,99.9,Giovana Peixoto,Joinville
V000314,10,8,2,2024-12-20 20:03:00,Sem Observação,Power Bank,Eletrônicos,79.9,Hugo Mendonça,Florianópolis
V000315,3,2,3,2024-11-18 09:45:00,Sem Observação,Caixa de Som Portátil,Eletrônicos,129.9,Bernardo Salles,Joinville
V000316,6,10,4,2024-12-13 09:24:00,Sem Observação,Cabo USB-C,Eletrônicos,24.9,João Vitor Assis,São Paulo
V000317,13,2,1,2024-10-14 19:07:00,Cliente pediu embalagem para presente,Hub USB,Acessórios,44.9,Bernardo Salles,Joinville
V000318,5,7,1,2024-08-10 10:17:00,Sem Observação,Teclado Mecânico,Eletrônicos,189.9,Giovana Peixoto,Joinville
V000319,11,12,4,2024-11-20 19:19:00,Cliente solicitou nota fiscal com CNPJ,Smartwatch,Eletrônicos,249.9,Leonardo Xavier,Florianópolis
V000320,12,18,5,2024-10-22 19:16:00,Sem Observação,Adaptador HDMI,Acessórios,34.9,Ricardo Junqueira,São Paulo
V000321,1,3,5,2024-10-28 16:50:00,Cliente solicitou nota fiscal com CNPJ,Fone Bluetooth,Eletrônicos,89.9,Cecília Prado,São Paulo
V000322,9,6,5,2024-12-03 09:26:00,Cliente solicitou nota fiscal com CNPJ,Película de Vidro,Acessórios,14.9,Fábio Lacerda,São Paulo
V000323,12,13,3,2024-10-22 15:55:00,Endereço de entrega divergente do cadastro,Adaptador HDMI,Acessórios,34.9,Marcela Tavares,Curitiba
V000324,2,10,5,2024-12-27 19:19:00,Cliente pediu embalagem para presente,Carregador Turbo,Eletrônicos,49.9,João Vitor Assis,São Paulo
V000325,5,15,3,2024-12-18 18:07:00,Compra feita via aplicação promocional,Teclado Mecânico,Eletrônicos,189.9,Olívia Marques,Joinville
V000326,5,11,2,2024-08-28 20:08:00,Sem Observação,Teclado Mecânico,Eletrônicos,189.9,Kelly Damasceno,Joinville
V000327,12,15,1,2024-09-09 14:41:00,Sem Observação,Adaptador HDMI,Acessórios,34.9,Olívia Marques,Joinville
V000328,13,14,2,2024-08-14 09:40:00,Cliente solicitou nota fiscal com CNPJ,Hub USB,Acessórios,44.9,Nathan Correia,São Paulo
V000329,5,18,4,2024-12-09 09:53:00,Cliente pediu embalagem para presente,Teclado Mecânico,Eletrônicos,189.9,Ricardo Junqueira,São Paulo
V000330,14,11,4,2024-09-26 18:36:00,Sem Observação,Webcam HD,Eletrônicos,119.9,Kelly Damasceno,Joinville
V000331,2,5,4,2024-08-25 13:36:00,Endereço de entrega divergente do cadastro,Carregador Turbo,Eletrônicos,49.9,Estela Cunha,Curitiba
V000332,15,6,1,2024-08-31 22:00:00,Sem Observação,Microfone de Lapela,Eletrônicos,69.9,Fábio Lacerda,São Paulo
V000333,1,17,3,2024-11-16 16:30:00,"Produto com defeito, aguardando troca",Fone Bluetooth,Eletrônicos,89.9,Queila Fonseca,Curitiba
V000334,6,2,5,2024-08-14 17:09:00,Sem Observação,Cabo USB-C,Eletrônicos,24.9,Bernardo Salles,Joinville
V000335,10,14,5,2024-08-30 22:42:00,Sem Observação,Power Bank,Eletrônicos,79.9,Nathan Correia,São Paulo
V000336,10,14,5,2024-12-28 19:42:00,Compra feita via aplicação promocional,Power Bank,Eletrônicos,79.9,Nathan Correia,São Paulo
V000337,11,2,4,2024-11-29 19:12:00,Compra feita via aplicação promocional,Smartwatch,Eletrônicos,249.9,Bernardo Salles,Joinville
V000338,1,18,1,2024-09-11 17:08:00,Compra feita via aplicação promocional,Fone Bluetooth,Eletrônicos,89.9,Ricardo Junqueira,São Paulo
V000339,12,10,4,2024-11-16 16:13:00,Cliente solicitou nota fiscal com CNPJ,Adaptador HDMI,Acessórios,34.9,João Vitor Assis,São Paulo
V000340,5,14,2,2024-08-05 08:51:00,Endereço de entrega divergente do cadastro,Teclado Mecânico,Eletrônicos,189.9,Nathan Correia,São Paulo
V000341,13,17,4,2024-12-28 09:03:00,Endereço de entrega divergente do cadastro,Hub USB,Acessórios,44.9,Queila Fonseca,Curitiba
V000342,3,4,3,2024-08-30 19:03:00,Cliente solicitou nota fiscal com CNPJ,Caixa de Som Portátil,Eletrônicos,129.9,Daniel Werneck,Florianópolis
V000343,5,18,5,2024-12-10 20:26:00,Cliente solicitou nota fiscal com CNPJ,Teclado Mecânico,Eletrônicos,189.9,Ricardo Junqueira,São Paulo
V000344,13,13,3,2024-09-30 18:41:00,Cliente solicitou nota fiscal com CNPJ,Hub USB,Acessórios,44.9,Marcela Tavares,Curitiba
V000345,9,3,4,2024-10-25 09:56:00,Sem Observação,Película de Vidro,Acessórios,14.9,Cecília Prado,São Paulo
V000346,14,18,3,2024-09-12 19:25:00,Entrega expressa solicitada,Webcam HD,Eletrônicos,119.9,Ricardo Junqueira,São Paulo
V000347,15,14,1,2024-11-06 21:11:00,Cliente pediu embalagem para presente,Microfone de Lapela,Eletrônicos,69.9,Nathan Correia,São Paulo
V000348,4,3,1,2024-11-01 08:15:00,Entrega expressa solicitada,Mouse Gamer,Eletrônicos,99.9,Cecília Prado,São Paulo
V000349,13,6,3,2024-12-14 12:53:00,Endereço de entrega divergente do cadastro,Hub USB,Acessórios,44.9,Fábio Lacerda,São Paulo
V000350,7,18,4,2024-09-03 12:22:00,Sem Observação,Suporte para Celular,Acessórios,19.9,Ricardo Junqueira,São Paulo
V000351,3,7,3,2024-08-01 11:08:00,Sem Observação,Caixa de Som Portátil,Eletrônicos,129.9,Giovana Peixoto,Joinville
V000352,1,3,2,2024-08-07 15:58:00,"Produto com defeito, aguardando troca",Fone Bluetooth,Eletrônicos,89.9,Cecília Prado,São Paulo
V000353,10,2,2,2024-08-21 19:09:00,Sem Observação,Power Bank,Eletrônicos,79.9,Bernardo Salles,Joinville
V000354,15,9,5,2024-08-01 19:02:00,Sem Observação,Microfone de Lapela,Eletrônicos,69.9,Isadora Brandão,Curitiba
V000355,1,20,1,2024-08-28 09:49:00,Compra feita via aplicação promocional,Fone Bluetooth,Eletrônicos,89.9,Tales Bittencourt,Florianópolis
V000356,9,6,4,2024-08-23 10:06:00,Endereço de entrega divergente do cadastro,Película de Vidro,Acessórios,14.9,Fábio Lacerda,São Paulo
V000357,2,19,2,2024-10-21 16:16:00,Compra feita via aplicação promocional,Carregador Turbo,Eletrônicos,49.9,Sônia Aparecida Reis,Joinville
V000358,9,13,3,2024-09-23 17:08:00,Sem Observação,Película de Vidro,Acessórios,14.9,Marcela Tavares,Curitiba
V000359,12,2,4,2024-09-30 16:11:00,Sem Observação,Adaptador HDMI,Acessórios,34.9,Bernardo Salles,Joinville
V000360,4,11,4,2024-10-02 10:24:00,Sem Observação,Mouse Gamer,Eletrônicos,99.9,Kelly Damasceno,Joinville
V000361,11,18,3,2024-10-30 20:08:00,Compra feita via aplicação promocional,Smartwatch,Eletrônicos,249.9,Ricardo Junqueira,São Paulo
V000362,10,20,1,2024-11-27 14:47:00,Cliente pediu embalagem para presente,Power Bank,Eletrônicos,79.9,Tales Bittencourt,Florianópolis
V000363,15,2,4,2024-11-09 21:12:00,Entrega expressa solicitada,Microfone de Lapela,Eletrônicos,69.9,Bernardo Salles,Joinville
V000364,6,12,3,2024-11-12 17:43:00,Cliente solicitou nota fiscal com CNPJ,Cabo USB-C,Eletrônicos,24.9,Leonardo Xavier,Florianópolis
V000365,9,11,2,2024-10-07 22:28:00,Cliente solicitou nota fiscal com CNPJ,Película de Vidro,Acessórios,14.9,Kelly Damasceno,Joinville
V000366,5,10,5,2024-12-17 11:09:00,Sem Observação,Teclado Mecânico,Eletrônicos,189.9,João Vitor Assis,São Paulo
V000367,1,9,4,2024-11-13 18:40:00,Compra feita via aplicação promocional,Fone Bluetooth,Eletrônicos,89.9,Isadora Brandão,Curitiba
V000368,13,7,3,2024-09-06 09:34:00,Entrega expressa solicitada,Hub USB,Acessórios,44.9,Giovana Peixoto,Joinville
V000369,11,19,2,2024-09-15 21:35:00,Sem Observação,Smartwatch,Eletrônicos,249.9,Sônia Aparecida Reis,Joinville
V000370,10,18,2,2024-11-29 21:59:00,Entrega expressa solicitada,Power Bank,Eletrônicos,79.9,Ricardo Junqueira,São Paulo
V000371,5,10,2,2024-09-20 08:58:00,Endereço de entrega divergente do cadastro,Teclado Mecânico,Eletrônicos,189.9,João Vitor Assis,São Paulo
V000372,10,8,2,2024-08-17 20:49:00,Sem Observação,Power Bank,Eletrônicos,79.9,Hugo Mendonça,Florianópolis
V000373,14,6,1,2024-08-08 20:45:00,"Produto com defeito, aguardando troca",Webcam HD,Eletrônicos,119.9,Fábio Lacerda,São Paulo
V000374,1,2,1,2024-12-12 20:16:00,Sem Observação,Fone Bluetooth,Eletrônicos,89.9,Bernardo Salles,Joinville
V000375,10,18,5,2024-09-21 19:51:00,Sem Observação,Power Bank,Eletrônicos,79.9,Ricardo Junqueira,São Paulo
V000376,5,16,2,2024-12-24 19:55:00,Sem Observação,Teclado Mecânico,Eletrônicos,189.9,Pedro Henrique Lopes,Florianópolis
V000377,8,16,4,2024-09-16 22:56:00,Cliente pediu embalagem para presente,Capinha de Celular,Acessórios,29.9,Pedro Henrique Lopes,Florianópolis
V000378,11,17,1,2024-08-21 20:21:00,Sem Observação,Smartwatch,Eletrônicos,249.9,Queila Fonseca,Curitiba
V000379,15,8,5,2024-08-04 21:25:00,Cliente solicitou nota fiscal com CNPJ,Microfone de Lapela,Eletrônicos,69.9,Hugo Mendonça,Florianópolis
V000380,7,13,1,2024-10-17 14:19:00,Entrega expressa solicitada,Suporte para Celular,Acessórios,19.9,Marcela Tavares,Curitiba
V000381,3,6,1,2024-11-25 08:14:00,Compra feita via aplicação promocional,Caixa de Som Portátil,Eletrônicos,129.9,Fábio Lacerda,São Paulo
V000382,2,10,2,2024-08-04 21:56:00,Cliente solicitou nota fiscal com CNPJ,Carregador Turbo,Eletrônicos,49.9,João Vitor Assis,São Paulo
V000383,14,2,2,2024-08-30 16:36:00,Sem Observação,Webcam HD,Eletrônicos,119.9,Bernardo Salles,Joinville
V000384,8,12,2,2024-09-02 18:29:00,Sem Observação,Capinha de Celular,Acessórios,29.9,Leonardo Xavier,Florianópolis
V000385,3,8,4,2024-08-18 11:05:00,Sem Observação,Caixa de Som Portátil,Eletrônicos,129.9,Hugo Mendonça,Florianópolis
V000386,13,8,5,2024-08-16 12:49:00,Sem Observação,Hub USB,Acessórios,44.9,Hugo Mendonça,Florianópolis
V000387,13,17,2,2024-11-16 10:25:00,Sem Observação,Hub USB,Acessórios,44.9,Queila Fonseca,Curitiba
V000388,13,3,3,2024-12-10 17:14:00,Cliente pediu embalagem para presente,Hub USB,Acessórios,44.9,Cecília Prado,São Paulo
V000389,5,5,4,2024-12-07 21:00:00,Sem Observação,Teclado Mecânico,Eletrônicos,189.9,Estela Cunha,Curitiba
V000390,11,14,4,2024-10-10 10:13:00,"Produto com defeito, aguardando troca",Smartwatch,Eletrônicos,249.9,Nathan Correia,São Paulo
V000391,1,2,1,2024-09-11 21:16:00,Sem Observação,Fone Bluetooth,Eletrônicos,89.9,Bernardo Salles,Joinville
V000392,12,10,3,2024-08-20 14:37:00,Sem Observação,Adaptador HDMI,Acessórios,34.9,João Vitor Assis,São Paulo
V000393,6,12,3,2024-08-29 13:22:00,Sem Observação,Cabo USB-C,Eletrônicos,24.9,Leonardo Xavier,Florianópolis
V000394,6,6,4,2024-10-13 14:05:00,Entrega expressa solicitada,Cabo USB-C,Eletrônicos,24.9,Fábio Lacerda,São Paulo
V000396,11,7,4,2024-11-16 20:11:00,Compra feita via aplicação promocional,Smartwatch,Eletrônicos,249.9,Giovana Peixoto,Joinville
V000397,1,3,3,2024-12-21 22:51:00,Compra feita via aplicação promocional,Fone Bluetooth,Eletrônicos,89.9,Cecília Prado,São Paulo
V000398,8,2,3,2024-11-27 21:53:00,"Produto com defeito, aguardando troca",Capinha de Celular,Acessórios,29.9,Bernardo Salles,Joinville
V000399,2,4,2,2024-08-27 16:14:00,Sem Observação,Carregador Turbo,Eletrônicos,49.9,Daniel Werneck,Florianópolis
V000400,9,13,1,2024-09-07 20:25:00,Endereço de entrega divergente do cadastro,Película de Vidro,Acessórios,14.9,Marcela Tavares,Curitiba
V000401,7,2,2,2024-11-07 17:36:00,Sem Observação,Suporte para Celular,Acessórios,19.9,Bernardo Salles,Joinville
V000402,15,11,2,2024-11-18 18:40:00,Endereço de entrega divergente do cadastro,Microfone de Lapela,Eletrônicos,69.9,Kelly Damasceno,Joinville
V000403,9,18,2,2024-08-23 21:53:00,"Produto com defeito, aguardando troca",Película de Vidro,Acessórios,14.9,Ricardo Junqueira,São Paulo
V000404,14,19,4,2024-11-19 21:37:00,Sem Observação,Webcam HD,Eletrônicos,119.9,Sônia Aparecida Reis,Joinville
V000405,15,2,5,2024-09-08 10:11:00,Sem Observação,Microfone de Lapela,Eletrônicos,69.9,Bernardo Salles,Joinville
V000406,2,13,5,2024-09-29 16:02:00,Compra feita via aplicação promocional,Carregador Turbo,Eletrônicos,49.9,Marcela Tavares,Curitiba
V000408,6,10,5,2024-11-16 12:17:00,"Produto com defeito, aguardando troca",Cabo USB-C,Eletrônicos,24.9,João Vitor Assis,São Paulo
V000409,4,20,2,2024-11-26 14:57:00,Sem Observação,Mouse Gamer,Eletrônicos,99.9,Tales Bittencourt,Florianópolis
V000410,10,20,1,2024-11-20 08:11:00,Sem Observação,Power Bank,Eletrônicos,79.9,Tales Bittencourt,Florianópolis
V000411,13,7,4,2024-12-10 18:17:00,"Produto com defeito, aguardando troca",Hub USB,Acessórios,44.9,Giovana Peixoto,Joinville
V000412,5,2,4,2024-11-23 20:14:00,Sem Observação,Teclado Mecânico,Eletrônicos,189.9,Bernardo Salles,Joinville
V000413,2,4,5,2024-09-13 20:50:00,Sem Observação,Carregador Turbo,Eletrônicos,49.9,Daniel Werneck,Florianópolis
V000414,5,7,1,2024-12-04 19:00:00,Sem Observação,Teclado Mecânico,Eletrônicos,189.9,Giovana Peixoto,Joinville
V000415,7,20,5,2024-08-17 10:45:00,Sem Observação,Suporte para Celular,Acessórios,19.9,Tales Bittencourt,Florianópolis
V000416,8,20,5,2024-09-09 19:53:00,Sem Observação,Capinha de Celular,Acessórios,29.9,Tales Bittencourt,Florianópolis
V000417,5,18,3,2024-10-22 19:53:00,"Produto com defeito, aguardando troca",Teclado Mecânico,Eletrônicos,189.9,Ricardo Junqueira,São Paulo
V000418,3,1,5,2024-10-10 16:06:00,Compra feita via aplicação promocional,Caixa de Som Portátil,Eletrônicos,129.9,Alessandra Nogueira,Curitiba
V000420,9,4,2,2024-08-17 20:35:00,Entrega expressa solicitada,Película de Vidro,Acessórios,14.9,Daniel Werneck,Florianópolis
V000421,1,15,5,2024-09-14 16:02:00,Sem Observação,Fone Bluetooth,Eletrônicos,89.9,Olívia Marques,Joinville
V000422,6,7,4,2024-12-03 22:59:00,Compra feita via aplicação promocional,Cabo USB-C,Eletrônicos,24.9,Giovana Peixoto,Joinville
V000423,15,7,3,2024-12-18 09:10:00,Cliente solicitou nota fiscal com CNPJ,Microfone de Lapela,Eletrônicos,69.9,Giovana Peixoto,Joinville
V000424,6,11,1,2024-12-18 12:52:00,Cliente solicitou nota fiscal com CNPJ,Cabo USB-C,Eletrônicos,24.9,Kelly Damasceno,Joinville
V000425,3,8,4,2024-11-03 09:23:00,Sem Observação,Caixa de Som Portátil,Eletrônicos,129.9,Hugo Mendonça,Florianópolis
V000426,1,19,2,2024-10-05 19:58:00,Sem Observação,Fone Bluetooth,Eletrônicos,89.9,Sônia Aparecida Reis,Joinville
V000427,15,20,3,2024-10-15 16:25:00,Endereço de entrega divergente do cadastro,Microfone de Lapela,Eletrônicos,69.9,Tales Bittencourt,Florianópolis
V000428,5,7,5,2024-10-07 12:40:00,Entrega expressa solicitada,Teclado Mecânico,Eletrônicos,189.9,Giovana Peixoto,Joinville
V000429,2,15,4,2024-12-01 19:31:00,"Produto com defeito, aguardando troca",Carregador Turbo,Eletrônicos,49.9,Olívia Marques,Joinville
V000430,9,13,2,2024-10-24 13:07:00,Sem Observação,Película de Vidro,Acessórios,14.9,Marcela Tavares,Curitiba
V000431,8,7,4,2024-12-24 12:07:00,Sem Observação,Capinha de Celular,Acessórios,29.9,Giovana Peixoto,Joinville
V000432,13,14,4,2024-09-15 10:29:00,Compra feita via aplicação promocional,Hub USB,Acessórios,44.9,Nathan Correia,São Paulo
V000433,15,20,3,2024-11-05 17:40:00,Cliente solicitou nota fiscal com CNPJ,Microfone de Lapela,Eletrônicos,69.9,Tales Bittencourt,Florianópolis
V000434,5,1,4,2024-08-19 11:40:00,Cliente solicitou nota fiscal com CNPJ,Teclado Mecânico,Eletrônicos,189.9,Alessandra Nogueira,Curitiba
V000435,9,3,4,2024-09-22 16:35:00,Entrega expressa solicitada,Película de Vidro,Acessórios,14.9,Cecília Prado,São Paulo
V000436,6,11,1,2024-10-15 16:41:00,Sem Observação,Cabo USB-C,Eletrônicos,24.9,Kelly Damasceno,Joinville
V000437,9,13,3,2024-08-28 13:43:00,Sem Observação,Película de Vidro,Acessórios,14.9,Marcela Tavares,Curitiba
V000438,12,16,5,2024-12-11 19:08:00,Sem Observação,Adaptador HDMI,Acessórios,34.9,Pedro Henrique Lopes,Florianópolis
V000439,12,3,3,2024-11-24 17:29:00,Sem Observação,Adaptador HDMI,Acessórios,34.9,Cecília Prado,São Paulo
V000440,3,17,1,2024-10-15 20:24:00,Sem Observação,Caixa de Som Portátil,Eletrônicos,129.9,Queila Fonseca,Curitiba
V000441,15,17,4,2024-12-04 16:16:00,"Produto com defeito, aguardando troca",Microfone de Lapela,Eletrônicos,69.9,Queila Fonseca,Curitiba
V000442,3,5,2,2024-10-15 15:41:00,Compra feita via aplicação promocional,Caixa de Som Portátil,Eletrônicos,129.9,Estela Cunha,Curitiba
V000443,14,12,5,2024-09-23 12:22:00,Sem Observação,Webcam HD,Eletrônicos,119.9,Leonardo Xavier,Florianópolis
V000444,7,17,1,2024-10-29 17:03:00,Sem Observação,Suporte para Celular,Acessórios,19.9,Queila Fonseca,Curitiba
V000445,1,4,3,2024-08-26 14:20:00,"Produto com defeito, aguardando troca",Fone Bluetooth,Eletrônicos,89.9,Daniel Werneck,Florianópolis
V000446,9,7,4,2024-12-01 15:14:00,Entrega expressa solicitada,Película de Vidro,Acessórios,14.9,Giovana Peixoto,Joinville
V000447,6,19,2,2024-12-03 12:13:00,Cliente solicitou nota fiscal com CNPJ,Cabo USB-C,Eletrônicos,24.9,Sônia Aparecida Reis,Joinville
V000448,2,14,5,2024-08-21 14:00:00,Sem Observação,Carregador Turbo,Eletrônicos,49.9,Nathan Correia,São Paulo
V000449,2,13,1,2024-11-24 08:47:00,Sem Observação,Carregador Turbo,Eletrônicos,49.9,Marcela Tavares,Curitiba
V000450,2,15,1,2024-12-10 15:38:00,Sem Observação,Carregador Turbo,Eletrônicos,49.9,Olívia Marques,Joinville
V000451,5,12,3,2024-10-12 13:11:00,Sem Observação,Teclado Mecânico,Eletrônicos,189.9,Leonardo Xavier,Florianópolis
V000452,10,14,1,2024-11-20 11:30:00,Compra feita via aplicação promocional,Power Bank,Eletrônicos,79.9,Nathan Correia,São Paulo
V000453,8,4,2,2024-09-08 08:28:00,Endereço de entrega divergente do cadastro,Capinha de Celular,Acessórios,29.9,Daniel Werneck,Florianópolis
V000454,5,17,2,2024-08-30 10:07:00,Sem Observação,Teclado Mecânico,Eletrônicos,189.9,Queila Fonseca,Curitiba
V000455,1,17,1,2024-12-17 17:00:00,Compra feita via aplicação promocional,Fone Bluetooth,Eletrônicos,89.9,Queila Fonseca,Curitiba
V000456,4,12,1,2024-09-16 08:57:00,Sem Observação,Mouse Gamer,Eletrônicos,99.9,Leonardo Xavier,Florianópolis
V000457,8,12,5,2024-10-15 12:41:00,Compra feita via aplicação promocional,Capinha de Celular,Acessórios,29.9,Leonardo Xavier,Florianópolis
V000458,6,3,1,2024-09-06 09:18:00,Sem Observação,Cabo USB-C,Eletrônicos,24.9,Cecília Prado,São Paulo
V000459,4,19,4,2024-09-09 19:15:00,Endereço de entrega divergente do cadastro,Mouse Gamer,Eletrônicos,99.9,Sônia Aparecida Reis,Joinville
V000460,3,1,2,2024-12-23 15:22:00,Cliente pediu embalagem para presente,Caixa de Som Portátil,Eletrônicos,129.9,Alessandra Nogueira,Curitiba
V000461,4,14,5,2024-12-26 16:12:00,Endereço de entrega divergente do cadastro,Mouse Gamer,Eletrônicos,99.9,Nathan Correia,São Paulo
V000462,8,3,4,2024-11-22 17:52:00,Cliente solicitou nota fiscal com CNPJ,Capinha de Celular,Acessórios,29.9,Cecília Prado,São Paulo
V000463,13,11,4,2024-08-11 10:09:00,Compra feita via aplicação promocional,Hub USB,Acessórios,44.9,Kelly Damasceno,Joinville
V000464,5,8,3,2024-09-29 12:16:00,Sem Observação,Teclado Mecânico,Eletrônicos,189.9,Hugo Mendonça,Florianópolis
V000465,1,8,2,2024-10-28 20:43:00,Sem Observação,Fone Bluetooth,Eletrônicos,89.9,Hugo Mendonça,Florianópolis
V000466,8,15,3,2024-09-09 17:12:00,Sem Observação,Capinha de Celular,Acessórios,29.9,Olívia Marques,Joinville
V000467,5,16,4,2024-08-11 09:34:00,Cliente pediu embalagem para presente,Teclado Mecânico,Eletrônicos,189.9,Pedro Henrique Lopes,Florianópolis
V000468,9,18,5,2024-10-01 16:49:00,Sem Observação,Película de Vidro,Acessórios,14.9,Ricardo Junqueira,São Paulo
V000469,9,12,3,2024-09-06 15:12:00,"Produto com defeito, aguardando troca",Película de Vidro,Acessórios,14.9,Leonardo Xavier,Florianópolis
V000470,11,19,2,2024-12-22 09:03:00,Endereço de entrega divergente do cadastro,Smartwatch,Eletrônicos,249.9,Sônia Aparecida Reis,Joinville
V000471,7,5,2,2024-08-15 12:54:00,Endereço de entrega divergente do cadastro,Suporte para Celular,Acessórios,19.9,Estela Cunha,Curitiba
V000472,6,10,3,2024-12-10 15:10:00,Sem Observação,Cabo USB-C,Eletrônicos,24.9,João Vitor Assis,São Paulo
V000473,2,14,5,2024-10-30 14:20:00,Endereço de entrega divergente do cadastro,Carregador Turbo,Eletrônicos,49.9,Nathan Correia,São Paulo
V000474,2,19,2,2024-10-11 17:33:00,Sem Observação,Carregador Turbo,Eletrônicos,49.9,Sônia Aparecida Reis,Joinville
V000475,3,3,3,2024-08-07 15:38:00,Sem Observação,Caixa de Som Portátil,Eletrônicos,129.9,Cecília Prado,São Paulo
V000476,8,1,1,2024-10-14 08:44:00,Sem Observação,Capinha de Celular,Acessórios,29.9,Alessandra Nogueira,Curitiba
V000478,13,15,2,2024-08-29 14:58:00,Sem Observação,Hub USB,Acessórios,44.9,Olívia Marques,Joinville
V000479,9,1,4,2024-12-20 17:17:00,Entrega expressa solicitada,Película de Vidro,Acessórios,14.9,Alessandra Nogueira,Curitiba
V000480,13,2,1,2024-12-17 18:50:00,Endereço de entrega divergente do cadastro,Hub USB,Acessórios,44.9,Bernardo Salles,Joinville
V000481,5,19,4,2024-08-18 14:19:00,Sem Observação,Teclado Mecânico,Eletrônicos,189.9,Sônia Aparecida Reis,Joinville
V000482,5,15,2,2024-10-15 17:00:00,Cliente pediu embalagem para presente,Teclado Mecânico,Eletrônicos,189.9,Olívia Marques,Joinville
V000483,12,2,5,2024-12-06 21:21:00,Sem Observação,Adaptador HDMI,Acessórios,34.9,Bernardo Salles,Joinville
V000484,15,3,5,2024-08-12 09:40:00,Entrega expressa solicitada,Microfone de Lapela,Eletrônicos,69.9,Cecília Prado,São Paulo
V000485,3,18,2,2024-10-24 10:43:00,Sem Observação,Caixa de Som Portátil,Eletrônicos,129.9,Ricardo Junqueira,São Paulo
V000486,2,7,5,2024-09-29 15:21:00,Compra feita via aplicação promocional,Carregador Turbo,Eletrônicos,49.9,Giovana Peixoto,Joinville
V000487,9,13,5,2024-08-02 09:37:00,Sem Observação,Película de Vidro,Acessórios,14.9,Marcela Tavares,Curitiba
V000488,10,14,2,2024-09-09 22:39:00,Cliente solicitou nota fiscal com CNPJ,Power Bank,Eletrônicos,79.9,Nathan Correia,São Paulo
V000489,12,16,1,2024-10-30 15:03:00,Endereço de entrega divergente do cadastro,Adaptador HDMI,Acessórios,34.9,Pedro Henrique Lopes,Florianópolis
V000490,1,3,5,2024-11-20 15:05:00,Cliente pediu embalagem para presente,Fone Bluetooth,Eletrônicos,89.9,Cecília Prado,São Paulo
V000491,8,18,1,2024-10-11 14:54:00,Cliente solicitou nota fiscal com CNPJ,Capinha de Celular,Acessórios,29.9,Ricardo Junqueira,São Paulo
V000492,1,18,2,2024-11-05 10:30:00,Cliente solicitou nota fiscal com CNPJ,Fone Bluetooth,Eletrônicos,89.9,Ricardo Junqueira,São Paulo
V000493,8,17,2,2024-10-08 22:16:00,"Produto com defeito, aguardando troca",Capinha de Celular,Acessórios,29.9,Queila Fonseca,Curitiba
V000494,4,3,2,2024-11-22 22:55:00,Cliente pediu embalagem para presente,Mouse Gamer,Eletrônicos,99.9,Cecília Prado,São Paulo
V000495,12,2,5,2024-10-31 11:59:00,Sem Observação,Adaptador HDMI,Acessórios,34.9,Bernardo Salles,Joinville
V000496,4,2,5,2024-11-06 18:53:00,Sem Observação,Mouse Gamer,Eletrônicos,99.9,Bernardo Salles,Joinville
V000497,14,12,1,2024-12-28 21:37:00,Cliente solicitou nota fiscal com CNPJ,Webcam HD,Eletrônicos,119.9,Leonardo Xavier,Florianópolis
V000498,12,15,4,2024-12-01 15:17:00,Compra feita via aplicação promocional,Adaptador HDMI,Acessórios,34.9,Olívia Marques,Joinville
V000499,7,6,3,2024-10-17 12:35:00,Compra feita via aplicação promocional,Suporte para Celular,Acessórios,19.9,Fábio Lacerda,São Paulo
V000500,4,13,5,2024-12-23 16:52:00,Sem Observação,Mouse Gamer,Eletrônicos,99.9,Marcela Tavares,Curitiba
V000501,14,8,4,2024-11-01 22:03:00,Sem Observação,Webcam HD,Eletrônicos,119.9,Hugo Mendonça,Florianópolis
V000502,10,7,4,2024-12-11 14:32:00,Sem Observação,Power Bank,Eletrônicos,79.9,Giovana Peixoto,Joinville
V000503,13,4,5,2024-08-22 17:29:00,Cliente solicitou nota fiscal com CNPJ,Hub USB,Acessórios,44.9,Daniel Werneck,Florianópolis
V000504,7,13,1,2024-11-23 13:40:00,Sem Observação,Suporte para Celular,Acessórios,19.9,Marcela Tavares,Curitiba
V000505,4,1,4,2024-12-23 22:51:00,Cliente solicitou nota fiscal com CNPJ,Mouse Gamer,Eletrônicos,99.9,Alessandra Nogueira,Curitiba
V000506,15,8,1,2024-08-21 15:15:00,Sem Observação,Microfone de Lapela,Eletrônicos,69.9,Hugo Mendonça,Florianópolis
V000507,5,18,2,2024-11-07 15:03:00,Sem Observação,Teclado Mecânico,Eletrônicos,189.9,Ricardo Junqueira,São Paulo
V000508,4,9,2,2024-09-28 13:40:00,Sem Observação,Mouse Gamer,Eletrônicos,99.9,Isadora Brandão,Curitiba
V000509,6,5,3,2024-11-02 22:27:00,Sem Observação,Cabo USB-C,Eletrônicos,24.9,Estela Cunha,Curitiba
V000510,2,7,1,2024-11-12 14:36:00,Cliente solicitou nota fiscal com CNPJ,Carregador Turbo,Eletrônicos,49.9,Giovana Peixoto,Joinville
V000511,14,4,1,2024-12-26 10:48:00,Sem Observação,Webcam HD,Eletrônicos,119.9,Daniel Werneck,Florianópolis
V000512,2,6,5,2024-11-12 09:24:00,Sem Observação,Carregador Turbo,Eletrônicos,49.9,Fábio Lacerda,São Paulo
V000513,8,4,3,2024-08-07 11:54:00,Cliente solicitou nota fiscal com CNPJ,Capinha de Celular,Acessórios,29.9,Daniel Werneck,Florianópolis
V000514,14,13,5,2024-09-29 20:41:00,Endereço de entrega divergente do cadastro,Webcam HD,Eletrônicos,119.9,Marcela Tavares,Curitiba
V000515,6,20,4,2024-10-12 19:28:00,Cliente pediu embalagem para presente,Cabo USB-C,Eletrônicos,24.9,Tales Bittencourt,Florianópolis
V000516,5,9,5,2024-11-17 10:38:00,Compra feita via aplicação promocional,Teclado Mecânico,Eletrônicos,189.9,Isadora Brandão,Curitiba
V000517,11,19,1,2024-09-16 10:14:00,Cliente solicitou nota fiscal com CNPJ,Smartwatch,Eletrônicos,249.9,Sônia Aparecida Reis,Joinville
V000518,12,6,1,2024-10-21 18:16:00,Compra feita via aplicação promocional,Adaptador HDMI,Acessórios,34.9,Fábio Lacerda,São Paulo
V000519,6,16,1,2024-10-16 10:04:00,Sem Observação,Cabo USB-C,Eletrônicos,24.9,Pedro Henrique Lopes,Florianópolis
V000520,9,7,4,2024-08-28 12:36:00,Sem Observação,Película de Vidro,Acessórios,14.9,Giovana Peixoto,Joinville
V000521,13,16,1,2024-08-21 19:17:00,Sem Observação,Hub USB,Acessórios,44.9,Pedro Henrique Lopes,Florianópolis
V000522,12,13,2,2024-11-08 15:36:00,Cliente pediu embalagem para presente,Adaptador HDMI,Acessórios,34.9,Marcela Tavares,Curitiba
V000523,12,1,1,2024-10-24 08:33:00,"Produto com defeito, aguardando troca",Adaptador HDMI,Acessórios,34.9,Alessandra Nogueira,Curitiba
V000524,6,15,4,2024-12-17 09:16:00,"Produto com defeito, aguardando troca",Cabo USB-C,Eletrônicos,24.9,Olívia Marques,Joinville
V000525,5,12,2,2024-11-01 22:05:00,Entrega expressa solicitada,Teclado Mecânico,Eletrônicos,189.9,Leonardo Xavier,Florianópolis
V000526,5,5,1,2024-12-17 20:54:00,Sem Observação,Teclado Mecânico,Eletrônicos,189.9,Estela Cunha,Curitiba
V000527,1,13,5,2024-11-04 12:59:00,Cliente solicitou nota fiscal com CNPJ,Fone Bluetooth,Eletrônicos,89.9,Marcela Tavares,Curitiba
V000528,5,1,5,2024-09-05 14:07:00,Endereço de entrega divergente do cadastro,Teclado Mecânico,Eletrônicos,189.9,Alessandra Nogueira,Curitiba
V000529,4,5,5,2024-10-29 16:01:00,Cliente solicitou nota fiscal com CNPJ,Mouse Gamer,Eletrônicos,99.9,Estela Cunha,Curitiba
V000530,7,7,1,2024-11-09 08:10:00,Sem Observação,Suporte para Celular,Acessórios,19.9,Giovana Peixoto,Joinville
V000531,4,17,2,2024-11-17 14:12:00,Endereço de entrega divergente do cadastro,Mouse Gamer,Eletrônicos,99.9,Queila Fonseca,Curitiba
V000532,9,5,1,2024-10-15 12:31:00,Sem Observação,Película de Vidro,Acessórios,14.9,Estela Cunha,Curitiba
V000533,3,6,2,2024-11-23 15:03:00,Sem Observação,Caixa de Som Portátil,Eletrônicos,129.9,Fábio Lacerda,São Paulo
V000534,5,18,3,2024-12-19 11:22:00,Compra feita via aplicação promocional,Teclado Mecânico,Eletrônicos,189.9,Ricardo Junqueira,São Paulo
V000535,14,2,3,2024-09-28 13:33:00,Cliente pediu embalagem para presente,Webcam HD,Eletrônicos,119.9,Bernardo Salles,Joinville
V000536,10,12,2,2024-08-29 20:21:00,Cliente pediu embalagem para presente,Power Bank,Eletrônicos,79.9,Leonardo Xavier,Florianópolis
V000537,12,9,4,2024-09-18 16:50:00,Sem Observação,Adaptador HDMI,Acessórios,34.9,Isadora Brandão,Curitiba
V000538,4,10,4,2024-08-08 09:40:00,Sem Observação,Mouse Gamer,Eletrônicos,99.9,João Vitor Assis,São Paulo
V000539,14,14,1,2024-11-16 08:00:00,"Produto com defeito, aguardando troca",Webcam HD,Eletrônicos,119.9,Nathan Correia,São Paulo
V000540,8,14,2,2024-11-13 17:18:00,Cliente pediu embalagem para presente,Capinha de Celular,Acessórios,29.9,Nathan Correia,São Paulo
V000541,14,1,4,2024-08-24 11:46:00,"Produto com defeito, aguardando troca",Webcam HD,Eletrônicos,119.9,Alessandra Nogueira,Curitiba
V000542,14,7,1,2024-12-04 14:06:00,Compra feita via aplicação promocional,Webcam HD,Eletrônicos,119.9,Giovana Peixoto,Joinville
V000543,5,5,2,2024-08-03 10:37:00,Sem Observação,Teclado Mecânico,Eletrônicos,189.9,Estela Cunha,Curitiba
V000544,8,16,2,2024-12-25 08:42:00,Entrega expressa solicitada,Capinha de Celular,Acessórios,29.9,Pedro Henrique Lopes,Florianópolis
V000545,6,9,3,2024-11-05 20:42:00,Entrega expressa solicitada,Cabo USB-C,Eletrônicos,24.9,Isadora Brandão,Curitiba
V000546,5,10,1,2024-12-06 18:49:00,Cliente solicitou nota fiscal com CNPJ,Teclado Mecânico,Eletrônicos,189.9,João Vitor Assis,São Paulo
V000547,15,15,4,2024-09-12 19:07:00,Sem Observação,Microfone de Lapela,Eletrônicos,69.9,Olívia Marques,Joinville
V000548,13,5,1,2024-08-10 10:51:00,Endereço de entrega divergente do cadastro,Hub USB,Acessórios,44.9,Estela Cunha,Curitiba
V000549,2,4,4,2024-10-30 17:07:00,Cliente pediu embalagem para presente,Carregador Turbo,Eletrônicos,49.9,Daniel Werneck,Florianópolis
V000550,1,18,2,2024-08-08 16:45:00,Sem Observação,Fone Bluetooth,Eletrônicos,89.9,Ricardo Junqueira,São Paulo
V000551,3,7,4,2024-08-30 12:43:00,Compra feita via aplicação promocional,Caixa de Som Portátil,Eletrônicos,129.9,Giovana Peixoto,Joinville
V000552,4,17,2,2024-09-28 21:42:00,Entrega expressa solicitada,Mouse Gamer,Eletrônicos,99.9,Queila Fonseca,Curitiba
V000553,13,5,1,2024-08-18 11:31:00,Sem Observação,Hub USB,Acessórios,44.9,Estela Cunha,Curitiba
V000554,15,6,2,2024-11-03 19:07:00,Cliente pediu embalagem para presente,Microfone de Lapela,Eletrônicos,69.9,Fábio Lacerda,São Paulo
V000555,12,18,5,2024-08-18 22:23:00,Sem Observação,Adaptador HDMI,Acessórios,34.9,Ricardo Junqueira,São Paulo
V000556,1,3,2,2024-09-18 22:26:00,Cliente solicitou nota fiscal com CNPJ,Fone Bluetooth,Eletrônicos,89.9,Cecília Prado,São Paulo
V000557,1,14,1,2024-11-04 09:08:00,Entrega expressa solicitada,Fone Bluetooth,Eletrônicos,89.9,Nathan Correia,São Paulo
V000558,7,13,1,2024-08-28 08:05:00,Entrega expressa solicitada,Suporte para Celular,Acessórios,19.9,Marcela Tavares,Curitiba
V000559,15,8,3,2024-12-13 11:25:00,Endereço de entrega divergente do cadastro,Microfone de Lapela,Eletrônicos,69.9,Hugo Mendonça,Florianópolis
V000560,14,10,3,2024-11-25 12:46:00,Endereço de entrega divergente do cadastro,Webcam HD,Eletrônicos,119.9,João Vitor Assis,São Paulo
V000561,15,18,3,2024-12-08 16:05:00,Endereço de entrega divergente do cadastro,Microfone de Lapela,Eletrônicos,69.9,Ricardo Junqueira,São Paulo
V000563,8,7,2,2024-09-04 13:46:00,Compra feita via aplicação promocional,Capinha de Celular,Acessórios,29.9,Giovana Peixoto,Joinville
V000564,8,13,5,2024-08-20 14:00:00,Sem Observação,Capinha de Celular,Acessórios,29.9,Marcela Tavares,Curitiba
V000565,6,13,4,2024-09-24 17:46:00,Cliente pediu embalagem para presente,Cabo USB-C,Eletrônicos,24.9,Marcela Tavares,Curitiba
V000566,10,15,5,2024-08-31 17:38:00,"Produto com defeito, aguardando troca",Power Bank,Eletrônicos,79.9,Olívia Marques,Joinville
V000567,1,11,5,2024-11-12 13:58:00,Sem Observação,Fone Bluetooth,Eletrônicos,89.9,Kelly Damasceno,Joinville
V000568,13,3,1,2024-08-13 08:31:00,Sem Observação,Hub USB,Acessórios,44.9,Cecília Prado,São Paulo
V000569,5,4,3,2024-11-01 08:11:00,Endereço de entrega divergente do cadastro,Teclado Mecânico,Eletrônicos,189.9,Daniel Werneck,Florianópolis
V000570,4,9,2,2024-12-22 18:23:00,Cliente solicitou nota fiscal com CNPJ,Mouse Gamer,Eletrônicos,99.9,Isadora Brandão,Curitiba
V000571,15,19,3,2024-08-14 17:11:00,Entrega expressa solicitada,Microfone de Lapela,Eletrônicos,69.9,Sônia Aparecida Reis,Joinville
V000572,13,13,1,2024-10-22 21:11:00,Endereço de entrega divergente do cadastro,Hub USB,Acessórios,44.9,Marcela Tavares,Curitiba
V000573,12,8,1,2024-08-15 13:24:00,Sem Observação,Adaptador HDMI,Acessórios,34.9,Hugo Mendonça,Florianópolis
V000574,14,8,2,2024-12-07 14:00:00,Cliente solicitou nota fiscal com CNPJ,Webcam HD,Eletrônicos,119.9,Hugo Mendonça,Florianópolis
V000575,15,8,5,2024-12-20 20:20:00,"Produto com defeito, aguardando troca",Microfone de Lapela,Eletrônicos,69.9,Hugo Mendonça,Florianópolis
V000576,12,10,4,2024-10-07 09:00:00,Sem Observação,Adaptador HDMI,Acessórios,34.9,João Vitor Assis,São Paulo
V000577,5,15,2,2024-11-27 18:31:00,"Produto com defeito, aguardando troca",Teclado Mecânico,Eletrônicos,189.9,Olívia Marques,Joinville
V000578,3,6,4,2024-10-09 10:31:00,Endereço de entrega divergente do cadastro,Caixa de Som Portátil,Eletrônicos,129.9,Fábio Lacerda,São Paulo
V000579,14,17,2,2024-12-06 18:20:00,Sem Observação,Webcam HD,Eletrônicos,119.9,Queila Fonseca,Curitiba
V000580,12,11,1,2024-10-10 09:06:00,Sem Observação,Adaptador HDMI,Acessórios,34.9,Kelly Damasceno,Joinville
V000581,10,17,5,2024-09-06 09:19:00,Sem Observação,Power Bank,Eletrônicos,79.9,Queila Fonseca,Curitiba
V000582,13,8,4,2024-12-08 21:56:00,Sem Observação,Hub USB,Acessórios,44.9,Hugo Mendonça,Florianópolis
V000584,15,19,4,2024-10-05 21:17:00,Cliente pediu embalagem para presente,Microfone de Lapela,Eletrônicos,69.9,Sônia Aparecida Reis,Joinville
V000585,10,13,4,2024-12-01 20:06:00,Entrega expressa solicitada,Power Bank,Eletrônicos,79.9,Marcela Tavares,Curitiba
V000586,5,13,5,2024-08-11 09:15:00,Cliente pediu embalagem para presente,Teclado Mecânico,Eletrônicos,189.9,Marcela Tavares,Curitiba
V000587,6,3,4,2024-11-20 18:07:00,Endereço de entrega divergente do cadastro,Cabo USB-C,Eletrônicos,24.9,Cecília Prado,São Paulo
V000588,9,14,4,2024-08-26 18:12:00,Compra feita via aplicação promocional,Película de Vidro,Acessórios,14.9,Nathan Correia,São Paulo
V000589,4,9,4,2024-08-16 12:58:00,Entrega expressa solicitada,Mouse Gamer,Eletrônicos,99.9,Isadora Brandão,Curitiba
V000591,8,18,3,2024-12-06 16:37:00,Sem Observação,Capinha de Celular,Acessórios,29.9,Ricardo Junqueira,São Paulo
V000592,15,3,2,2024-12-23 21:06:00,Compra feita via aplicação promocional,Microfone de Lapela,Eletrônicos,69.9,Cecília Prado,São Paulo
V000593,11,14,4,2024-10-29 16:13:00,"Produto com defeito, aguardando troca",Smartwatch,Eletrônicos,249.9,Nathan Correia,São Paulo
V000594,15,5,1,2024-11-11 12:14:00,"Produto com defeito, aguardando troca",Microfone de Lapela,Eletrônicos,69.9,Estela Cunha,Curitiba
V000595,14,18,2,2024-09-17 15:50:00,Sem Observação,Webcam HD,Eletrônicos,119.9,Ricardo Junqueira,São Paulo
V000596,10,19,1,2024-09-01 19:04:00,Endereço de entrega divergente do cadastro,Power Bank,Eletrônicos,79.9,Sônia Aparecida Reis,Joinville
V000597,1,2,1,2024-08-22 08:44:00,Compra feita via aplicação promocional,Fone Bluetooth,Eletrônicos,89.9,Bernardo Salles,Joinville
V000598,10,16,4,2024-11-18 18:08:00,Sem Observação,Power Bank,Eletrônicos,79.9,Pedro Henrique Lopes,Florianópolis
V000599,2,10,1,2024-12-25 14:38:00,Sem Observação,Carregador Turbo,Eletrônicos,49.9,João Vitor Assis,São Paulo
V000600,8,13,3,2024-09-04 12:27:00,Endereço de entrega divergente do cadastro,Capinha de Celular,Acessórios,29.9,Marcela Tavares,Curitiba
V000601,8,10,1,2024-12-28 14:40:00,Endereço de entrega divergente do cadastro,Capinha de Celular,Acessórios,29.9,João Vitor Assis,São Paulo
V000602,11,2,2,2024-09-14 11:48:00,Sem Observação,Smartwatch,Eletrônicos,249.9,Bernardo Salles,Joinville
V000603,3,7,1,2024-12-16 17:18:00,Entrega expressa solicitada,Caixa de Som Portátil,Eletrônicos,129.9,Giovana Peixoto,Joinville
V000604,11,13,2,2024-09-10 17:33:00,Cliente pediu embalagem para presente,Smartwatch,Eletrônicos,249.9,Marcela Tavares,Curitiba
V000605,6,13,3,2024-10-27 16:43:00,Compra feita via aplicação promocional,Cabo USB-C,Eletrônicos,24.9,Marcela Tavares,Curitiba
V000606,9,3,1,2024-12-29 12:35:00,Sem Observação,Película de Vidro,Acessórios,14.9,Cecília Prado,São Paulo
V000607,14,16,4,2024-09-08 15:31:00,Sem Observação,Webcam HD,Eletrônicos,119.9,Pedro Henrique Lopes,Florianópolis
V000608,6,6,1,2024-10-21 22:58:00,"Produto com defeito, aguardando troca",Cabo USB-C,Eletrônicos,24.9,Fábio Lacerda,São Paulo
V000609,2,18,3,2024-09-23 12:48:00,Endereço de entrega divergente do cadastro,Carregador Turbo,Eletrônicos,49.9,Ricardo Junqueira,São Paulo
V000610,15,7,3,2024-12-27 18:54:00,Compra feita via aplicação promocional,Microfone de Lapela,Eletrônicos,69.9,Giovana Peixoto,Joinville
V000611,8,14,1,2024-10-21 21:18:00,"Produto com defeito, aguardando troca",Capinha de Celular,Acessórios,29.9,Nathan Correia,São Paulo
V000612,13,6,3,2024-09-03 13:29:00,Entrega expressa solicitada,Hub USB,Acessórios,44.9,Fábio Lacerda,São Paulo
V000613,6,8,3,2024-09-30 21:50:00,Cliente pediu embalagem para presente,Cabo USB-C,Eletrônicos,24.9,Hugo Mendonça,Florianópolis
V000614,11,17,5,2024-12-28 14:05:00,Cliente pediu embalagem para presente,Smartwatch,Eletrônicos,249.9,Queila Fonseca,Curitiba
V000615,3,6,3,2024-11-03 13:34:00,Sem Observação,Caixa de Som Portátil,Eletrônicos,129.9,Fábio Lacerda,São Paulo
V000616,5,19,2,2024-11-03 19:58:00,Sem Observação,Teclado Mecânico,Eletrônicos,189.9,Sônia Aparecida Reis,Joinville
V000617,12,15,4,2024-10-30 09:30:00,Sem Observação,Adaptador HDMI,Acessórios,34.9,Olívia Marques,Joinville
V000618,4,1,4,2024-11-29 19:06:00,Entrega expressa solicitada,Mouse Gamer,Eletrônicos,99.9,Alessandra Nogueira,Curitiba
V000619,1,18,1,2024-11-04 18:37:00,Cliente solicitou nota fiscal com CNPJ,Fone Bluetooth,Eletrônicos,89.9,Ricardo Junqueira,São Paulo
V000620,9,14,3,2024-08-09 12:44:00,Sem Observação,Película de Vidro,Acessórios,14.9,Nathan Correia,São Paulo
V000621,1,6,3,2024-10-08 15:14:00,"Produto com defeito, aguardando troca",Fone Bluetooth,Eletrônicos,89.9,Fábio Lacerda,São Paulo
V000622,10,20,5,2024-09-28 10:08:00,Sem Observação,Power Bank,Eletrônicos,79.9,Tales Bittencourt,Florianópolis
V000623,5,10,5,2024-10-23 14:42:00,Entrega expressa solicitada,Teclado Mecânico,Eletrônicos,189.9,João Vitor Assis,São Paulo
V000624,6,4,4,2024-10-12 14:43:00,Sem Observação,Cabo USB-C,Eletrônicos,24.9,Daniel Werneck,Florianópolis
V000625,5,16,5,2024-11-01 20:19:00,Endereço de entrega divergente do cadastro,Teclado Mecânico,Eletrônicos,189.9,Pedro Henrique Lopes,Florianópolis
V000626,4,6,3,2024-12-25 14:43:00,Sem Observação,Mouse Gamer,Eletrônicos,99.9,Fábio Lacerda,São Paulo
V000627,3,5,2,2024-12-27 16:54:00,Endereço de entrega divergente do cadastro,Caixa de Som Portátil,Eletrônicos,129.9,Estela Cunha,Curitiba
V000628,9,15,5,2024-10-28 16:40:00,Sem Observação,Película de Vidro,Acessórios,14.9,Olívia Marques,Joinville
V000629,7,13,3,2024-09-25 14:05:00,Endereço de entrega divergente do cadastro,Suporte para Celular,Acessórios,19.9,Marcela Tavares,Curitiba
V000630,14,11,3,2024-12-24 20:45:00,Sem Observação,Webcam HD,Eletrônicos,119.9,Kelly Damasceno,Joinville
V000631,14,12,1,2024-12-26 10:39:00,Cliente pediu embalagem para presente,Webcam HD,Eletrônicos,119.9,Leonardo Xavier,Florianópolis
V000632,12,13,1,2024-12-14 17:14:00,Sem Observação,Adaptador HDMI,Acessórios,34.9,Marcela Tavares,Curitiba
V000633,6,6,2,2024-12-19 21:50:00,Sem Observação,Cabo USB-C,Eletrônicos,24.9,Fábio Lacerda,São Paulo
V000634,8,9,5,2024-09-09 18:39:00,Compra feita via aplicação promocional,Capinha de Celular,Acessórios,29.9,Isadora Brandão,Curitiba
V000635,5,6,3,2024-11-04 22:37:00,Endereço de entrega divergente do cadastro,Teclado Mecânico,Eletrônicos,189.9,Fábio Lacerda,São Paulo
V000636,7,16,5,2024-09-14 22:00:00,Sem Observação,Suporte para Celular,Acessórios,19.9,Pedro Henrique Lopes,Florianópolis
V000637,10,20,1,2024-12-19 16:49:00,Sem Observação,Power Bank,Eletrônicos,79.9,Tales Bittencourt,Florianópolis
V000638,4,3,1,2024-09-14 19:48:00,"Produto com defeito, aguardando troca",Mouse Gamer,Eletrônicos,99.9,Cecília Prado,São Paulo
V000639,15,1,5,2024-12-18 09:13:00,Sem Observação,Microfone de Lapela,Eletrônicos,69.9,Alessandra Nogueira,Curitiba
V000640,7,14,5,2024-10-11 21:48:00,"Produto com defeito, aguardando troca",Suporte para Celular,Acessórios,19.9,Nathan Correia,São Paulo
V000641,1,1,4,2024-12-24 19:44:00,Compra feita via aplicação promocional,Fone Bluetooth,Eletrônicos,89.9,Alessandra Nogueira,Curitiba
V000642,15,7,2,2024-08-05 21:29:00,Cliente solicitou nota fiscal com CNPJ,Microfone de Lapela,Eletrônicos,69.9,Giovana Peixoto,Joinville
V000643,12,18,3,2024-10-26 16:23:00,Sem Observação,Adaptador HDMI,Acessórios,34.9,Ricardo Junqueira,São Paulo
V000644,8,15,3,2024-11-12 16:04:00,Sem Observação,Capinha de Celular,Acessórios,29.9,Olívia Marques,Joinville
V000645,11,1,2,2024-12-25 10:03:00,Cliente pediu embalagem para presente,Smartwatch,Eletrônicos,249.9,Alessandra Nogueira,Curitiba
V000646,1,4,1,2024-10-12 20:08:00,Sem Observação,Fone Bluetooth,Eletrônicos,89.9,Daniel Werneck,Florianópolis
V000647,8,20,5,2024-12-02 15:18:00,Sem Observação,Capinha de Celular,Acessórios,29.9,Tales Bittencourt,Florianópolis
V000648,15,12,3,2024-08-01 19:00:00,Compra feita via aplicação promocional,Microfone de Lapela,Eletrônicos,69.9,Leonardo Xavier,Florianópolis
V000649,3,16,5,2024-08-16 19:37:00,Cliente solicitou nota fiscal com CNPJ,Caixa de Som Portátil,Eletrônicos,129.9,Pedro Henrique Lopes,Florianópolis
V000650,9,18,2,2024-11-20 14:39:00,Cliente pediu embalagem para presente,Película de Vidro,Acessórios,14.9,Ricardo Junqueira,São Paulo
V000651,8,8,5,2024-08-30 13:28:00,Sem Observação,Capinha de Celular,Acessórios,29.9,Hugo Mendonça,Florianópolis
V000652,13,7,3,2024-10-11 11:59:00,"Produto com defeito, aguardando troca",Hub USB,Acessórios,44.9,Giovana Peixoto,Joinville
V000653,2,9,3,2024-08-04 17:17:00,Entrega expressa solicitada,Carregador Turbo,Eletrônicos,49.9,Isadora Brandão,Curitiba
V000654,7,5,5,2024-08-21 08:12:00,Compra feita via aplicação promocional,Suporte para Celular,Acessórios,19.9,Estela Cunha,Curitiba
V000655,12,10,1,2024-11-19 16:14:00,"Produto com defeito, aguardando troca",Adaptador HDMI,Acessórios,34.9,João Vitor Assis,São Paulo
V000656,3,9,4,2024-11-25 13:06:00,Cliente pediu embalagem para presente,Caixa de Som Portátil,Eletrônicos,129.9,Isadora Brandão,Curitiba
V000657,15,20,1,2024-09-17 11:53:00,Sem Observação,Microfone de Lapela,Eletrônicos,69.9,Tales Bittencourt,Florianópolis
V000658,15,14,2,2024-08-11 17:54:00,Cliente solicitou nota fiscal com CNPJ,Microfone de Lapela,Eletrônicos,69.9,Nathan Correia,São Paulo
V000659,9,4,4,2024-10-10 09:03:00,Cliente pediu embalagem para presente,Película de Vidro,Acessórios,14.9,Daniel Werneck,Florianópolis
V000660,6,13,5,2024-10-14 22:11:00,"Produto com defeito, aguardando troca",Cabo USB-C,Eletrônicos,24.9,Marcela Tavares,Curitiba
V000661,2,1,1,2024-12-16 18:09:00,Sem Observação,Carregador Turbo,Eletrônicos,49.9,Alessandra Nogueira,Curitiba
V000662,8,12,4,2024-10-01 20:03:00,Cliente pediu embalagem para presente,Capinha de Celular,Acessórios,29.9,Leonardo Xavier,Florianópolis
V000663,1,15,4,2024-09-04 14:42:00,Sem Observação,Fone Bluetooth,Eletrônicos,89.9,Olívia Marques,Joinville
V000664,6,4,1,2024-09-13 22:54:00,Sem Observação,Cabo USB-C,Eletrônicos,24.9,Daniel Werneck,Florianópolis
V000665,11,13,3,2024-12-01 12:54:00,Endereço de entrega divergente do cadastro,Smartwatch,Eletrônicos,249.9,Marcela Tavares,Curitiba
V000666,10,17,3,2024-09-29 22:24:00,Compra feita via aplicação promocional,Power Bank,Eletrônicos,79.9,Queila Fonseca,Curitiba
V000667,7,8,3,2024-10-17 14:15:00,Cliente solicitou nota fiscal com CNPJ,Suporte para Celular,Acessórios,19.9,Hugo Mendonça,Florianópolis
V000668,13,4,1,2024-08-04 13:08:00,Endereço de entrega divergente do cadastro,Hub USB,Acessórios,44.9,Daniel Werneck,Florianópolis
V000669,9,4,5,2024-11-23 17:43:00,Cliente solicitou nota fiscal com CNPJ,Película de Vidro,Acessórios,14.9,Daniel Werneck,Florianópolis
V000671,3,18,4,2024-11-06 08:33:00,Sem Observação,Caixa de Som Portátil,Eletrônicos,129.9,Ricardo Junqueira,São Paulo
V000673,14,5,5,2024-10-06 13:06:00,Compra feita via aplicação promocional,Webcam HD,Eletrônicos,119.9,Estela Cunha,Curitiba
V000675,14,17,1,2024-09-27 21:15:00,Sem Observação,Webcam HD,Eletrônicos,119.9,Queila Fonseca,Curitiba
V000676,8,14,4,2024-12-20 14:43:00,Sem Observação,Capinha de Celular,Acessórios,29.9,Nathan Correia,São Paulo
V000677,14,1,2,2024-12-08 17:57:00,Sem Observação,Webcam HD,Eletrônicos,119.9,Alessandra Nogueira,Curitiba
V000678,1,7,3,2024-11-12 17:34:00,Sem Observação,Fone Bluetooth,Eletrônicos,89.9,Giovana Peixoto,Joinville
V000679,12,18,1,2024-08-26 21:51:00,Sem Observação,Adaptador HDMI,Acessórios,34.9,Ricardo Junqueira,São Paulo
V000680,14,6,5,2024-08-10 09:12:00,Cliente solicitou nota fiscal com CNPJ,Webcam HD,Eletrônicos,119.9,Fábio Lacerda,São Paulo
V000681,1,4,3,2024-11-11 16:32:00,Sem Observação,Fone Bluetooth,Eletrônicos,89.9,Daniel Werneck,Florianópolis
V000682,11,19,1,2024-09-13 08:02:00,Endereço de entrega divergente do cadastro,Smartwatch,Eletrônicos,249.9,Sônia Aparecida Reis,Joinville
V000683,7,4,3,2024-10-14 10:07:00,Entrega expressa solicitada,Suporte para Celular,Acessórios,19.9,Daniel Werneck,Florianópolis
V000684,5,20,2,2024-11-18 17:44:00,Sem Observação,Teclado Mecânico,Eletrônicos,189.9,Tales Bittencourt,Florianópolis
V000685,12,19,2,2024-11-11 13:11:00,"Produto com defeito, aguardando troca",Adaptador HDMI,Acessórios,34.9,Sônia Aparecida Reis,Joinville
V000686,5,15,5,2024-12-04 18:17:00,Cliente pediu embalagem para presente,Teclado Mecânico,Eletrônicos,189.9,Olívia Marques,Joinville
V000687,1,15,3,2024-10-23 11:16:00,Sem Observação,Fone Bluetooth,Eletrônicos,89.9,Olívia Marques,Joinville
V000688,5,11,4,2024-09-22 14:36:00,"Produto com defeito, aguardando troca",Teclado Mecânico,Eletrônicos,189.9,Kelly Damasceno,Joinville
V000689,4,18,3,2024-11-08 20:32:00,Sem Observação,Mouse Gamer,Eletrônicos,99.9,Ricardo Junqueira,São Paulo
V000690,13,6,2,2024-12-24 12:08:00,Sem Observação,Hub USB,Acessórios,44.9,Fábio Lacerda,São Paulo
V000691,8,7,1,2024-08-04 08:51:00,Sem Observação,Capinha de Celular,Acessórios,29.9,Giovana Peixoto,Joinville
V000692,12,4,1,2024-12-28 14:27:00,Sem Observação,Adaptador HDMI,Acessórios,34.9,Daniel Werneck,Florianópolis
V000693,5,6,3,2024-11-23 08:18:00,Cliente pediu embalagem para presente,Teclado Mecânico,Eletrônicos,189.9,Fábio Lacerda,São Paulo
V000694,2,5,2,2024-12-25 09:26:00,Sem Observação,Carregador Turbo,Eletrônicos,49.9,Estela Cunha,Curitiba
V000695,15,15,2,2024-12-03 17:33:00,Entrega expressa solicitada,Microfone de Lapela,Eletrônicos,69.9,Olívia Marques,Joinville
V000696,8,12,1,2024-10-04 18:35:00,Entrega expressa solicitada,Capinha de Celular,Acessórios,29.9,Leonardo Xavier,Florianópolis
V000697,10,9,1,2024-12-21 18:04:00,Sem Observação,Power Bank,Eletrônicos,79.9,Isadora Brandão,Curitiba
V000698,1,7,3,2024-10-29 17:38:00,"Produto com defeito, aguardando troca",Fone Bluetooth,Eletrônicos,89.9,Giovana Peixoto,Joinville
V000699,2,5,3,2024-09-11 18:21:00,Sem Observação,Carregador Turbo,Eletrônicos,49.9,Estela Cunha,Curitiba
V000700,5,10,3,2024-08-12 09:51:00,"Produto com defeito, aguardando troca",Teclado Mecânico,Eletrônicos,189.9,João Vitor Assis,São Paulo
V000701,11,2,1,2024-08-17 11:03:00,Compra feita via aplicação promocional,Smartwatch,Eletrônicos,249.9,Bernardo Salles,Joinville
V000702,15,11,2,2024-08-18 17:12:00,Compra feita via aplicação promocional,Microfone de Lapela,Eletrônicos,69.9,Kelly Damasceno,Joinville
V000703,11,6,2,2024-09-11 17:05:00,"Produto com defeito, aguardando troca",Smartwatch,Eletrônicos,249.9,Fábio Lacerda,São Paulo
V000704,8,19,1,2024-12-09 18:27:00,Sem Observação,Capinha de Celular,Acessórios,29.9,Sônia Aparecida Reis,Joinville
V000705,8,7,1,2024-11-06 16:48:00,Sem Observação,Capinha de Celular,Acessórios,29.9,Giovana Peixoto,Joinville
V000706,15,1,1,2024-12-03 10:25:00,Sem Observação,Microfone de Lapela,Eletrônicos,69.9,Alessandra Nogueira,Curitiba
V000707,3,7,1,2024-08-24 22:06:00,"Produto com defeito, aguardando troca",Caixa de Som Portátil,Eletrônicos,129.9,Giovana Peixoto,Joinville
V000708,10,10,5,2024-09-18 18:28:00,Sem Observação,Power Bank,Eletrônicos,79.9,João Vitor Assis,São Paulo
V000709,13,6,4,2024-09-10 19:52:00,Cliente pediu embalagem para presente,Hub USB,Acessórios,44.9,Fábio Lacerda,São Paulo
V000710,13,16,1,2024-08-25 12:03:00,Sem Observação,Hub USB,Acessórios,44.9,Pedro Henrique Lopes,Florianópolis
V000711,4,15,2,2024-10-09 22:08:00,Endereço de entrega divergente do cadastro,Mouse Gamer,Eletrônicos,99.9,Olívia Marques,Joinville
V000712,15,20,1,2024-08-25 20:40:00,Cliente pediu embalagem para presente,Microfone de Lapela,Eletrônicos,69.9,Tales Bittencourt,Florianópolis
V000713,1,15,5,2024-08-04 13:40:00,Compra feita via aplicação promocional,Fone Bluetooth,Eletrônicos,89.9,Olívia Marques,Joinville
V000714,6,11,1,2024-08-04 22:05:00,Compra feita via aplicação promocional,Cabo USB-C,Eletrônicos,24.9,Kelly Damasceno,Joinville
V000715,15,15,1,2024-09-24 13:47:00,Sem Observação,Microfone de Lapela,Eletrônicos,69.9,Olívia Marques,Joinville
V000716,14,2,2,2024-08-25 09:02:00,Cliente solicitou nota fiscal com CNPJ,Webcam HD,Eletrônicos,119.9,Bernardo Salles,Joinville
V000717,11,13,2,2024-11-10 10:07:00,Cliente pediu embalagem para presente,Smartwatch,Eletrônicos,249.9,Marcela Tavares,Curitiba
V000718,4,16,2,2024-10-08 17:56:00,Sem Observação,Mouse Gamer,Eletrônicos,99.9,Pedro Henrique Lopes,Florianópolis
V000719,10,12,2,2024-09-21 17:07:00,Cliente solicitou nota fiscal com CNPJ,Power Bank,Eletrônicos,79.9,Leonardo Xavier,Florianópolis
V000720,14,2,5,2024-09-18 18:01:00,Sem Observação,Webcam HD,Eletrônicos,119.9,Bernardo Salles,Joinville
V000721,6,8,1,2024-10-29 09:42:00,Cliente pediu embalagem para presente,Cabo USB-C,Eletrônicos,24.9,Hugo Mendonça,Florianópolis
V000722,13,9,2,2024-11-07 16:41:00,"Produto com defeito, aguardando troca",Hub USB,Acessórios,44.9,Isadora Brandão,Curitiba
V000723,9,5,4,2024-11-19 10:07:00,Sem Observação,Película de Vidro,Acessórios,14.9,Estela Cunha,Curitiba
V000725,10,1,2,2024-12-28 11:43:00,Sem Observação,Power Bank,Eletrônicos,79.9,Alessandra Nogueira,Curitiba
V000726,8,8,3,2024-10-10 15:26:00,Endereço de entrega divergente do cadastro,Capinha de Celular,Acessórios,29.9,Hugo Mendonça,Florianópolis
V000727,14,1,4,2024-08-08 08:49:00,Sem Observação,Webcam HD,Eletrônicos,119.9,Alessandra Nogueira,Curitiba
V000728,3,6,5,2024-09-13 10:27:00,Cliente pediu embalagem para presente,Caixa de Som Portátil,Eletrônicos,129.9,Fábio Lacerda,São Paulo
V000729,15,18,1,2024-10-09 15:40:00,Cliente solicitou nota fiscal com CNPJ,Microfone de Lapela,Eletrônicos,69.9,Ricardo Junqueira,São Paulo
V000730,14,6,3,2024-10-10 10:23:00,Endereço de entrega divergente do cadastro,Webcam HD,Eletrônicos,119.9,Fábio Lacerda,São Paulo
V000731,11,7,3,2024-09-06 11:53:00,Entrega expressa solicitada,Smartwatch,Eletrônicos,249.9,Giovana Peixoto,Joinville
V000732,7,17,3,2024-08-03 11:25:00,Entrega expressa solicitada,Suporte para Celular,Acessórios,19.9,Queila Fonseca,Curitiba
V000733,1,4,3,2024-09-22 17:52:00,Sem Observação,Fone Bluetooth,Eletrônicos,89.9,Daniel Werneck,Florianópolis
V000734,15,7,3,2024-09-21 09:05:00,Cliente pediu embalagem para presente,Microfone de Lapela,Eletrônicos,69.9,Giovana Peixoto,Joinville
V000735,2,9,4,2024-12-27 13:48:00,"Produto com defeito, aguardando troca",Carregador Turbo,Eletrônicos,49.9,Isadora Brandão,Curitiba
V000736,3,18,2,2024-10-18 11:46:00,Compra feita via aplicação promocional,Caixa de Som Portátil,Eletrônicos,129.9,Ricardo Junqueira,São Paulo
V000737,1,18,2,2024-12-27 19:26:00,Sem Observação,Fone Bluetooth,Eletrônicos,89.9,Ricardo Junqueira,São Paulo
V000738,15,10,5,2024-08-03 14:25:00,Cliente pediu embalagem para presente,Microfone de Lapela,Eletrônicos,69.9,João Vitor Assis,São Paulo
V000739,8,20,4,2024-09-04 11:47:00,Sem Observação,Capinha de Celular,Acessórios,29.9,Tales Bittencourt,Florianópolis
V000740,3,7,5,2024-10-12 19:49:00,Sem Observação,Caixa de Som Portátil,Eletrônicos,129.9,Giovana Peixoto,Joinville
V000741,7,11,4,2024-10-14 17:26:00,Sem Observação,Suporte para Celular,Acessórios,19.9,Kelly Damasceno,Joinville
V000742,11,2,5,2024-08-11 16:29:00,Sem Observação,Smartwatch,Eletrônicos,249.9,Bernardo Salles,Joinville
V000743,13,5,1,2024-11-16 14:41:00,Cliente solicitou nota fiscal com CNPJ,Hub USB,Acessórios,44.9,Estela Cunha,Curitiba
V000744,1,8,2,2024-10-06 12:05:00,Sem Observação,Fone Bluetooth,Eletrônicos,89.9,Hugo Mendonça,Florianópolis
V000745,14,12,3,2024-08-21 13:05:00,Cliente pediu embalagem para presente,Webcam HD,Eletrônicos,119.9,Leonardo Xavier,Florianópolis
V000746,4,8,5,2024-11-05 13:36:00,Cliente solicitou nota fiscal com CNPJ,Mouse Gamer,Eletrônicos,99.9,Hugo Mendonça,Florianópolis
V000747,8,14,5,2024-09-03 15:52:00,Sem Observação,Capinha de Celular,Acessórios,29.9,Nathan Correia,São Paulo
V000748,7,7,3,2024-10-02 14:02:00,Cliente pediu embalagem para presente,Suporte para Celular,Acessórios,19.9,Giovana Peixoto,Joinville
V000749,9,18,2,2024-11-28 19:21:00,Sem Observação,Película de Vidro,Acessórios,14.9,Ricardo Junqueira,São Paulo
V000750,4,20,5,2024-12-17 15:40:00,Endereço de entrega divergente do cadastro,Mouse Gamer,Eletrônicos,99.9,Tales Bittencourt,Florianópolis
V000751,13,14,1,2024-10-14 19:40:00,Entrega expressa solicitada,Hub USB,Acessórios,44.9,Nathan Correia,São Paulo
V000752,2,16,2,2024-08-26 18:30:00,Sem Observação,Carregador Turbo,Eletrônicos,49.9,Pedro Henrique Lopes,Florianópolis
V000753,8,6,4,2024-11-28 15:15:00,Sem Observação,Capinha de Celular,Acessórios,29.9,Fábio Lacerda,São Paulo
V000754,3,19,1,2024-08-20 12:17:00,Compra feita via aplicação promocional,Caixa de Som Portátil,Eletrônicos,129.9,Sônia Aparecida Reis,Joinville
V000755,9,19,4,2024-11-16 08:45:00,Compra feita via aplicação promocional,Película de Vidro,Acessórios,14.9,Sônia Aparecida Reis,Joinville
V000756,4,17,2,2024-09-11 19:35:00,Sem Observação,Mouse Gamer,Eletrônicos,99.9,Queila Fonseca,Curitiba
V000757,12,6,5,2024-10-26 11:09:00,Sem Observação,Adaptador HDMI,Acessórios,34.9,Fábio Lacerda,São Paulo
V000758,15,18,3,2024-10-29 21:25:00,Cliente solicitou nota fiscal com CNPJ,Microfone de Lapela,Eletrônicos,69.9,Ricardo Junqueira,São Paulo
V000759,11,20,3,2024-12-05 18:43:00,Compra feita via aplicação promocional,Smartwatch,Eletrônicos,249.9,Tales Bittencourt,Florianópolis
V000760,12,8,3,2024-10-03 22:46:00,Compra feita via aplicação promocional,Adaptador HDMI,Acessórios,34.9,Hugo Mendonça,Florianópolis
V000761,5,1,4,2024-10-10 18:59:00,Sem Observação,Teclado Mecânico,Eletrônicos,189.9,Alessandra Nogueira,Curitiba
V000762,8,13,1,2024-10-29 13:55:00,Cliente pediu embalagem para presente,Capinha de Celular,Acessórios,29.9,Marcela Tavares,Curitiba
V000763,11,10,2,2024-08-03 08:31:00,Sem Observação,Smartwatch,Eletrônicos,249.9,João Vitor Assis,São Paulo
V000764,10,18,2,2024-09-03 14:07:00,Sem Observação,Power Bank,Eletrônicos,79.9,Ricardo Junqueira,São Paulo
V000765,9,14,2,2024-09-07 14:37:00,Sem Observação,Película de Vidro,Acessórios,14.9,Nathan Correia,São Paulo
V000766,6,18,2,2024-12-24 10:03:00,Compra feita via aplicação promocional,Cabo USB-C,Eletrônicos,24.9,Ricardo Junqueira,São Paulo
V000767,7,20,2,2024-11-10 11:37:00,Sem Observação,Suporte para Celular,Acessórios,19.9,Tales Bittencourt,Florianópolis
V000768,13,15,1,2024-11-07 15:07:00,Cliente pediu embalagem para presente,Hub USB,Acessórios,44.9,Olívia Marques,Joinville
V000769,9,18,4,2024-10-06 19:20:00,Compra feita via aplicação promocional,Película de Vidro,Acessórios,14.9,Ricardo Junqueira,São Paulo
V000770,7,12,3,2024-11-10 09:22:00,Entrega expressa solicitada,Suporte para Celular,Acessórios,19.9,Leonardo Xavier,Florianópolis
V000771,15,14,4,2024-08-11 09:24:00,Compra feita via aplicação promocional,Microfone de Lapela,Eletrônicos,69.9,Nathan Correia,São Paulo
V000772,6,17,3,2024-08-20 12:13:00,Compra feita via aplicação promocional,Cabo USB-C,Eletrônicos,24.9,Queila Fonseca,Curitiba
V000773,3,19,3,2024-09-11 13:00:00,Cliente pediu embalagem para presente,Caixa de Som Portátil,Eletrônicos,129.9,Sônia Aparecida Reis,Joinville
V000774,1,3,3,2024-08-03 14:56:00,Cliente pediu embalagem para presente,Fone Bluetooth,Eletrônicos,89.9,Cecília Prado,São Paulo
V000775,11,20,3,2024-10-29 09:20:00,Entrega expressa solicitada,Smartwatch,Eletrônicos,249.9,Tales Bittencourt,Florianópolis
V000776,8,19,3,2024-12-27 20:26:00,Sem Observação,Capinha de Celular,Acessórios,29.9,Sônia Aparecida Reis,Joinville
V000777,8,8,4,2024-11-16 13:10:00,Sem Observação,Capinha de Celular,Acessórios,29.9,Hugo Mendonça,Florianópolis
V000778,6,11,1,2024-10-27 14:08:00,Cliente pediu embalagem para presente,Cabo USB-C,Eletrônicos,24.9,Kelly Damasceno,Joinville
V000779,12,10,3,2024-09-12 09:48:00,Compra feita via aplicação promocional,Adaptador HDMI,Acessórios,34.9,João Vitor Assis,São Paulo
V000780,4,8,2,2024-08-03 14:59:00,Sem Observação,Mouse Gamer,Eletrônicos,99.9,Hugo Mendonça,Florianópolis
V000781,12,2,3,2024-08-09 09:17:00,Sem Observação,Adaptador HDMI,Acessórios,34.9,Bernardo Salles,Joinville
V000782,5,11,1,2024-11-19 17:42:00,Entrega expressa solicitada,Teclado Mecânico,Eletrônicos,189.9,Kelly Damasceno,Joinville
V000783,14,4,1,2024-09-21 09:50:00,Entrega expressa solicitada,Webcam HD,Eletrônicos,119.9,Daniel Werneck,Florianópolis
V000784,15,8,2,2024-08-13 12:29:00,Sem Observação,Microfone de Lapela,Eletrônicos,69.9,Hugo Mendonça,Florianópolis
V000785,10,14,4,2024-12-07 16:26:00,Entrega expressa solicitada,Power Bank,Eletrônicos,79.9,Nathan Correia,São Paulo
V000786,5,12,2,2024-09-10 13:42:00,Sem Observação,Teclado Mecânico,Eletrônicos,189.9,Leonardo Xavier,Florianópolis
V000787,11,10,2,2024-09-04 11:08:00,"Produto com defeito, aguardando troca",Smartwatch,Eletrônicos,249.9,João Vitor Assis,São Paulo
V000788,5,9,5,2024-08-14 16:21:00,Sem Observação,Teclado Mecânico,Eletrônicos,189.9,Isadora Brandão,Curitiba
V000789,14,15,5,2024-09-04 11:57:00,Sem Observação,Webcam HD,Eletrônicos,119.9,Olívia Marques,Joinville
V000790,6,19,4,2024-10-14 22:38:00,Sem Observação,Cabo USB-C,Eletrônicos,24.9,Sônia Aparecida Reis,Joinville
V000791,2,8,3,2024-12-22 15:28:00,Compra feita via aplicação promocional,Carregador Turbo,Eletrônicos,49.9,Hugo Mendonça,Florianópolis
V000792,14,11,2,2024-10-05 15:34:00,Cliente solicitou nota fiscal com CNPJ,Webcam HD,Eletrônicos,119.9,Kelly Damasceno,Joinville
V000793,10,16,3,2024-08-09 22:40:00,"Produto com defeito, aguardando troca",Power Bank,Eletrônicos,79.9,Pedro Henrique Lopes,Florianópolis
V000794,13,19,5,2024-12-28 08:10:00,Sem Observação,Hub USB,Acessórios,44.9,Sônia Aparecida Reis,Joinville
V000795,1,14,4,2024-09-10 11:32:00,Sem Observação,Fone Bluetooth,Eletrônicos,89.9,Nathan Correia,São Paulo
V000796,15,13,2,2024-11-25 09:03:00,Sem Observação,Microfone de Lapela,Eletrônicos,69.9,Marcela Tavares,Curitiba
V000797,11,10,4,2024-08-17 08:36:00,Sem Observação,Smartwatch,Eletrônicos,249.9,João Vitor Assis,São Paulo
V000798,7,3,5,2024-08-19 16:22:00,"Produto com defeito, aguardando troca",Suporte para Celular,Acessórios,19.9,Cecília Prado,São Paulo
V000799,7,16,1,2024-09-27 17:35:00,"Produto com defeito, aguardando troca",Suporte para Celular,Acessórios,19.9,Pedro Henrique Lopes,Florianópolis
V000800,11,12,2,2024-08-21 12:14:00,Cliente solicitou nota fiscal com CNPJ,Smartwatch,Eletrônicos,249.9,Leonardo Xavier,Florianópolis
V000801,14,1,2,2024-10-27 09:27:00,Sem Observação,Webcam HD,Eletrônicos,119.9,Alessandra Nogueira,Curitiba
V000802,10,20,3,2024-12-09 15:16:00,Compra feita via aplicação promocional,Power Bank,Eletrônicos,79.9,Tales Bittencourt,Florianópolis
V000803,11,19,3,2024-12-12 20:58:00,Cliente pediu embalagem para presente,Smartwatch,Eletrônicos,249.9,Sônia Aparecida Reis,Joinville
V000804,10,1,3,2024-11-26 13:11:00,Cliente solicitou nota fiscal com CNPJ,Power Bank,Eletrônicos,79.9,Alessandra Nogueira,Curitiba
V000805,6,10,5,2024-08-22 21:41:00,Entrega expressa solicitada,Cabo USB-C,Eletrônicos,24.9,João Vitor Assis,São Paulo
V000806,9,14,1,2024-11-28 20:13:00,Endereço de entrega divergente do cadastro,Película de Vidro,Acessórios,14.9,Nathan Correia,São Paulo
V000807,5,5,4,2024-12-18 11:26:00,Endereço de entrega divergente do cadastro,Teclado Mecânico,Eletrônicos,189.9,Estela Cunha,Curitiba
V000808,7,2,4,2024-11-19 22:52:00,"Produto com defeito, aguardando troca",Suporte para Celular,Acessórios,19.9,Bernardo Salles,Joinville
V000809,12,16,2,2024-10-04 14:15:00,"Produto com defeito, aguardando troca",Adaptador HDMI,Acessórios,34.9,Pedro Henrique Lopes,Florianópolis
V000810,6,18,5,2024-10-16 14:14:00,Sem Observação,Cabo USB-C,Eletrônicos,24.9,Ricardo Junqueira,São Paulo
V000811,10,17,3,2024-12-28 18:24:00,Sem Observação,Power Bank,Eletrônicos,79.9,Queila Fonseca,Curitiba
V000812,7,20,5,2024-08-11 21:44:00,Endereço de entrega divergente do cadastro,Suporte para Celular,Acessórios,19.9,Tales Bittencourt,Florianópolis
V000813,13,14,1,2024-09-25 13:50:00,Sem Observação,Hub USB,Acessórios,44.9,Nathan Correia,São Paulo
V000814,1,12,5,2024-12-27 08:34:00,Compra feita via aplicação promocional,Fone Bluetooth,Eletrônicos,89.9,Leonardo Xavier,Florianópolis
V000815,6,8,5,2024-11-07 13:31:00,Endereço de entrega divergente do cadastro,Cabo USB-C,Eletrônicos,24.9,Hugo Mendonça,Florianópolis
V000816,9,2,4,2024-09-08 13:05:00,Sem Observação,Película de Vidro,Acessórios,14.9,Bernardo Salles,Joinville
V000817,13,20,1,2024-12-24 12:42:00,Sem Observação,Hub USB,Acessórios,44.9,Tales Bittencourt,Florianópolis
V000818,6,18,1,2024-08-02 17:50:00,"Produto com defeito, aguardando troca",Cabo USB-C,Eletrônicos,24.9,Ricardo Junqueira,São Paulo
V000819,15,6,5,2024-11-08 13:45:00,Sem Observação,Microfone de Lapela,Eletrônicos,69.9,Fábio Lacerda,São Paulo
V000820,10,6,3,2024-10-06 14:28:00,Compra feita via aplicação promocional,Power Bank,Eletrônicos,79.9,Fábio Lacerda,São Paulo
V000821,14,19,5,2024-12-27 20:19:00,Sem Observação,Webcam HD,Eletrônicos,119.9,Sônia Aparecida Reis,Joinville
V000822,2,10,5,2024-10-12 16:32:00,Sem Observação,Carregador Turbo,Eletrônicos,49.9,João Vitor Assis,São Paulo
V000823,9,18,2,2024-08-06 19:52:00,Compra feita via aplicação promocional,Película de Vidro,Acessórios,14.9,Ricardo Junqueira,São Paulo
V000824,9,2,2,2024-10-13 20:47:00,Sem Observação,Película de Vidro,Acessórios,14.9,Bernardo Salles,Joinville
V000825,13,19,1,2024-11-07 17:05:00,Sem Observação,Hub USB,Acessórios,44.9,Sônia Aparecida Reis,Joinville
V000826,4,19,1,2024-12-10 19:13:00,Sem Observação,Mouse Gamer,Eletrônicos,99.9,Sônia Aparecida Reis,Joinville
V000827,6,1,5,2024-12-03 08:45:00,Entrega expressa solicitada,Cabo USB-C,Eletrônicos,24.9,Alessandra Nogueira,Curitiba
V000828,6,7,5,2024-11-05 17:25:00,Sem Observação,Cabo USB-C,Eletrônicos,24.9,Giovana Peixoto,Joinville
V000829,12,18,5,2024-09-06 22:14:00,Cliente pediu embalagem para presente,Adaptador HDMI,Acessórios,34.9,Ricardo Junqueira,São Paulo
V000831,5,6,4,2024-09-19 16:16:00,Entrega expressa solicitada,Teclado Mecânico,Eletrônicos,189.9,Fábio Lacerda,São Paulo
V000832,10,2,3,2024-11-18 11:36:00,Cliente solicitou nota fiscal com CNPJ,Power Bank,Eletrônicos,79.9,Bernardo Salles,Joinville
V000833,3,5,1,2024-12-08 20:00:00,Cliente solicitou nota fiscal com CNPJ,Caixa de Som Portátil,Eletrônicos,129.9,Estela Cunha,Curitiba
V000834,3,16,3,2024-08-20 09:51:00,Sem Observação,Caixa de Som Portátil,Eletrônicos,129.9,Pedro Henrique Lopes,Florianópolis
V000835,7,10,4,2024-10-19 13:59:00,Endereço de entrega divergente do cadastro,Suporte para Celular,Acessórios,19.9,João Vitor Assis,São Paulo
V000836,12,9,5,2024-11-09 08:51:00,Sem Observação,Adaptador HDMI,Acessórios,34.9,Isadora Brandão,Curitiba
V000837,14,5,2,2024-10-31 11:13:00,Sem Observação,Webcam HD,Eletrônicos,119.9,Estela Cunha,Curitiba
V000838,15,7,5,2024-08-15 11:59:00,Compra feita via aplicação promocional,Microfone de Lapela,Eletrônicos,69.9,Giovana Peixoto,Joinville
V000839,9,11,2,2024-12-22 09:54:00,Endereço de entrega divergente do cadastro,Película de Vidro,Acessórios,14.9,Kelly Damasceno,Joinville
V000840,15,19,2,2024-08-14 17:56:00,Sem Observação,Microfone de Lapela,Eletrônicos,69.9,Sônia Aparecida Reis,Joinville
V000841,2,2,5,2024-11-08 16:45:00,Sem Observação,Carregador Turbo,Eletrônicos,49.9,Bernardo Salles,Joinville
V000842,15,3,3,2024-08-27 10:08:00,Entrega expressa solicitada,Microfone de Lapela,Eletrônicos,69.9,Cecília Prado,São Paulo
V000843,5,4,4,2024-09-29 09:59:00,Sem Observação,Teclado Mecânico,Eletrônicos,189.9,Daniel Werneck,Florianópolis
V000844,15,10,4,2024-12-04 11:45:00,Sem Observação,Microfone de Lapela,Eletrônicos,69.9,João Vitor Assis,São Paulo
V000845,4,15,1,2024-08-04 10:52:00,Sem Observação,Mouse Gamer,Eletrônicos,99.9,Olívia Marques,Joinville
V000846,13,9,1,2024-08-06 21:41:00,Compra feita via aplicação promocional,Hub USB,Acessórios,44.9,Isadora Brandão,Curitiba
V000847,1,19,5,2024-11-13 18:03:00,Compra feita via aplicação promocional,Fone Bluetooth,Eletrônicos,89.9,Sônia Aparecida Reis,Joinville
V000848,15,4,2,2024-11-08 18:03:00,Sem Observação,Microfone de Lapela,Eletrônicos,69.9,Daniel Werneck,Florianópolis
V000849,4,9,4,2024-08-29 17:06:00,Sem Observação,Mouse Gamer,Eletrônicos,99.9,Isadora Brandão,Curitiba
V000850,4,7,3,2024-11-30 18:01:00,Sem Observação,Mouse Gamer,Eletrônicos,99.9,Giovana Peixoto,Joinville
V000851,8,17,3,2024-11-11 20:53:00,Cliente solicitou nota fiscal com CNPJ,Capinha de Celular,Acessórios,29.9,Queila Fonseca,Curitiba
V000852,2,11,2,2024-10-11 09:37:00,Compra feita via aplicação promocional,Carregador Turbo,Eletrônicos,49.9,Kelly Damasceno,Joinville
V000853,11,12,1,2024-12-16 08:44:00,Entrega expressa solicitada,Smartwatch,Eletrônicos,249.9,Leonardo Xavier,Florianópolis
V000854,3,19,5,2024-11-14 19:56:00,"Produto com defeito, aguardando troca",Caixa de Som Portátil,Eletrônicos,129.9,Sônia Aparecida Reis,Joinville
V000855,12,4,4,2024-09-14 09:36:00,"Produto com defeito, aguardando troca",Adaptador HDMI,Acessórios,34.9,Daniel Werneck,Florianópolis
V000856,5,12,4,2024-12-17 13:08:00,Endereço de entrega divergente do cadastro,Teclado Mecânico,Eletrônicos,189.9,Leonardo Xavier,Florianópolis
V000857,8,7,4,2024-08-22 21:51:00,Cliente solicitou nota fiscal com CNPJ,Capinha de Celular,Acessórios,29.9,Giovana Peixoto,Joinville
V000858,14,8,2,2024-08-24 17:27:00,Entrega expressa solicitada,Webcam HD,Eletrônicos,119.9,Hugo Mendonça,Florianópolis
V000859,11,16,2,2024-08-10 16:59:00,Cliente pediu embalagem para presente,Smartwatch,Eletrônicos,249.9,Pedro Henrique Lopes,Florianópolis
V000860,6,1,5,2024-09-04 20:24:00,Endereço de entrega divergente do cadastro,Cabo USB-C,Eletrônicos,24.9,Alessandra Nogueira,Curitiba
V000861,15,5,4,2024-10-18 12:14:00,Entrega expressa solicitada,Microfone de Lapela,Eletrônicos,69.9,Estela Cunha,Curitiba
V000862,6,4,4,2024-12-09 21:11:00,"Produto com defeito, aguardando troca",Cabo USB-C,Eletrônicos,24.9,Daniel Werneck,Florianópolis
V000863,1,19,1,2024-08-27 18:10:00,Sem Observação,Fone Bluetooth,Eletrônicos,89.9,Sônia Aparecida Reis,Joinville
V000864,5,10,5,2024-08-08 21:22:00,Sem Observação,Teclado Mecânico,Eletrônicos,189.9,João Vitor Assis,São Paulo
V000865,8,7,5,2024-09-06 11:18:00,Sem Observação,Capinha de Celular,Acessórios,29.9,Giovana Peixoto,Joinville
V000866,14,6,5,2024-11-28 21:47:00,Cliente solicitou nota fiscal com CNPJ,Webcam HD,Eletrônicos,119.9,Fábio Lacerda,São Paulo
V000867,15,20,4,2024-10-21 12:41:00,Sem Observação,Microfone de Lapela,Eletrônicos,69.9,Tales Bittencourt,Florianópolis
V000868,9,14,3,2024-12-16 20:22:00,"Produto com defeito, aguardando troca",Película de Vidro,Acessórios,14.9,Nathan Correia,São Paulo
V000869,12,7,5,2024-10-15 13:56:00,Sem Observação,Adaptador HDMI,Acessórios,34.9,Giovana Peixoto,Joinville
V000870,4,2,3,2024-10-06 11:25:00,Entrega expressa solicitada,Mouse Gamer,Eletrônicos,99.9,Bernardo Salles,Joinville
V000871,15,14,5,2024-11-26 12:29:00,Cliente pediu embalagem para presente,Microfone de Lapela,Eletrônicos,69.9,Nathan Correia,São Paulo
V000872,1,1,2,2024-09-23 21:56:00,"Produto com defeito, aguardando troca",Fone Bluetooth,Eletrônicos,89.9,Alessandra Nogueira,Curitiba
V000873,3,18,2,2024-09-24 17:04:00,Sem Observação,Caixa de Som Portátil,Eletrônicos,129.9,Ricardo Junqueira,São Paulo
V000874,10,15,4,2024-08-05 17:19:00,Compra feita via aplicação promocional,Power Bank,Eletrônicos,79.9,Olívia Marques,Joinville
V000875,1,18,5,2024-12-26 14:59:00,Sem Observação,Fone Bluetooth,Eletrônicos,89.9,Ricardo Junqueira,São Paulo
V000876,15,8,2,2024-11-10 11:25:00,Compra feita via aplicação promocional,Microfone de Lapela,Eletrônicos,69.9,Hugo Mendonça,Florianópolis
V000877,10,16,5,2024-09-27 12:29:00,Sem Observação,Power Bank,Eletrônicos,79.9,Pedro Henrique Lopes,Florianópolis
V000878,8,14,4,2024-11-27 15:08:00,Endereço de entrega divergente do cadastro,Capinha de Celular,Acessórios,29.9,Nathan Correia,São Paulo
V000879,15,10,2,2024-12-22 18:32:00,Sem Observação,Microfone de Lapela,Eletrônicos,69.9,João Vitor Assis,São Paulo
V000880,11,16,2,2024-08-15 10:17:00,Cliente solicitou nota fiscal com CNPJ,Smartwatch,Eletrônicos,249.9,Pedro Henrique Lopes,Florianópolis
V000881,2,20,5,2024-12-27 14:15:00,Cliente solicitou nota fiscal com CNPJ,Carregador Turbo,Eletrônicos,49.9,Tales Bittencourt,Florianópolis
V000882,4,3,4,2024-09-23 20:33:00,"Produto com defeito, aguardando troca",Mouse Gamer,Eletrônicos,99.9,Cecília Prado,São Paulo
V000883,12,10,2,2024-08-13 22:39:00,Cliente solicitou nota fiscal com CNPJ,Adaptador HDMI,Acessórios,34.9,João Vitor Assis,São Paulo
V000884,3,7,2,2024-12-09 16:19:00,"Produto com defeito, aguardando troca",Caixa de Som Portátil,Eletrônicos,129.9,Giovana Peixoto,Joinville
V000885,7,13,2,2024-08-11 20:37:00,Cliente solicitou nota fiscal com CNPJ,Suporte para Celular,Acessórios,19.9,Marcela Tavares,Curitiba
V000886,4,2,3,2024-11-06 08:26:00,Sem Observação,Mouse Gamer,Eletrônicos,99.9,Bernardo Salles,Joinville
V000887,7,3,5,2024-11-14 17:24:00,Endereço de entrega divergente do cadastro,Suporte para Celular,Acessórios,19.9,Cecília Prado,São Paulo
V000888,15,18,1,2024-12-21 21:44:00,Sem Observação,Microfone de Lapela,Eletrônicos,69.9,Ricardo Junqueira,São Paulo
V000889,10,14,4,2024-11-09 12:05:00,Sem Observação,Power Bank,Eletrônicos,79.9,Nathan Correia,São Paulo
V000890,6,2,2,2024-11-02 15:59:00,Cliente solicitou nota fiscal com CNPJ,Cabo USB-C,Eletrônicos,24.9,Bernardo Salles,Joinville
V000891,4,11,2,2024-12-18 08:55:00,Sem Observação,Mouse Gamer,Eletrônicos,99.9,Kelly Damasceno,Joinville
V000892,1,19,3,2024-10-15 16:53:00,Compra feita via aplicação promocional,Fone Bluetooth,Eletrônicos,89.9,Sônia Aparecida Reis,Joinville
V000893,12,12,5,2024-11-04 12:46:00,Sem Observação,Adaptador HDMI,Acessórios,34.9,Leonardo Xavier,Florianópolis
V000894,13,9,3,2024-11-10 19:35:00,Compra feita via aplicação promocional,Hub USB,Acessórios,44.9,Isadora Brandão,Curitiba
V000895,3,3,1,2024-11-17 08:45:00,Compra feita via aplicação promocional,Caixa de Som Portátil,Eletrônicos,129.9,Cecília Prado,São Paulo
V000896,11,9,2,2024-09-27 17:48:00,Endereço de entrega divergente do cadastro,Smartwatch,Eletrônicos,249.9,Isadora Brandão,Curitiba
V000897,6,20,5,2024-08-31 19:09:00,Sem Observação,Cabo USB-C,Eletrônicos,24.9,Tales Bittencourt,Florianópolis
V000898,10,11,1,2024-10-25 17:01:00,Cliente pediu embalagem para presente,Power Bank,Eletrônicos,79.9,Kelly Damasceno,Joinville
V000899,8,10,4,2024-09-09 12:10:00,Sem Observação,Capinha de Celular,Acessórios,29.9,João Vitor Assis,São Paulo
V000900,14,17,5,2024-10-30 20:34:00,Cliente solicitou nota fiscal com CNPJ,Webcam HD,Eletrônicos,119.9,Queila Fonseca,Curitiba
V000901,7,13,4,2024-09-16 15:25:00,Entrega expressa solicitada,Suporte para Celular,Acessórios,19.9,Marcela Tavares,Curitiba
V000902,9,8,4,2024-11-08 20:52:00,"Produto com defeito, aguardando troca",Película de Vidro,Acessórios,14.9,Hugo Mendonça,Florianópolis
V000903,15,6,1,2024-09-18 14:14:00,Sem Observação,Microfone de Lapela,Eletrônicos,69.9,Fábio Lacerda,São Paulo
V000904,6,2,1,2024-12-18 21:58:00,Cliente solicitou nota fiscal com CNPJ,Cabo USB-C,Eletrônicos,24.9,Bernardo Salles,Joinville
V000905,3,18,2,2024-11-09 18:20:00,Sem Observação,Caixa de Som Portátil,Eletrônicos,129.9,Ricardo Junqueira,São Paulo
V000906,12,18,5,2024-10-24 17:50:00,Cliente solicitou nota fiscal com CNPJ,Adaptador HDMI,Acessórios,34.9,Ricardo Junqueira,São Paulo
V000907,6,6,1,2024-09-05 14:21:00,Sem Observação,Cabo USB-C,Eletrônicos,24.9,Fábio Lacerda,São Paulo
V000908,2,11,2,2024-11-22 10:29:00,Sem Observação,Carregador Turbo,Eletrônicos,49.9,Kelly Damasceno,Joinville
V000909,14,8,3,2024-12-15 18:42:00,Cliente solicitou nota fiscal com CNPJ,Webcam HD,Eletrônicos,119.9,Hugo Mendonça,Florianópolis
V000910,6,12,1,2024-09-25 10:54:00,Endereço de entrega divergente do cadastro,Cabo USB-C,Eletrônicos,24.9,Leonardo Xavier,Florianópolis
V000911,13,14,5,2024-11-06 20:40:00,Sem Observação,Hub USB,Acessórios,44.9,Nathan Correia,São Paulo
V000912,6,5,3,2024-09-29 15:26:00,Endereço de entrega divergente do cadastro,Cabo USB-C,Eletrônicos,24.9,Estela Cunha,Curitiba
V000913,14,17,5,2024-08-14 08:37:00,Endereço de entrega divergente do cadastro,Webcam HD,Eletrônicos,119.9,Queila Fonseca,Curitiba
V000914,14,5,4,2024-12-18 14:23:00,Sem Observação,Webcam HD,Eletrônicos,119.9,Estela Cunha,Curitiba
V000915,14,6,5,2024-08-11 12:14:00,Cliente solicitou nota fiscal com CNPJ,Webcam HD,Eletrônicos,119.9,Fábio Lacerda,São Paulo
V000916,3,19,4,2024-09-03 08:39:00,Sem Observação,Caixa de Som Portátil,Eletrônicos,129.9,Sônia Aparecida Reis,Joinville
V000917,4,20,3,2024-10-24 13:41:00,"Produto com defeito, aguardando troca",Mouse Gamer,Eletrônicos,99.9,Tales Bittencourt,Florianópolis
V000918,7,14,5,2024-09-09 08:07:00,Cliente solicitou nota fiscal com CNPJ,Suporte para Celular,Acessórios,19.9,Nathan Correia,São Paulo
V000919,1,7,4,2024-08-16 14:32:00,Cliente solicitou nota fiscal com CNPJ,Fone Bluetooth,Eletrônicos,89.9,Giovana Peixoto,Joinville
V000920,1,15,4,2024-11-18 11:56:00,Sem Observação,Fone Bluetooth,Eletrônicos,89.9,Olívia Marques,Joinville
V000921,14,8,4,2024-09-10 20:01:00,Compra feita via aplicação promocional,Webcam HD,Eletrônicos,119.9,Hugo Mendonça,Florianópolis
V000922,15,12,4,2024-12-26 08:03:00,Compra feita via aplicação promocional,Microfone de Lapela,Eletrônicos,69.9,Leonardo Xavier,Florianópolis
V000923,13,15,1,2024-12-09 12:22:00,Sem Observação,Hub USB,Acessórios,44.9,Olívia Marques,Joinville
V000924,1,1,3,2024-11-24 15:07:00,Entrega expressa solicitada,Fone Bluetooth,Eletrônicos,89.9,Alessandra Nogueira,Curitiba
V000925,6,7,4,2024-12-19 17:46:00,Sem Observação,Cabo USB-C,Eletrônicos,24.9,Giovana Peixoto,Joinville
V000926,3,4,4,2024-11-12 19:44:00,Sem Observação,Caixa de Som Portátil,Eletrônicos,129.9,Daniel Werneck,Florianópolis
V000927,6,1,5,2024-11-11 17:48:00,Entrega expressa solicitada,Cabo USB-C,Eletrônicos,24.9,Alessandra Nogueira,Curitiba
V000928,6,14,4,2024-12-01 20:41:00,Endereço de entrega divergente do cadastro,Cabo USB-C,Eletrônicos,24.9,Nathan Correia,São Paulo
V000929,4,16,1,2024-10-13 16:25:00,Entrega expressa solicitada,Mouse Gamer,Eletrônicos,99.9,Pedro Henrique Lopes,Florianópolis
V000930,9,1,5,2024-10-02 09:39:00,Sem Observação,Película de Vidro,Acessórios,14.9,Alessandra Nogueira,Curitiba
V000931,12,14,4,2024-12-29 17:02:00,Sem Observação,Adaptador HDMI,Acessórios,34.9,Nathan Correia,São Paulo
V000932,5,8,1,2024-12-18 11:15:00,Endereço de entrega divergente do cadastro,Teclado Mecânico,Eletrônicos,189.9,Hugo Mendonça,Florianópolis
V000933,1,6,5,2024-12-22 18:42:00,Sem Observação,Fone Bluetooth,Eletrônicos,89.9,Fábio Lacerda,São Paulo
V000934,8,10,3,2024-08-11 15:47:00,Cliente solicitou nota fiscal com CNPJ,Capinha de Celular,Acessórios,29.9,João Vitor Assis,São Paulo
V000935,10,5,4,2024-10-31 19:23:00,Sem Observação,Power Bank,Eletrônicos,79.9,Estela Cunha,Curitiba
V000936,14,13,4,2024-10-15 22:18:00,Cliente pediu embalagem para presente,Webcam HD,Eletrônicos,119.9,Marcela Tavares,Curitiba
V000937,7,5,4,2024-11-03 08:06:00,Cliente pediu embalagem para presente,Suporte para Celular,Acessórios,19.9,Estela Cunha,Curitiba
V000938,8,4,5,2024-08-28 10:16:00,Compra feita via aplicação promocional,Capinha de Celular,Acessórios,29.9,Daniel Werneck,Florianópolis
V000939,10,14,2,2024-10-02 16:33:00,Sem Observação,Power Bank,Eletrônicos,79.9,Nathan Correia,São Paulo
V000940,15,6,1,2024-08-03 20:07:00,Sem Observação,Microfone de Lapela,Eletrônicos,69.9,Fábio Lacerda,São Paulo
V000941,9,20,3,2024-12-26 22:05:00,Cliente solicitou nota fiscal com CNPJ,Película de Vidro,Acessórios,14.9,Tales Bittencourt,Florianópolis
V000942,10,9,1,2024-10-18 12:28:00,Cliente solicitou nota fiscal com CNPJ,Power Bank,Eletrônicos,79.9,Isadora Brandão,Curitiba
V000943,2,16,5,2024-08-27 08:50:00,Cliente solicitou nota fiscal com CNPJ,Carregador Turbo,Eletrônicos,49.9,Pedro Henrique Lopes,Florianópolis
V000944,8,13,2,2024-08-07 13:17:00,Compra feita via aplicação promocional,Capinha de Celular,Acessórios,29.9,Marcela Tavares,Curitiba
V000945,14,14,2,2024-11-20 12:16:00,Sem Observação,Webcam HD,Eletrônicos,119.9,Nathan Correia,São Paulo
V000946,10,9,3,2024-11-17 10:52:00,Compra feita via aplicação promocional,Power Bank,Eletrônicos,79.9,Isadora Brandão,Curitiba
V000947,13,20,5,2024-11-24 08:38:00,Cliente pediu embalagem para presente,Hub USB,Acessórios,44.9,Tales Bittencourt,Florianópolis
V000948,8,9,4,2024-10-17 15:27:00,Compra feita via aplicação promocional,Capinha de Celular,Acessórios,29.9,Isadora Brandão,Curitiba
V000949,3,6,2,2024-12-13 22:12:00,Sem Observação,Caixa de Som Portátil,Eletrônicos,129.9,Fábio Lacerda,São Paulo
V000950,14,10,2,2024-12-10 21:59:00,Sem Observação,Webcam HD,Eletrônicos,119.9,João Vitor Assis,São Paulo
V000951,2,17,2,2024-11-02 18:28:00,Compra feita via aplicação promocional,Carregador Turbo,Eletrônicos,49.9,Queila Fonseca,Curitiba
V000952,13,20,3,2024-12-04 17:38:00,Sem Observação,Hub USB,Acessórios,44.9,Tales Bittencourt,Florianópolis
V000953,1,1,3,2024-11-04 22:27:00,Sem Observação,Fone Bluetooth,Eletrônicos,89.9,Alessandra Nogueira,Curitiba
V000954,7,1,1,2024-10-04 11:41:00,Cliente solicitou nota fiscal com CNPJ,Suporte para Celular,Acessórios,19.9,Alessandra Nogueira,Curitiba
V000955,15,6,2,2024-12-06 14:35:00,Compra feita via aplicação promocional,Microfone de Lapela,Eletrônicos,69.9,Fábio Lacerda,São Paulo
V000956,11,4,4,2024-09-25 12:21:00,Sem Observação,Smartwatch,Eletrônicos,249.9,Daniel Werneck,Florianópolis
V000957,3,11,3,2024-09-13 14:56:00,Entrega expressa solicitada,Caixa de Som Portátil,Eletrônicos,129.9,Kelly Damasceno,Joinville
V000958,14,11,4,2024-10-01 20:18:00,"Produto com defeito, aguardando troca",Webcam HD,Eletrônicos,119.9,Kelly Damasceno,Joinville
V000959,9,8,1,2024-11-08 08:13:00,Sem Observação,Película de Vidro,Acessórios,14.9,Hugo Mendonça,Florianópolis
V000960,11,16,3,2024-11-10 13:34:00,Cliente solicitou nota fiscal com CNPJ,Smartwatch,Eletrônicos,249.9,Pedro Henrique Lopes,Florianópolis
V000961,14,1,4,2024-08-13 22:41:00,Cliente solicitou nota fiscal com CNPJ,Webcam HD,Eletrônicos,119.9,Alessandra Nogueira,Curitiba
V000962,2,1,1,2024-08-10 09:42:00,Entrega expressa solicitada,Carregador Turbo,Eletrônicos,49.9,Alessandra Nogueira,Curitiba
V000963,14,8,2,2024-12-27 13:30:00,Endereço de entrega divergente do cadastro,Webcam HD,Eletrônicos,119.9,Hugo Mendonça,Florianópolis
V000964,12,7,4,2024-08-09 22:01:00,Cliente solicitou nota fiscal com CNPJ,Adaptador HDMI,Acessórios,34.9,Giovana Peixoto,Joinville
V000965,10,5,5,2024-10-19 13:30:00,Entrega expressa solicitada,Power Bank,Eletrônicos,79.9,Estela Cunha,Curitiba
V000966,5,20,3,2024-08-15 12:11:00,Sem Observação,Teclado Mecânico,Eletrônicos,189.9,Tales Bittencourt,Florianópolis
V000967,6,16,2,2024-11-04 11:41:00,Compra feita via aplicação promocional,Cabo USB-C,Eletrônicos,24.9,Pedro Henrique Lopes,Florianópolis
V000968,14,20,3,2024-09-14 16:57:00,Sem Observação,Webcam HD,Eletrônicos,119.9,Tales Bittencourt,Florianópolis
V000969,13,19,3,2024-12-04 08:14:00,Compra feita via aplicação promocional,Hub USB,Acessórios,44.9,Sônia Aparecida Reis,Joinville
V000970,15,8,3,2024-12-19 18:56:00,Compra feita via aplicação promocional,Microfone de Lapela,Eletrônicos,69.9,Hugo Mendonça,Florianópolis
V000971,2,19,2,2024-08-04 22:59:00,Sem Observação,Carregador Turbo,Eletrônicos,49.9,Sônia Aparecida Reis,Joinville
V000972,2,18,4,2024-09-30 17:15:00,Cliente pediu embalagem para presente,Carregador Turbo,Eletrônicos,49.9,Ricardo Junqueira,São Paulo
V000973,5,11,5,2024-11-18 14:26:00,Sem Observação,Teclado Mecânico,Eletrônicos,189.9,Kelly Damasceno,Joinville
V000974,4,7,4,2024-11-16 13:54:00,Cliente solicitou nota fiscal com CNPJ,Mouse Gamer,Eletrônicos,99.9,Giovana Peixoto,Joinville
V000975,15,16,1,2024-12-09 12:34:00,Sem Observação,Microfone de Lapela,Eletrônicos,69.9,Pedro Henrique Lopes,Florianópolis
V000976,3,16,2,2024-09-26 08:12:00,Sem Observação,Caixa de Som Portátil,Eletrônicos,129.9,Pedro Henrique Lopes,Florianópolis
V000977,8,1,3,2024-09-02 10:40:00,"Produto com defeito, aguardando troca",Capinha de Celular,Acessórios,29.9,Alessandra Nogueira,Curitiba
V000978,4,9,4,2024-12-18 22:37:00,Sem Observação,Mouse Gamer,Eletrônicos,99.9,Isadora Brandão,Curitiba
V000979,11,8,1,2024-12-23 09:42:00,Sem Observação,Smartwatch,Eletrônicos,249.9,Hugo Mendonça,Florianópolis
V000980,15,10,4,2024-08-14 13:09:00,Sem Observação,Microfone de Lapela,Eletrônicos,69.9,João Vitor Assis,São Paulo
V000981,4,18,4,2024-11-03 21:16:00,Cliente solicitou nota fiscal com CNPJ,Mouse Gamer,Eletrônicos,99.9,Ricardo Junqueira,São Paulo
V000982,11,15,4,2024-12-20 13:39:00,Sem Observação,Smartwatch,Eletrônicos,249.9,Olívia Marques,Joinville
V000983,4,20,4,2024-12-28 15:34:00,Sem Observação,Mouse Gamer,Eletrônicos,99.9,Tales Bittencourt,Florianópolis
V000984,10,7,3,2024-12-07 16:13:00,Sem Observação,Power Bank,Eletrônicos,79.9,Giovana Peixoto,Joinville
V000985,9,1,3,2024-09-19 18:49:00,Sem Observação,Película de Vidro,Acessórios,14.9,Alessandra Nogueira,Curitiba
V000986,1,20,4,2024-11-17 12:35:00,Cliente solicitou nota fiscal com CNPJ,Fone Bluetooth,Eletrônicos,89.9,Tales Bittencourt,Florianópolis
V000987,9,2,4,2024-12-20 09:29:00,Entrega expressa solicitada,Película de Vidro,Acessórios,14.9,Bernardo Salles,Joinville
V000988,10,1,5,2024-08-17 10:57:00,Cliente solicitou nota fiscal com CNPJ,Power Bank,Eletrônicos,79.9,Alessandra Nogueira,Curitiba
V000989,8,6,5,2024-12-11 10:54:00,Endereço de entrega divergente do cadastro,Capinha de Celular,Acessórios,29.9,Fábio Lacerda,São Paulo
V000990,14,15,4,2024-08-03 17:40:00,Cliente pediu embalagem para presente,Webcam HD,Eletrônicos,119.9,Olívia Marques,Joinville
V000991,14,10,4,2024-11-27 22:36:00,Sem Observação,Webcam HD,Eletrônicos,119.9,João Vitor Assis,São Paulo
V000992,13,8,2,2024-10-26 09:46:00,Compra feita via aplicação promocional,Hub USB,Acessórios,44.9,Hugo Mendonça,Florianópolis
V000993,2,6,2,2024-12-12 22:36:00,Sem Observação,Carregador Turbo,Eletrônicos,49.9,Fábio Lacerda,São Paulo
V000994,5,1,2,2024-11-21 13:56:00,Entrega expressa solicitada,Teclado Mecânico,Eletrônicos,189.9,Alessandra Nogueira,Curitiba
V000995,15,17,4,2024-11-21 20:38:00,Compra feita via aplicação promocional,Microfone de Lapela,Eletrônicos,69.9,Queila Fonseca,Curitiba
V000996,7,12,1,2024-10-10 14:04:00,Endereço de entrega divergente do cadastro,Suporte para Celular,Acessórios,19.9,Leonardo Xavier,Florianópolis
V000997,9,18,2,2024-11-22 08:33:00,"Produto com defeito, aguardando troca",Película de Vidro,Acessórios,14.9,Ricardo Junqueira,São Paulo
V000998,9,4,1,2024-08-10 16:37:00,"Produto com defeito, aguardando troca",Película de Vidro,Acessórios,14.9,Daniel Werneck,Florianópolis
V000999,7,14,5,2024-10-08 21:36:00,Sem Observação,Suporte para Celular,Acessórios,19.9,Nathan Correia,São Paulo
V001000,4,3,1,2024-10-12 22:47:00,Sem Observação,Mouse Gamer,Eletrônicos,99.9,Cecília Prado,São Paulo
V001001,13,2,4,2024-10-19 16:59:00,Endereço de entrega divergente do cadastro,Hub USB,Acessórios,44.9,Bernardo Salles,Joinville
V001002,12,5,2,2024-10-01 11:00:00,Sem Observação,Adaptador HDMI,Acessórios,34.9,Estela Cunha,Curitiba
V001003,7,7,3,2024-12-02 14:39:00,Sem Observação,Suporte para Celular,Acessórios,19.9,Giovana Peixoto,Joinville
V001004,1,17,3,2024-10-21 12:43:00,"Produto com defeito, aguardando troca",Fone Bluetooth,Eletrônicos,89.9,Queila Fonseca,Curitiba
V001005,7,12,5,2024-08-01 14:37:00,Cliente pediu embalagem para presente,Suporte para Celular,Acessórios,19.9,Leonardo Xavier,Florianópolis
V001006,7,14,4,2024-09-14 11:27:00,Sem Observação,Suporte para Celular,Acessórios,19.9,Nathan Correia,São Paulo
V001007,7,12,2,2024-08-01 18:26:00,Sem Observação,Suporte para Celular,Acessórios,19.9,Leonardo Xavier,Florianópolis
V001008,3,15,2,2024-10-22 21:29:00,"Produto com defeito, aguardando troca",Caixa de Som Portátil,Eletrônicos,129.9,Olívia Marques,Joinville
V001009,2,6,4,2024-09-11 18:29:00,Sem Observação,Carregador Turbo,Eletrônicos,49.9,Fábio Lacerda,São Paulo
V001010,14,2,5,2024-09-26 10:43:00,Sem Observação,Webcam HD,Eletrônicos,119.9,Bernardo Salles,Joinville
V001011,9,19,4,2024-12-16 09:07:00,Sem Observação,Película de Vidro,Acessórios,14.9,Sônia Aparecida Reis,Joinville
V001012,12,7,1,2024-09-16 19:40:00,"Produto com defeito, aguardando troca",Adaptador HDMI,Acessórios,34.9,Giovana Peixoto,Joinville
V001013,15,11,2,2024-11-21 14:21:00,Sem Observação,Microfone de Lapela,Eletrônicos,69.9,Kelly Damasceno,Joinville
V001014,5,11,3,2024-09-27 12:54:00,Cliente pediu embalagem para presente,Teclado Mecânico,Eletrônicos,189.9,Kelly Damasceno,Joinville
V001015,15,17,2,2024-12-04 13:42:00,Cliente pediu embalagem para presente,Microfone de Lapela,Eletrônicos,69.9,Queila Fonseca,Curitiba
V001016,15,16,4,2024-08-29 08:36:00,Cliente pediu embalagem para presente,Microfone de Lapela,Eletrônicos,69.9,Pedro Henrique Lopes,Florianópolis
V001017,5,8,3,2024-10-22 14:53:00,Endereço de entrega divergente do cadastro,Teclado Mecânico,Eletrônicos,189.9,Hugo Mendonça,Florianópolis
V001018,10,19,3,2024-10-24 11:18:00,Endereço de entrega divergente do cadastro,Power Bank,Eletrônicos,79.9,Sônia Aparecida Reis,Joinville
V001019,11,8,4,2024-09-01 11:01:00,Cliente pediu embalagem para presente,Smartwatch,Eletrônicos,249.9,Hugo Mendonça,Florianópolis
V001020,9,14,5,2024-09-07 19:23:00,Cliente solicitou nota fiscal com CNPJ,Película de Vidro,Acessórios,14.9,Nathan Correia,São Paulo
V001021,8,17,1,2024-09-30 20:24:00,Sem Observação,Capinha de Celular,Acessórios,29.9,Queila Fonseca,Curitiba
V001022,8,13,2,2024-10-04 13:51:00,Sem Observação,Capinha de Celular,Acessórios,29.9,Marcela Tavares,Curitiba
V001023,13,18,3,2024-11-10 10:28:00,Sem Observação,Hub USB,Acessórios,44.9,Ricardo Junqueira,São Paulo
V001024,3,18,5,2024-08-10 19:00:00,Endereço de entrega divergente do cadastro,Caixa de Som Portátil,Eletrônicos,129.9,Ricardo Junqueira,São Paulo
V001025,11,13,1,2024-09-20 08:14:00,Sem Observação,Smartwatch,Eletrônicos,249.9,Marcela Tavares,Curitiba
V001026,9,18,1,2024-10-28 21:25:00,Sem Observação,Película de Vidro,Acessórios,14.9,Ricardo Junqueira,São Paulo
V001027,7,16,1,2024-08-06 09:18:00,Cliente pediu embalagem para presente,Suporte para Celular,Acessórios,19.9,Pedro Henrique Lopes,Florianópolis
V001028,12,17,2,2024-08-03 19:17:00,Cliente solicitou nota fiscal com CNPJ,Adaptador HDMI,Acessórios,34.9,Queila Fonseca,Curitiba
V001029,5,4,2,2024-12-27 19:23:00,Sem Observação,Teclado Mecânico,Eletrônicos,189.9,Daniel Werneck,Florianópolis
V001030,6,10,3,2024-11-21 09:30:00,Sem Observação,Cabo USB-C,Eletrônicos,24.9,João Vitor Assis,São Paulo
V001031,1,18,3,2024-10-01 08:43:00,Endereço de entrega divergente do cadastro,Fone Bluetooth,Eletrônicos,89.9,Ricardo Junqueira,São Paulo
V001032,3,14,5,2024-12-13 22:46:00,Cliente solicitou nota fiscal com CNPJ,Caixa de Som Portátil,Eletrônicos,129.9,Nathan Correia,São Paulo
V001033,10,15,5,2024-08-19 22:23:00,"Produto com defeito, aguardando troca",Power Bank,Eletrônicos,79.9,Olívia Marques,Joinville
V001034,1,14,2,2024-11-23 12:28:00,Sem Observação,Fone Bluetooth,Eletrônicos,89.9,Nathan Correia,São Paulo
V001035,15,6,3,2024-12-07 12:43:00,Compra feita via aplicação promocional,Microfone de Lapela,Eletrônicos,69.9,Fábio Lacerda,São Paulo
V001036,15,15,3,2024-12-29 20:14:00,Cliente pediu embalagem para presente,Microfone de Lapela,Eletrônicos,69.9,Olívia Marques,Joinville
V001037,4,3,3,2024-11-02 08:09:00,Entrega expressa solicitada,Mouse Gamer,Eletrônicos,99.9,Cecília Prado,São Paulo
V001038,5,18,4,2024-09-12 19:00:00,Sem Observação,Teclado Mecânico,Eletrônicos,189.9,Ricardo Junqueira,São Paulo
V001039,3,18,2,2024-11-26 16:23:00,Endereço de entrega divergente do cadastro,Caixa de Som Portátil,Eletrônicos,129.9,Ricardo Junqueira,São Paulo
V001040,5,19,4,2024-12-03 17:27:00,Sem Observação,Teclado Mecânico,Eletrônicos,189.9,Sônia Aparecida Reis,Joinville
V001041,11,14,1,2024-08-15 11:51:00,"Produto com defeito, aguardando troca",Smartwatch,Eletrônicos,249.9,Nathan Correia,São Paulo
V001042,8,7,2,2024-09-19 15:13:00,Sem Observação,Capinha de Celular,Acessórios,29.9,Giovana Peixoto,Joinville
V001043,2,6,3,2024-08-05 13:10:00,Sem Observação,Carregador Turbo,Eletrônicos,49.9,Fábio Lacerda,São Paulo
V001044,1,7,4,2024-10-07 14:27:00,Compra feita via aplicação promocional,Fone Bluetooth,Eletrônicos,89.9,Giovana Peixoto,Joinville
V001045,14,7,1,2024-12-04 14:40:00,Sem Observação,Webcam HD,Eletrônicos,119.9,Giovana Peixoto,Joinville
V001046,8,8,4,2024-09-28 09:28:00,Sem Observação,Capinha de Celular,Acessórios,29.9,Hugo Mendonça,Florianópolis
V001047,5,19,2,2024-11-10 20:42:00,Entrega expressa solicitada,Teclado Mecânico,Eletrônicos,189.9,Sônia Aparecida Reis,Joinville
V001048,4,4,5,2024-12-01 15:46:00,"Produto com defeito, aguardando troca",Mouse Gamer,Eletrônicos,99.9,Daniel Werneck,Florianópolis
V001049,7,1,1,2024-12-04 21:30:00,Cliente solicitou nota fiscal com CNPJ,Suporte para Celular,Acessórios,19.9,Alessandra Nogueira,Curitiba
V001050,1,9,1,2024-12-06 10:50:00,Sem Observação,Fone Bluetooth,Eletrônicos,89.9,Isadora Brandão,Curitiba
V001051,13,15,5,2024-10-19 21:45:00,Cliente pediu embalagem para presente,Hub USB,Acessórios,44.9,Olívia Marques,Joinville
V001052,3,16,4,2024-09-08 21:32:00,"Produto com defeito, aguardando troca",Caixa de Som Portátil,Eletrônicos,129.9,Pedro Henrique Lopes,Florianópolis
V001053,12,16,3,2024-12-11 12:35:00,Sem Observação,Adaptador HDMI,Acessórios,34.9,Pedro Henrique Lopes,Florianópolis
V001054,3,15,2,2024-11-19 15:11:00,Cliente solicitou nota fiscal com CNPJ,Caixa de Som Portátil,Eletrônicos,129.9,Olívia Marques,Joinville
V001056,3,19,4,2024-10-12 10:34:00,Cliente solicitou nota fiscal com CNPJ,Caixa de Som Portátil,Eletrônicos,129.9,Sônia Aparecida Reis,Joinville
V001057,3,5,3,2024-10-20 14:47:00,Cliente pediu embalagem para presente,Caixa de Som Portátil,Eletrônicos,129.9,Estela Cunha,Curitiba
V001058,12,2,5,2024-09-10 22:24:00,Endereço de entrega divergente do cadastro,Adaptador HDMI,Acessórios,34.9,Bernardo Salles,Joinville
V001059,6,1,4,2024-09-25 10:41:00,Compra feita via aplicação promocional,Cabo USB-C,Eletrônicos,24.9,Alessandra Nogueira,Curitiba
V001060,6,14,4,2024-09-06 16:13:00,Cliente pediu embalagem para presente,Cabo USB-C,Eletrônicos,24.9,Nathan Correia,São Paulo
V001061,10,19,4,2024-10-07 08:48:00,Sem Observação,Power Bank,Eletrônicos,79.9,Sônia Aparecida Reis,Joinville
V001062,11,10,1,2024-10-14 17:41:00,Sem Observação,Smartwatch,Eletrônicos,249.9,João Vitor Assis,São Paulo
V001063,2,8,5,2024-11-30 17:53:00,Endereço de entrega divergente do cadastro,Carregador Turbo,Eletrônicos,49.9,Hugo Mendonça,Florianópolis
V001064,12,19,2,2024-11-12 16:54:00,"Produto com defeito, aguardando troca",Adaptador HDMI,Acessórios,34.9,Sônia Aparecida Reis,Joinville
V001065,15,17,5,2024-11-03 12:32:00,Sem Observação,Microfone de Lapela,Eletrônicos,69.9,Queila Fonseca,Curitiba
V001066,4,17,3,2024-11-18 18:37:00,Compra feita via aplicação promocional,Mouse Gamer,Eletrônicos,99.9,Queila Fonseca,Curitiba
V001067,10,14,2,2024-08-21 13:06:00,Sem Observação,Power Bank,Eletrônicos,79.9,Nathan Correia,São Paulo
V001068,4,9,4,2024-12-08 17:48:00,Cliente solicitou nota fiscal com CNPJ,Mouse Gamer,Eletrônicos,99.9,Isadora Brandão,Curitiba
V001069,9,14,4,2024-12-24 09:19:00,Cliente solicitou nota fiscal com CNPJ,Película de Vidro,Acessórios,14.9,Nathan Correia,São Paulo
V001070,5,15,2,2024-08-05 17:31:00,Sem Observação,Teclado Mecânico,Eletrônicos,189.9,Olívia Marques,Joinville
V001071,7,9,5,2024-08-01 21:40:00,Sem Observação,Suporte para Celular,Acessórios,19.9,Isadora Brandão,Curitiba
V001072,1,7,4,2024-12-07 15:57:00,Sem Observação,Fone Bluetooth,Eletrônicos,89.9,Giovana Peixoto,Joinville
V001073,3,7,3,2024-12-10 12:56:00,Sem Observação,Caixa de Som Portátil,Eletrônicos,129.9,Giovana Peixoto,Joinville
V001074,8,8,5,2024-10-09 18:25:00,Sem Observação,Capinha de Celular,Acessórios,29.9,Hugo Mendonça,Florianópolis
V001075,6,14,3,2024-08-01 09:07:00,Cliente solicitou nota fiscal com CNPJ,Cabo USB-C,Eletrônicos,24.9,Nathan Correia,São Paulo
V001076,7,13,2,2024-10-22 12:38:00,Cliente pediu embalagem para presente,Suporte para Celular,Acessórios,19.9,Marcela Tavares,Curitiba
V001077,9,20,3,2024-09-18 16:48:00,Sem Observação,Película de Vidro,Acessórios,14.9,Tales Bittencourt,Florianópolis
V001078,4,9,5,2024-12-24 18:24:00,Sem Observação,Mouse Gamer,Eletrônicos,99.9,Isadora Brandão,Curitiba
V001079,2,14,5,2024-08-14 08:24:00,Sem Observação,Carregador Turbo,Eletrônicos,49.9,Nathan Correia,São Paulo
V001080,9,11,5,2024-08-02 17:08:00,Sem Observação,Película de Vidro,Acessórios,14.9,Kelly Damasceno,Joinville
V001081,12,1,4,2024-09-05 11:58:00,Sem Observação,Adaptador HDMI,Acessórios,34.9,Alessandra Nogueira,Curitiba
V001082,9,19,1,2024-09-08 18:19:00,Sem Observação,Película de Vidro,Acessórios,14.9,Sônia Aparecida Reis,Joinville
V001083,10,6,2,2024-09-22 08:30:00,Cliente solicitou nota fiscal com CNPJ,Power Bank,Eletrônicos,79.9,Fábio Lacerda,São Paulo
V001085,5,15,1,2024-12-21 21:30:00,Endereço de entrega divergente do cadastro,Teclado Mecânico,Eletrônicos,189.9,Olívia Marques,Joinville
V001086,12,11,1,2024-08-25 17:29:00,Sem Observação,Adaptador HDMI,Acessórios,34.9,Kelly Damasceno,Joinville
V001087,8,4,4,2024-10-22 11:58:00,"Produto com defeito, aguardando troca",Capinha de Celular,Acessórios,29.9,Daniel Werneck,Florianópolis
V001088,13,13,1,2024-08-03 19:35:00,Cliente pediu embalagem para presente,Hub USB,Acessórios,44.9,Marcela Tavares,Curitiba
V001089,15,8,2,2024-08-11 21:08:00,Entrega expressa solicitada,Microfone de Lapela,Eletrônicos,69.9,Hugo Mendonça,Florianópolis
V001090,10,13,3,2024-10-19 16:37:00,Cliente pediu embalagem para presente,Power Bank,Eletrônicos,79.9,Marcela Tavares,Curitiba
V001091,8,16,4,2024-08-06 09:26:00,Endereço de entrega divergente do cadastro,Capinha de Celular,Acessórios,29.9,Pedro Henrique Lopes,Florianópolis
V001092,6,11,5,2024-08-21 22:06:00,Entrega expressa solicitada,Cabo USB-C,Eletrônicos,24.9,Kelly Damasceno,Joinville
V001093,7,9,1,2024-08-30 08:34:00,Sem Observação,Suporte para Celular,Acessórios,19.9,Isadora Brandão,Curitiba
V001094,4,4,2,2024-10-17 08:45:00,Cliente pediu embalagem para presente,Mouse Gamer,Eletrônicos,99.9,Daniel Werneck,Florianópolis
V001095,14,19,2,2024-12-03 09:13:00,Compra feita via aplicação promocional,Webcam HD,Eletrônicos,119.9,Sônia Aparecida Reis,Joinville
V001096,15,9,4,2024-08-12 18:17:00,Cliente pediu embalagem para presente,Microfone de Lapela,Eletrônicos,69.9,Isadora Brandão,Curitiba
V001097,11,7,2,2024-12-28 20:42:00,Compra feita via aplicação promocional,Smartwatch,Eletrônicos,249.9,Giovana Peixoto,Joinville
V001098,4,16,3,2024-11-21 13:59:00,"Produto com defeito, aguardando troca",Mouse Gamer,Eletrônicos,99.9,Pedro Henrique Lopes,Florianópolis
V001099,1,6,4,2024-09-05 17:45:00,Sem Observação,Fone Bluetooth,Eletrônicos,89.9,Fábio Lacerda,São Paulo
V001100,8,2,4,2024-09-18 14:21:00,Sem Observação,Capinha de Celular,Acessórios,29.9,Bernardo Salles,Joinville
V001101,4,9,1,2024-11-08 13:42:00,Compra feita via aplicação promocional,Mouse Gamer,Eletrônicos,99.9,Isadora Brandão,Curitiba
V001102,11,1,1,2024-10-17 14:15:00,Cliente solicitou nota fiscal com CNPJ,Smartwatch,Eletrônicos,249.9,Alessandra Nogueira,Curitiba
V001103,5,16,1,2024-10-31 21:12:00,Sem Observação,Teclado Mecânico,Eletrônicos,189.9,Pedro Henrique Lopes,Florianópolis
V001104,4,8,4,2024-12-18 17:23:00,Cliente pediu embalagem para presente,Mouse Gamer,Eletrônicos,99.9,Hugo Mendonça,Florianópolis
V001105,10,18,1,2024-11-15 09:51:00,Endereço de entrega divergente do cadastro,Power Bank,Eletrônicos,79.9,Ricardo Junqueira,São Paulo
V001106,15,19,3,2024-11-22 13:17:00,Sem Observação,Microfone de Lapela,Eletrônicos,69.9,Sônia Aparecida Reis,Joinville
V001107,12,9,2,2024-08-09 12:53:00,Sem Observação,Adaptador HDMI,Acessórios,34.9,Isadora Brandão,Curitiba
V001108,1,13,2,2024-10-30 08:45:00,Entrega expressa solicitada,Fone Bluetooth,Eletrônicos,89.9,Marcela Tavares,Curitiba
V001109,4,4,4,2024-08-25 18:39:00,Cliente pediu embalagem para presente,Mouse Gamer,Eletrônicos,99.9,Daniel Werneck,Florianópolis
V001110,4,2,4,2024-10-29 08:29:00,Endereço de entrega divergente do cadastro,Mouse Gamer,Eletrônicos,99.9,Bernardo Salles,Joinville
V001111,2,3,4,2024-08-10 11:51:00,"Produto com defeito, aguardando troca",Carregador Turbo,Eletrônicos,49.9,Cecília Prado,São Paulo
V001112,5,13,2,2024-09-04 21:16:00,Entrega expressa solicitada,Teclado Mecânico,Eletrônicos,189.9,Marcela Tavares,Curitiba
V001113,14,7,5,2024-09-14 14:24:00,Compra feita via aplicação promocional,Webcam HD,Eletrônicos,119.9,Giovana Peixoto,Joinville
V001114,5,18,4,2024-11-03 14:00:00,Sem Observação,Teclado Mecânico,Eletrônicos,189.9,Ricardo Junqueira,São Paulo
V001115,14,7,5,2024-10-05 21:05:00,Cliente solicitou nota fiscal com CNPJ,Webcam HD,Eletrônicos,119.9,Giovana Peixoto,Joinville
V001116,12,6,5,2024-12-08 16:50:00,Compra feita via aplicação promocional,Adaptador HDMI,Acessórios,34.9,Fábio Lacerda,São Paulo
V001117,14,7,2,2024-11-02 20:51:00,Cliente pediu embalagem para presente,Webcam HD,Eletrônicos,119.9,Giovana Peixoto,Joinville
V001118,9,17,1,2024-11-28 19:25:00,Sem Observação,Película de Vidro,Acessórios,14.9,Queila Fonseca,Curitiba
V001119,3,16,3,2024-12-17 12:23:00,Sem Observação,Caixa de Som Portátil,Eletrônicos,129.9,Pedro Henrique Lopes,Florianópolis
V001120,3,19,5,2024-11-21 10:39:00,Compra feita via aplicação promocional,Caixa de Som Portátil,Eletrônicos,129.9,Sônia Aparecida Reis,Joinville
V001121,14,10,5,2024-08-12 15:54:00,"Produto com defeito, aguardando troca",Webcam HD,Eletrônicos,119.9,João Vitor Assis,São Paulo
V001122,5,11,2,2024-08-02 16:42:00,Compra feita via aplicação promocional,Teclado Mecânico,Eletrônicos,189.9,Kelly Damasceno,Joinville
V001123,13,7,1,2024-12-08 14:55:00,Sem Observação,Hub USB,Acessórios,44.9,Giovana Peixoto,Joinville
V001124,5,10,4,2024-10-20 09:27:00,Sem Observação,Teclado Mecânico,Eletrônicos,189.9,João Vitor Assis,São Paulo
V001125,14,2,2,2024-10-14 19:58:00,Sem Observação,Webcam HD,Eletrônicos,119.9,Bernardo Salles,Joinville
V001126,9,14,3,2024-09-29 10:04:00,Sem Observação,Película de Vidro,Acessórios,14.9,Nathan Correia,São Paulo
V001127,10,20,3,2024-10-05 13:49:00,Sem Observação,Power Bank,Eletrônicos,79.9,Tales Bittencourt,Florianópolis
V001128,9,8,5,2024-10-07 22:26:00,Entrega expressa solicitada,Película de Vidro,Acessórios,14.9,Hugo Mendonça,Florianópolis
V001129,5,20,2,2024-08-16 08:54:00,Sem Observação,Teclado Mecânico,Eletrônicos,189.9,Tales Bittencourt,Florianópolis
V001130,3,7,4,2024-08-08 10:03:00,Cliente pediu embalagem para presente,Caixa de Som Portátil,Eletrônicos,129.9,Giovana Peixoto,Joinville
V001131,15,18,3,2024-09-27 17:31:00,Sem Observação,Microfone de Lapela,Eletrônicos,69.9,Ricardo Junqueira,São Paulo
V001132,15,4,3,2024-10-31 08:05:00,Entrega expressa solicitada,Microfone de Lapela,Eletrônicos,69.9,Daniel Werneck,Florianópolis
V001133,4,8,4,2024-10-21 14:20:00,Cliente pediu embalagem para presente,Mouse Gamer,Eletrônicos,99.9,Hugo Mendonça,Florianópolis
V001134,7,20,2,2024-08-17 11:40:00,Sem Observação,Suporte para Celular,Acessórios,19.9,Tales Bittencourt,Florianópolis
V001135,11,10,2,2024-11-09 10:40:00,Endereço de entrega divergente do cadastro,Smartwatch,Eletrônicos,249.9,João Vitor Assis,São Paulo
V001136,13,9,1,2024-11-26 08:08:00,Cliente pediu embalagem para presente,Hub USB,Acessórios,44.9,Isadora Brandão,Curitiba
V001137,13,7,3,2024-10-21 16:54:00,Entrega expressa solicitada,Hub USB,Acessórios,44.9,Giovana Peixoto,Joinville
V001138,15,1,4,2024-12-04 09:16:00,"Produto com defeito, aguardando troca",Microfone de Lapela,Eletrônicos,69.9,Alessandra Nogueira,Curitiba
V001139,10,9,5,2024-08-30 10:57:00,Compra feita via aplicação promocional,Power Bank,Eletrônicos,79.9,Isadora Brandão,Curitiba
V001140,4,4,5,2024-09-14 09:31:00,Sem Observação,Mouse Gamer,Eletrônicos,99.9,Daniel Werneck,Florianópolis
V001141,7,17,2,2024-09-18 18:27:00,Sem Observação,Suporte para Celular,Acessórios,19.9,Queila Fonseca,Curitiba
V001142,2,3,1,2024-11-15 20:51:00,Cliente pediu embalagem para presente,Carregador Turbo,Eletrônicos,49.9,Cecília Prado,São Paulo
V001143,8,10,3,2024-11-01 15:14:00,Cliente pediu embalagem para presente,Capinha de Celular,Acessórios,29.9,João Vitor Assis,São Paulo
V001144,12,20,5,2024-11-18 22:13:00,Sem Observação,Adaptador HDMI,Acessórios,34.9,Tales Bittencourt,Florianópolis
V001145,1,13,3,2024-11-19 19:59:00,Sem Observação,Fone Bluetooth,Eletrônicos,89.9,Marcela Tavares,Curitiba
V001146,14,2,5,2024-11-02 08:57:00,Sem Observação,Webcam HD,Eletrônicos,119.9,Bernardo Salles,Joinville
V001147,14,17,5,2024-08-22 18:22:00,"Produto com defeito, aguardando troca",Webcam HD,Eletrônicos,119.9,Queila Fonseca,Curitiba
V001148,4,16,1,2024-08-12 13:59:00,"Produto com defeito, aguardando troca",Mouse Gamer,Eletrônicos,99.9,Pedro Henrique Lopes,Florianópolis
V001149,4,11,3,2024-11-19 10:08:00,Cliente pediu embalagem para presente,Mouse Gamer,Eletrônicos,99.9,Kelly Damasceno,Joinville
V001150,1,9,2,2024-11-07 16:56:00,Cliente solicitou nota fiscal com CNPJ,Fone Bluetooth,Eletrônicos,89.9,Isadora Brandão,Curitiba
V001151,10,13,1,2024-10-20 09:08:00,Cliente solicitou nota fiscal com CNPJ,Power Bank,Eletrônicos,79.9,Marcela Tavares,Curitiba
V001152,12,5,2,2024-11-13 12:33:00,Entrega expressa solicitada,Adaptador HDMI,Acessórios,34.9,Estela Cunha,Curitiba
V001153,12,15,2,2024-08-21 14:00:00,Cliente pediu embalagem para presente,Adaptador HDMI,Acessórios,34.9,Olívia Marques,Joinville
V001154,12,3,1,2024-10-17 22:37:00,Sem Observação,Adaptador HDMI,Acessórios,34.9,Cecília Prado,São Paulo
V001155,10,12,4,2024-10-16 15:09:00,Cliente pediu embalagem para presente,Power Bank,Eletrônicos,79.9,Leonardo Xavier,Florianópolis
V001156,4,17,1,2024-12-16 14:55:00,Sem Observação,Mouse Gamer,Eletrônicos,99.9,Queila Fonseca,Curitiba
V001157,2,7,5,2024-12-05 14:32:00,Sem Observação,Carregador Turbo,Eletrônicos,49.9,Giovana Peixoto,Joinville
V001158,6,15,5,2024-10-24 10:14:00,Endereço de entrega divergente do cadastro,Cabo USB-C,Eletrônicos,24.9,Olívia Marques,Joinville
V001159,15,2,3,2024-09-02 18:00:00,Compra feita via aplicação promocional,Microfone de Lapela,Eletrônicos,69.9,Bernardo Salles,Joinville
V001160,12,8,4,2024-08-23 08:15:00,Sem Observação,Adaptador HDMI,Acessórios,34.9,Hugo Mendonça,Florianópolis
V001161,9,9,5,2024-12-06 13:29:00,Sem Observação,Película de Vidro,Acessórios,14.9,Isadora Brandão,Curitiba
V001162,6,15,3,2024-12-20 16:12:00,Entrega expressa solicitada,Cabo USB-C,Eletrônicos,24.9,Olívia Marques,Joinville
V001163,6,9,4,2024-08-17 16:53:00,Sem Observação,Cabo USB-C,Eletrônicos,24.9,Isadora Brandão,Curitiba
V001164,11,14,3,2024-08-20 12:02:00,Cliente solicitou nota fiscal com CNPJ,Smartwatch,Eletrônicos,249.9,Nathan Correia,São Paulo
V001165,12,8,2,2024-08-12 20:08:00,Sem Observação,Adaptador HDMI,Acessórios,34.9,Hugo Mendonça,Florianópolis
V001166,13,18,3,2024-08-13 10:29:00,Sem Observação,Hub USB,Acessórios,44.9,Ricardo Junqueira,São Paulo
V001167,14,8,3,2024-08-11 14:34:00,Cliente solicitou nota fiscal com CNPJ,Webcam HD,Eletrônicos,119.9,Hugo Mendonça,Florianópolis
V001168,8,13,1,2024-10-22 15:20:00,Cliente pediu embalagem para presente,Capinha de Celular,Acessórios,29.9,Marcela Tavares,Curitiba
V001169,4,8,1,2024-09-23 13:10:00,Sem Observação,Mouse Gamer,Eletrônicos,99.9,Hugo Mendonça,Florianópolis
V001170,3,5,2,2024-08-30 16:24:00,"Produto com defeito, aguardando troca",Caixa de Som Portátil,Eletrônicos,129.9,Estela Cunha,Curitiba
V001171,10,3,3,2024-11-24 12:53:00,Sem Observação,Power Bank,Eletrônicos,79.9,Cecília Prado,São Paulo
V001172,2,10,5,2024-08-18 18:41:00,Cliente solicitou nota fiscal com CNPJ,Carregador Turbo,Eletrônicos,49.9,João Vitor Assis,São Paulo
V001173,14,2,2,2024-11-15 14:39:00,"Produto com defeito, aguardando troca",Webcam HD,Eletrônicos,119.9,Bernardo Salles,Joinville
V001174,5,2,2,2024-08-18 15:17:00,Sem Observação,Teclado Mecânico,Eletrônicos,189.9,Bernardo Salles,Joinville
V001175,13,3,1,2024-11-27 09:39:00,"Produto com defeito, aguardando troca",Hub USB,Acessórios,44.9,Cecília Prado,São Paulo
V001176,14,1,4,2024-12-20 18:08:00,"Produto com defeito, aguardando troca",Webcam HD,Eletrônicos,119.9,Alessandra Nogueira,Curitiba
V001177,11,4,5,2024-10-24 18:36:00,Entrega expressa solicitada,Smartwatch,Eletrônicos,249.9,Daniel Werneck,Florianópolis
V001178,4,12,1,2024-12-18 14:00:00,"Produto com defeito, aguardando troca",Mouse Gamer,Eletrônicos,99.9,Leonardo Xavier,Florianópolis
V001179,2,2,5,2024-08-23 16:15:00,Sem Observação,Carregador Turbo,Eletrônicos,49.9,Bernardo Salles,Joinville
V001180,7,17,2,2024-10-08 20:37:00,Endereço de entrega divergente do cadastro,Suporte para Celular,Acessórios,19.9,Queila Fonseca,Curitiba
V001181,14,1,1,2024-10-31 15:04:00,Sem Observação,Webcam HD,Eletrônicos,119.9,Alessandra Nogueira,Curitiba
V001182,14,7,4,2024-10-08 22:13:00,Cliente solicitou nota fiscal com CNPJ,Webcam HD,Eletrônicos,119.9,Giovana Peixoto,Joinville
V001183,2,20,1,2024-11-19 09:14:00,Sem Observação,Carregador Turbo,Eletrônicos,49.9,Tales Bittencourt,Florianópolis
V001184,2,10,3,2024-10-18 14:23:00,Sem Observação,Carregador Turbo,Eletrônicos,49.9,João Vitor Assis,São Paulo
V001185,1,2,1,2024-09-16 13:32:00,Entrega expressa solicitada,Fone Bluetooth,Eletrônicos,89.9,Bernardo Salles,Joinville
V001186,5,4,4,2024-08-30 13:01:00,Cliente solicitou nota fiscal com CNPJ,Teclado Mecânico,Eletrônicos,189.9,Daniel Werneck,Florianópolis
V001187,6,19,2,2024-09-12 11:40:00,Sem Observação,Cabo USB-C,Eletrônicos,24.9,Sônia Aparecida Reis,Joinville
V001188,2,17,2,2024-10-04 16:40:00,Entrega expressa solicitada,Carregador Turbo,Eletrônicos,49.9,Queila Fonseca,Curitiba
V001189,8,5,2,2024-11-19 11:51:00,Sem Observação,Capinha de Celular,Acessórios,29.9,Estela Cunha,Curitiba
V001190,1,6,1,2024-12-21 10:28:00,Sem Observação,Fone Bluetooth,Eletrônicos,89.9,Fábio Lacerda,São Paulo
V001191,15,20,3,2024-10-27 21:18:00,Endereço de entrega divergente do cadastro,Microfone de Lapela,Eletrônicos,69.9,Tales Bittencourt,Florianópolis
V001193,14,2,2,2024-08-31 18:33:00,Sem Observação,Webcam HD,Eletrônicos,119.9,Bernardo Salles,Joinville
V001194,14,5,1,2024-08-06 22:56:00,Sem Observação,Webcam HD,Eletrônicos,119.9,Estela Cunha,Curitiba
V001195,1,8,1,2024-08-31 11:18:00,Sem Observação,Fone Bluetooth,Eletrônicos,89.9,Hugo Mendonça,Florianópolis
V001196,10,3,2,2024-08-05 22:47:00,Endereço de entrega divergente do cadastro,Power Bank,Eletrônicos,79.9,Cecília Prado,São Paulo
V001197,15,17,2,2024-12-04 17:53:00,Compra feita via aplicação promocional,Microfone de Lapela,Eletrônicos,69.9,Queila Fonseca,Curitiba
V001198,6,17,4,2024-08-23 15:18:00,Sem Observação,Cabo USB-C,Eletrônicos,24.9,Queila Fonseca,Curitiba
V001199,2,19,2,2024-09-22 17:40:00,Entrega expressa solicitada,Carregador Turbo,Eletrônicos,49.9,Sônia Aparecida Reis,Joinville
V001200,14,19,3,2024-08-18 14:31:00,Sem Observação,Webcam HD,Eletrônicos,119.9,Sônia Aparecida Reis,Joinville
V001201,6,6,1,2024-08-24 22:30:00,Cliente pediu embalagem para presente,Cabo USB-C,Eletrônicos,24.9,Fábio Lacerda,São Paulo
V001202,14,14,3,2024-11-01 14:49:00,Endereço de entrega divergente do cadastro,Webcam HD,Eletrônicos,119.9,Nathan Correia,São Paulo
V001203,13,14,5,2024-08-04 14:34:00,Compra feita via aplicação promocional,Hub USB,Acessórios,44.9,Nathan Correia,São Paulo
V001204,11,12,1,2024-09-25 12:26:00,Endereço de entrega divergente do cadastro,Smartwatch,Eletrônicos,249.9,Leonardo Xavier,Florianópolis
V001205,6,6,3,2024-11-29 20:29:00,Sem Observação,Cabo USB-C,Eletrônicos,24.9,Fábio Lacerda,São Paulo
V001206,11,5,1,2024-10-07 08:38:00,Endereço de entrega divergente do cadastro,Smartwatch,Eletrônicos,249.9,Estela Cunha,Curitiba
V001207,3,15,4,2024-09-11 12:11:00,Cliente pediu embalagem para presente,Caixa de Som Portátil,Eletrônicos,129.9,Olívia Marques,Joinville
V001208,14,7,4,2024-09-12 20:06:00,Sem Observação,Webcam HD,Eletrônicos,119.9,Giovana Peixoto,Joinville
V001209,10,5,5,2024-08-24 15:35:00,Sem Observação,Power Bank,Eletrônicos,79.9,Estela Cunha,Curitiba
V001210,9,7,2,2024-11-23 22:29:00,Entrega expressa solicitada,Película de Vidro,Acessórios,14.9,Giovana Peixoto,Joinville
V001211,7,10,2,2024-08-01 08:03:00,Sem Observação,Suporte para Celular,Acessórios,19.9,João Vitor Assis,São Paulo
V001212,1,1,5,2024-11-13 19:08:00,Sem Observação,Fone Bluetooth,Eletrônicos,89.9,Alessandra Nogueira,Curitiba
V001213,3,16,2,2024-12-17 17:49:00,Entrega expressa solicitada,Caixa de Som Portátil,Eletrônicos,129.9,Pedro Henrique Lopes,Florianópolis
V001214,5,9,5,2024-08-20 12:23:00,Cliente solicitou nota fiscal com CNPJ,Teclado Mecânico,Eletrônicos,189.9,Isadora Brandão,Curitiba
V001215,12,11,3,2024-10-11 15:35:00,Sem Observação,Adaptador HDMI,Acessórios,34.9,Kelly Damasceno,Joinville
V001216,12,17,3,2024-10-10 13:15:00,Compra feita via aplicação promocional,Adaptador HDMI,Acessórios,34.9,Queila Fonseca,Curitiba
V001217,8,8,2,2024-12-19 14:06:00,Sem Observação,Capinha de Celular,Acessórios,29.9,Hugo Mendonça,Florianópolis
V001218,1,16,2,2024-08-01 19:38:00,Sem Observação,Fone Bluetooth,Eletrônicos,89.9,Pedro Henrique Lopes,Florianópolis
V001219,2,19,5,2024-11-28 10:52:00,Cliente pediu embalagem para presente,Carregador Turbo,Eletrônicos,49.9,Sônia Aparecida Reis,Joinville
V001220,8,3,1,2024-12-29 15:28:00,Cliente pediu embalagem para presente,Capinha de Celular,Acessórios,29.9,Cecília Prado,São Paulo
V001221,9,13,2,2024-12-05 14:23:00,Compra feita via aplicação promocional,Película de Vidro,Acessórios,14.9,Marcela Tavares,Curitiba
V001222,7,8,3,2024-12-14 22:22:00,Cliente solicitou nota fiscal com CNPJ,Suporte para Celular,Acessórios,19.9,Hugo Mendonça,Florianópolis
V001223,10,16,1,2024-12-27 09:50:00,Sem Observação,Power Bank,Eletrônicos,79.9,Pedro Henrique Lopes,Florianópolis
V001224,1,5,5,2024-10-06 15:55:00,Sem Observação,Fone Bluetooth,Eletrônicos,89.9,Estela Cunha,Curitiba
V001225,9,7,1,2024-08-08 08:59:00,Sem Observação,Película de Vidro,Acessórios,14.9,Giovana Peixoto,Joinville
V001226,6,16,4,2024-08-21 22:51:00,"Produto com defeito, aguardando troca",Cabo USB-C,Eletrônicos,24.9,Pedro Henrique Lopes,Florianópolis
V001228,4,7,1,2024-12-23 10:51:00,Compra feita via aplicação promocional,Mouse Gamer,Eletrônicos,99.9,Giovana Peixoto,Joinville
V001229,3,10,1,2024-09-21 16:25:00,Cliente pediu embalagem para presente,Caixa de Som Portátil,Eletrônicos,129.9,João Vitor Assis,São Paulo
V001230,15,1,1,2024-12-28 11:27:00,Cliente pediu embalagem para presente,Microfone de Lapela,Eletrônicos,69.9,Alessandra Nogueira,Curitiba
V001231,5,14,2,2024-11-21 08:33:00,Sem Observação,Teclado Mecânico,Eletrônicos,189.9,Nathan Correia,São Paulo
V001232,3,18,4,2024-11-12 13:29:00,Sem Observação,Caixa de Som Portátil,Eletrônicos,129.9,Ricardo Junqueira,São Paulo
V001233,7,17,4,2024-10-09 11:18:00,Compra feita via aplicação promocional,Suporte para Celular,Acessórios,19.9,Queila Fonseca,Curitiba
V001234,10,8,5,2024-09-20 21:19:00,Entrega expressa solicitada,Power Bank,Eletrônicos,79.9,Hugo Mendonça,Florianópolis
V001235,7,3,1,2024-11-15 21:28:00,Sem Observação,Suporte para Celular,Acessórios,19.9,Cecília Prado,São Paulo
V001236,8,19,2,2024-10-02 14:34:00,Endereço de entrega divergente do cadastro,Capinha de Celular,Acessórios,29.9,Sônia Aparecida Reis,Joinville
V001237,4,10,5,2024-12-12 15:15:00,Sem Observação,Mouse Gamer,Eletrônicos,99.9,João Vitor Assis,São Paulo
V001238,11,19,2,2024-11-23 13:54:00,Sem Observação,Smartwatch,Eletrônicos,249.9,Sônia Aparecida Reis,Joinville
V001239,8,10,2,2024-12-01 16:16:00,Sem Observação,Capinha de Celular,Acessórios,29.9,João Vitor Assis,São Paulo
V001241,7,6,2,2024-10-28 12:14:00,Cliente pediu embalagem para presente,Suporte para Celular,Acessórios,19.9,Fábio Lacerda,São Paulo
V001242,7,6,5,2024-09-24 17:02:00,Compra feita via aplicação promocional,Suporte para Celular,Acessórios,19.9,Fábio Lacerda,São Paulo
V001243,5,16,5,2024-09-14 12:04:00,Cliente pediu embalagem para presente,Teclado Mecânico,Eletrônicos,189.9,Pedro Henrique Lopes,Florianópolis
V001244,14,5,5,2024-12-28 10:51:00,Entrega expressa solicitada,Webcam HD,Eletrônicos,119.9,Estela Cunha,Curitiba
V001245,10,17,2,2024-11-19 14:24:00,"Produto com defeito, aguardando troca",Power Bank,Eletrônicos,79.9,Queila Fonseca,Curitiba
V001246,5,8,2,2024-12-14 21:36:00,"Produto com defeito, aguardando troca",Teclado Mecânico,Eletrônicos,189.9,Hugo Mendonça,Florianópolis
V001247,6,7,4,2024-10-15 19:01:00,Sem Observação,Cabo USB-C,Eletrônicos,24.9,Giovana Peixoto,Joinville
V001248,7,10,3,2024-10-22 14:41:00,Cliente pediu embalagem para presente,Suporte para Celular,Acessórios,19.9,João Vitor Assis,São Paulo
V001249,3,8,2,2024-08-29 09:21:00,Sem Observação,Caixa de Som Portátil,Eletrônicos,129.9,Hugo Mendonça,Florianópolis
V001250,5,5,2,2024-12-11 18:45:00,Sem Observação,Teclado Mecânico,Eletrônicos,189.9,Estela Cunha,Curitiba
V001251,15,20,3,2024-09-08 09:50:00,Cliente solicitou nota fiscal com CNPJ,Microfone de Lapela,Eletrônicos,69.9,Tales Bittencourt,Florianópolis
V001252,9,18,3,2024-12-22 15:42:00,Sem Observação,Película de Vidro,Acessórios,14.9,Ricardo Junqueira,São Paulo
V001253,5,5,5,2024-12-06 21:01:00,Cliente solicitou nota fiscal com CNPJ,Teclado Mecânico,Eletrônicos,189.9,Estela Cunha,Curitiba
V001254,8,17,4,2024-10-21 15:06:00,Sem Observação,Capinha de Celular,Acessórios,29.9,Queila Fonseca,Curitiba
V001255,8,2,2,2024-11-04 13:20:00,Endereço de entrega divergente do cadastro,Capinha de Celular,Acessórios,29.9,Bernardo Salles,Joinville
V001256,6,10,5,2024-09-26 21:17:00,Endereço de entrega divergente do cadastro,Cabo USB-C,Eletrônicos,24.9,João Vitor Assis,São Paulo
V001257,6,1,4,2024-08-19 12:09:00,Sem Observação,Cabo USB-C,Eletrônicos,24.9,Alessandra Nogueira,Curitiba
V001258,10,18,5,2024-10-26 15:46:00,Endereço de entrega divergente do cadastro,Power Bank,Eletrônicos,79.9,Ricardo Junqueira,São Paulo
V001259,8,1,4,2024-08-09 21:59:00,Sem Observação,Capinha de Celular,Acessórios,29.9,Alessandra Nogueira,Curitiba
V001260,15,11,3,2024-12-17 14:40:00,Sem Observação,Microfone de Lapela,Eletrônicos,69.9,Kelly Damasceno,Joinville
V001261,5,5,1,2024-10-31 16:02:00,Compra feita via aplicação promocional,Teclado Mecânico,Eletrônicos,189.9,Estela Cunha,Curitiba
V001262,3,11,1,2024-08-13 17:31:00,Compra feita via aplicação promocional,Caixa de Som Portátil,Eletrônicos,129.9,Kelly Damasceno,Joinville
V001263,11,5,5,2024-10-12 22:20:00,"Produto com defeito, aguardando troca",Smartwatch,Eletrônicos,249.9,Estela Cunha,Curitiba
V001264,10,3,4,2024-10-28 11:21:00,Compra feita via aplicação promocional,Power Bank,Eletrônicos,79.9,Cecília Prado,São Paulo
V001265,11,10,1,2024-09-24 11:06:00,Cliente solicitou nota fiscal com CNPJ,Smartwatch,Eletrônicos,249.9,João Vitor Assis,São Paulo
V001266,13,20,3,2024-09-27 18:24:00,Endereço de entrega divergente do cadastro,Hub USB,Acessórios,44.9,Tales Bittencourt,Florianópolis
V001267,9,13,4,2024-12-25 15:25:00,Sem Observação,Película de Vidro,Acessórios,14.9,Marcela Tavares,Curitiba
V001268,4,7,5,2024-10-30 19:54:00,Cliente solicitou nota fiscal com CNPJ,Mouse Gamer,Eletrônicos,99.9,Giovana Peixoto,Joinville
V001269,6,5,3,2024-10-10 19:22:00,Compra feita via aplicação promocional,Cabo USB-C,Eletrônicos,24.9,Estela Cunha,Curitiba
V001270,10,10,3,2024-11-12 11:42:00,"Produto com defeito, aguardando troca",Power Bank,Eletrônicos,79.9,João Vitor Assis,São Paulo
V001271,6,20,1,2024-09-17 16:14:00,"Produto com defeito, aguardando troca",Cabo USB-C,Eletrônicos,24.9,Tales Bittencourt,Florianópolis
V001272,5,17,1,2024-08-29 08:39:00,Sem Observação,Teclado Mecânico,Eletrônicos,189.9,Queila Fonseca,Curitiba
V001273,8,12,4,2024-09-24 21:50:00,Sem Observação,Capinha de Celular,Acessórios,29.9,Leonardo Xavier,Florianópolis
V001274,7,13,1,2024-12-12 17:19:00,Compra feita via aplicação promocional,Suporte para Celular,Acessórios,19.9,Marcela Tavares,Curitiba
V001275,14,20,5,2024-11-23 22:23:00,Entrega expressa solicitada,Webcam HD,Eletrônicos,119.9,Tales Bittencourt,Florianópolis
V001276,7,7,4,2024-11-10 15:29:00,Compra feita via aplicação promocional,Suporte para Celular,Acessórios,19.9,Giovana Peixoto,Joinville
V001277,3,1,1,2024-12-10 17:01:00,Sem Observação,Caixa de Som Portátil,Eletrônicos,129.9,Alessandra Nogueira,Curitiba
V001278,8,4,4,2024-11-17 10:40:00,Cliente solicitou nota fiscal com CNPJ,Capinha de Celular,Acessórios,29.9,Daniel Werneck,Florianópolis
V001279,8,10,4,2024-12-10 21:15:00,Sem Observação,Capinha de Celular,Acessórios,29.9,João Vitor Assis,São Paulo
V001280,10,11,3,2024-12-22 08:09:00,Entrega expressa solicitada,Power Bank,Eletrônicos,79.9,Kelly Damasceno,Joinville
V001281,9,10,1,2024-12-10 15:14:00,Sem Observação,Película de Vidro,Acessórios,14.9,João Vitor Assis,São Paulo
V001282,10,12,2,2024-11-25 13:02:00,Cliente pediu embalagem para presente,Power Bank,Eletrônicos,79.9,Leonardo Xavier,Florianópolis
V001283,14,3,2,2024-10-09 11:44:00,"Produto com defeito, aguardando troca",Webcam HD,Eletrônicos,119.9,Cecília Prado,São Paulo
V001284,10,10,5,2024-11-06 19:09:00,Sem Observação,Power Bank,Eletrônicos,79.9,João Vitor Assis,São Paulo
V001285,12,1,3,2024-12-23 20:29:00,Compra feita via aplicação promocional,Adaptador HDMI,Acessórios,34.9,Alessandra Nogueira,Curitiba
V001286,7,2,5,2024-08-01 13:05:00,Cliente solicitou nota fiscal com CNPJ,Suporte para Celular,Acessórios,19.9,Bernardo Salles,Joinville
V001287,8,17,3,2024-10-09 15:23:00,Sem Observação,Capinha de Celular,Acessórios,29.9,Queila Fonseca,Curitiba
V001288,13,1,5,2024-08-19 16:51:00,Endereço de entrega divergente do cadastro,Hub USB,Acessórios,44.9,Alessandra Nogueira,Curitiba
V001289,15,19,2,2024-08-10 21:41:00,Compra feita via aplicação promocional,Microfone de Lapela,Eletrônicos,69.9,Sônia Aparecida Reis,Joinville
V001290,8,1,3,2024-11-29 13:44:00,Entrega expressa solicitada,Capinha de Celular,Acessórios,29.9,Alessandra Nogueira,Curitiba
V001291,4,2,4,2024-11-17 16:40:00,Cliente solicitou nota fiscal com CNPJ,Mouse Gamer,Eletrônicos,99.9,Bernardo Salles,Joinville
V001292,7,1,4,2024-10-20 22:26:00,Entrega expressa solicitada,Suporte para Celular,Acessórios,19.9,Alessandra Nogueira,Curitiba
V001293,10,3,1,2024-08-23 09:19:00,Sem Observação,Power Bank,Eletrônicos,79.9,Cecília Prado,São Paulo
V001294,11,16,5,2024-12-27 20:37:00,Sem Observação,Smartwatch,Eletrônicos,249.9,Pedro Henrique Lopes,Florianópolis
V001295,13,3,3,2024-09-06 21:59:00,Sem Observação,Hub USB,Acessórios,44.9,Cecília Prado,São Paulo
V001296,8,16,1,2024-12-13 19:39:00,Sem Observação,Capinha de Celular,Acessórios,29.9,Pedro Henrique Lopes,Florianópolis
V001297,2,19,4,2024-10-20 14:55:00,Cliente pediu embalagem para presente,Carregador Turbo,Eletrônicos,49.9,Sônia Aparecida Reis,Joinville
V001298,1,8,1,2024-08-05 08:23:00,Compra feita via aplicação promocional,Fone Bluetooth,Eletrônicos,89.9,Hugo Mendonça,Florianópolis
V001299,1,10,1,2024-08-02 17:43:00,Compra feita via aplicação promocional,Fone Bluetooth,Eletrônicos,89.9,João Vitor Assis,São Paulo
V001300,4,14,1,2024-08-19 21:45:00,Entrega expressa solicitada,Mouse Gamer,Eletrônicos,99.9,Nathan Correia,São Paulo
V001301,13,13,3,2024-12-15 21:25:00,Cliente pediu embalagem para presente,Hub USB,Acessórios,44.9,Marcela Tavares,Curitiba
V001302,8,14,3,2024-11-20 14:52:00,Cliente solicitou nota fiscal com CNPJ,Capinha de Celular,Acessórios,29.9,Nathan Correia,São Paulo
V001303,13,10,2,2024-12-28 11:19:00,Endereço de entrega divergente do cadastro,Hub USB,Acessórios,44.9,João Vitor Assis,São Paulo
V001304,1,4,4,2024-08-23 19:29:00,Sem Observação,Fone Bluetooth,Eletrônicos,89.9,Daniel Werneck,Florianópolis
V001305,2,2,3,2024-11-03 20:26:00,"Produto com defeito, aguardando troca",Carregador Turbo,Eletrônicos,49.9,Bernardo Salles,Joinville
V001306,12,8,5,2024-12-24 14:51:00,Sem Observação,Adaptador HDMI,Acessórios,34.9,Hugo Mendonça,Florianópolis
V001307,15,7,3,2024-11-29 18:55:00,Cliente pediu embalagem para presente,Microfone de Lapela,Eletrônicos,69.9,Giovana Peixoto,Joinville
V001308,10,12,1,2024-12-23 17:07:00,Sem Observação,Power Bank,Eletrônicos,79.9,Leonardo Xavier,Florianópolis
V001309,12,7,1,2024-12-22 19:13:00,Sem Observação,Adaptador HDMI,Acessórios,34.9,Giovana Peixoto,Joinville
V001310,4,16,3,2024-08-23 20:01:00,Entrega expressa solicitada,Mouse Gamer,Eletrônicos,99.9,Pedro Henrique Lopes,Florianópolis
V001311,11,17,1,2024-11-07 22:42:00,"Produto com defeito, aguardando troca",Smartwatch,Eletrônicos,249.9,Queila Fonseca,Curitiba
V001312,2,3,3,2024-12-01 20:56:00,Sem Observação,Carregador Turbo,Eletrônicos,49.9,Cecília Prado,São Paulo
V001313,8,14,3,2024-12-09 20:52:00,Cliente solicitou nota fiscal com CNPJ,Capinha de Celular,Acessórios,29.9,Nathan Correia,São Paulo
V001314,14,2,2,2024-11-19 20:48:00,Sem Observação,Webcam HD,Eletrônicos,119.9,Bernardo Salles,Joinville
V001315,11,20,1,2024-12-28 19:48:00,Entrega expressa solicitada,Smartwatch,Eletrônicos,249.9,Tales Bittencourt,Florianópolis
V001316,8,7,4,2024-08-13 21:19:00,Entrega expressa solicitada,Capinha de Celular,Acessórios,29.9,Giovana Peixoto,Joinville
V001317,11,16,2,2024-12-28 13:18:00,Entrega expressa solicitada,Smartwatch,Eletrônicos,249.9,Pedro Henrique Lopes,Florianópolis
V001318,12,16,4,2024-08-19 09:43:00,Sem Observação,Adaptador HDMI,Acessórios,34.9,Pedro Henrique Lopes,Florianópolis
V001319,12,6,5,2024-12-25 17:10:00,"Produto com defeito, aguardando troca",Adaptador HDMI,Acessórios,34.9,Fábio Lacerda,São Paulo
V001320,15,20,1,2024-12-04 21:14:00,Cliente solicitou nota fiscal com CNPJ,Microfone de Lapela,Eletrônicos,69.9,Tales Bittencourt,Florianópolis
V001321,2,17,5,2024-11-17 10:50:00,Sem Observação,Carregador Turbo,Eletrônicos,49.9,Queila Fonseca,Curitiba
V001322,12,4,3,2024-10-15 22:50:00,Endereço de entrega divergente do cadastro,Adaptador HDMI,Acessórios,34.9,Daniel Werneck,Florianópolis
V001323,3,12,3,2024-09-03 17:40:00,Cliente pediu embalagem para presente,Caixa de Som Portátil,Eletrônicos,129.9,Leonardo Xavier,Florianópolis
V001324,7,13,4,2024-09-23 14:40:00,Entrega expressa solicitada,Suporte para Celular,Acessórios,19.9,Marcela Tavares,Curitiba
V001325,15,4,2,2024-08-09 16:55:00,Cliente pediu embalagem para presente,Microfone de Lapela,Eletrônicos,69.9,Daniel Werneck,Florianópolis
V001326,12,13,4,2024-09-12 12:34:00,"Produto com defeito, aguardando troca",Adaptador HDMI,Acessórios,34.9,Marcela Tavares,Curitiba
V001327,9,2,5,2024-12-24 22:53:00,Endereço de entrega divergente do cadastro,Película de Vidro,Acessórios,14.9,Bernardo Salles,Joinville
V001328,5,9,5,2024-10-24 12:55:00,Sem Observação,Teclado Mecânico,Eletrônicos,189.9,Isadora Brandão,Curitiba
V001329,6,8,1,2024-10-22 21:38:00,Sem Observação,Cabo USB-C,Eletrônicos,24.9,Hugo Mendonça,Florianópolis
V001330,6,10,3,2024-10-23 12:27:00,Cliente pediu embalagem para presente,Cabo USB-C,Eletrônicos,24.9,João Vitor Assis,São Paulo
V001331,14,9,5,2024-11-23 12:19:00,Compra feita via aplicação promocional,Webcam HD,Eletrônicos,119.9,Isadora Brandão,Curitiba
V001332,9,10,3,2024-09-19 17:08:00,Endereço de entrega divergente do cadastro,Película de Vidro,Acessórios,14.9,João Vitor Assis,São Paulo
V001333,2,16,5,2024-09-15 14:55:00,Sem Observação,Carregador Turbo,Eletrônicos,49.9,Pedro Henrique Lopes,Florianópolis
V001334,5,18,3,2024-11-25 08:36:00,Cliente solicitou nota fiscal com CNPJ,Teclado Mecânico,Eletrônicos,189.9,Ricardo Junqueira,São Paulo
V001335,4,1,4,2024-09-22 14:13:00,Cliente solicitou nota fiscal com CNPJ,Mouse Gamer,Eletrônicos,99.9,Alessandra Nogueira,Curitiba
V001336,11,8,3,2024-09-20 08:27:00,Sem Observação,Smartwatch,Eletrônicos,249.9,Hugo Mendonça,Florianópolis
V001337,10,10,3,2024-12-06 16:34:00,Cliente pediu embalagem para presente,Power Bank,Eletrônicos,79.9,João Vitor Assis,São Paulo
V001338,6,14,4,2024-12-16 22:33:00,Sem Observação,Cabo USB-C,Eletrônicos,24.9,Nathan Correia,São Paulo
V001339,15,8,2,2024-08-22 14:17:00,Cliente solicitou nota fiscal com CNPJ,Microfone de Lapela,Eletrônicos,69.9,Hugo Mendonça,Florianópolis
V001340,12,3,1,2024-12-14 09:06:00,Endereço de entrega divergente do cadastro,Adaptador HDMI,Acessórios,34.9,Cecília Prado,São Paulo
V001341,1,20,4,2024-10-09 20:25:00,Compra feita via aplicação promocional,Fone Bluetooth,Eletrônicos,89.9,Tales Bittencourt,Florianópolis
V001342,15,15,5,2024-10-17 13:05:00,Sem Observação,Microfone de Lapela,Eletrônicos,69.9,Olívia Marques,Joinville
V001343,9,20,4,2024-12-29 22:12:00,Sem Observação,Película de Vidro,Acessórios,14.9,Tales Bittencourt,Florianópolis
V001344,15,12,1,2024-10-22 16:40:00,"Produto com defeito, aguardando troca",Microfone de Lapela,Eletrônicos,69.9,Leonardo Xavier,Florianópolis
V001345,5,12,4,2024-09-21 10:14:00,Compra feita via aplicação promocional,Teclado Mecânico,Eletrônicos,189.9,Leonardo Xavier,Florianópolis
V001346,8,13,4,2024-08-05 19:01:00,"Produto com defeito, aguardando troca",Capinha de Celular,Acessórios,29.9,Marcela Tavares,Curitiba
V001347,12,3,5,2024-08-26 10:19:00,Entrega expressa solicitada,Adaptador HDMI,Acessórios,34.9,Cecília Prado,São Paulo
V001348,5,12,1,2024-09-06 16:23:00,Entrega expressa solicitada,Teclado Mecânico,Eletrônicos,189.9,Leonardo Xavier,Florianópolis
V001349,12,16,5,2024-09-01 18:48:00,Sem Observação,Adaptador HDMI,Acessórios,34.9,Pedro Henrique Lopes,Florianópolis
V001350,5,19,4,2024-08-03 22:17:00,Compra feita via aplicação promocional,Teclado Mecânico,Eletrônicos,189.9,Sônia Aparecida Reis,Joinville
V001351,5,15,1,2024-12-01 08:12:00,Cliente pediu embalagem para presente,Teclado Mecânico,Eletrônicos,189.9,Olívia Marques,Joinville
V001352,14,6,4,2024-08-31 13:19:00,Sem Observação,Webcam HD,Eletrônicos,119.9,Fábio Lacerda,São Paulo
V001353,3,11,5,2024-11-29 22:45:00,Sem Observação,Caixa de Som Portátil,Eletrônicos,129.9,Kelly Damasceno,Joinville
V001354,13,3,1,2024-10-01 11:41:00,Endereço de entrega divergente do cadastro,Hub USB,Acessórios,44.9,Cecília Prado,São Paulo
V001355,13,5,3,2024-08-05 08:16:00,Sem Observação,Hub USB,Acessórios,44.9,Estela Cunha,Curitiba
V001356,15,5,2,2024-09-23 22:32:00,Sem Observação,Microfone de Lapela,Eletrônicos,69.9,Estela Cunha,Curitiba
V001357,3,2,5,2024-12-26 10:06:00,"Produto com defeito, aguardando troca",Caixa de Som Portátil,Eletrônicos,129.9,Bernardo Salles,Joinville
V001358,9,9,5,2024-09-30 17:52:00,Sem Observação,Película de Vidro,Acessórios,14.9,Isadora Brandão,Curitiba
V001359,3,4,4,2024-12-21 14:34:00,Cliente pediu embalagem para presente,Caixa de Som Portátil,Eletrônicos,129.9,Daniel Werneck,Florianópolis
V001360,5,4,4,2024-11-06 11:37:00,Cliente pediu embalagem para presente,Teclado Mecânico,Eletrônicos,189.9,Daniel Werneck,Florianópolis
V001361,6,9,5,2024-12-18 16:41:00,Sem Observação,Cabo USB-C,Eletrônicos,24.9,Isadora Brandão,Curitiba
V001362,2,13,4,2024-08-27 22:54:00,Sem Observação,Carregador Turbo,Eletrônicos,49.9,Marcela Tavares,Curitiba
V001363,14,17,2,2024-10-17 21:30:00,Endereço de entrega divergente do cadastro,Webcam HD,Eletrônicos,119.9,Queila Fonseca,Curitiba
V001364,13,1,3,2024-11-30 21:27:00,Cliente pediu embalagem para presente,Hub USB,Acessórios,44.9,Alessandra Nogueira,Curitiba
V001365,4,9,4,2024-09-07 13:06:00,Sem Observação,Mouse Gamer,Eletrônicos,99.9,Isadora Brandão,Curitiba
V001366,10,9,5,2024-08-12 16:28:00,Sem Observação,Power Bank,Eletrônicos,79.9,Isadora Brandão,Curitiba
V001367,10,17,2,2024-08-12 22:24:00,Sem Observação,Power Bank,Eletrônicos,79.9,Queila Fonseca,Curitiba
V001368,4,19,1,2024-12-02 09:39:00,"Produto com defeito, aguardando troca",Mouse Gamer,Eletrônicos,99.9,Sônia Aparecida Reis,Joinville
V001369,1,8,5,2024-09-25 20:37:00,Sem Observação,Fone Bluetooth,Eletrônicos,89.9,Hugo Mendonça,Florianópolis
V001370,13,2,2,2024-08-05 22:15:00,Sem Observação,Hub USB,Acessórios,44.9,Bernardo Salles,Joinville
V001371,9,2,4,2024-11-08 09:11:00,"Produto com defeito, aguardando troca",Película de Vidro,Acessórios,14.9,Bernardo Salles,Joinville
V001372,4,17,1,2024-08-25 09:43:00,Compra feita via aplicação promocional,Mouse Gamer,Eletrônicos,99.9,Queila Fonseca,Curitiba
V001373,4,1,4,2024-11-16 18:32:00,Sem Observação,Mouse Gamer,Eletrônicos,99.9,Alessandra Nogueira,Curitiba
V001374,4,2,3,2024-08-19 17:55:00,Compra feita via aplicação promocional,Mouse Gamer,Eletrônicos,99.9,Bernardo Salles,Joinville
V001375,8,2,3,2024-11-19 09:16:00,Cliente solicitou nota fiscal com CNPJ,Capinha de Celular,Acessórios,29.9,Bernardo Salles,Joinville
V001376,9,18,5,2024-11-14 12:24:00,Sem Observação,Película de Vidro,Acessórios,14.9,Ricardo Junqueira,São Paulo
V001377,9,10,2,2024-08-20 11:55:00,Cliente solicitou nota fiscal com CNPJ,Película de Vidro,Acessórios,14.9,João Vitor Assis,São Paulo
V001378,3,14,3,2024-11-18 19:54:00,Cliente solicitou nota fiscal com CNPJ,Caixa de Som Portátil,Eletrônicos,129.9,Nathan Correia,São Paulo
V001379,5,9,2,2024-08-10 12:40:00,Sem Observação,Teclado Mecânico,Eletrônicos,189.9,Isadora Brandão,Curitiba
V001380,6,5,2,2024-09-17 14:30:00,Sem Observação,Cabo USB-C,Eletrônicos,24.9,Estela Cunha,Curitiba
V001381,5,6,4,2024-12-23 15:45:00,Entrega expressa solicitada,Teclado Mecânico,Eletrônicos,189.9,Fábio Lacerda,São Paulo
V001382,7,9,4,2024-12-06 15:04:00,Cliente pediu embalagem para presente,Suporte para Celular,Acessórios,19.9,Isadora Brandão,Curitiba
V001383,5,6,3,2024-11-21 08:03:00,Sem Observação,Teclado Mecânico,Eletrônicos,189.9,Fábio Lacerda,São Paulo
V001384,7,1,5,2024-09-18 14:36:00,Entrega expressa solicitada,Suporte para Celular,Acessórios,19.9,Alessandra Nogueira,Curitiba
V001385,8,11,3,2024-12-24 15:09:00,Entrega expressa solicitada,Capinha de Celular,Acessórios,29.9,Kelly Damasceno,Joinville
V001386,5,17,2,2024-11-22 16:58:00,Cliente pediu embalagem para presente,Teclado Mecânico,Eletrônicos,189.9,Queila Fonseca,Curitiba
V001387,7,6,1,2024-08-19 22:05:00,Endereço de entrega divergente do cadastro,Suporte para Celular,Acessórios,19.9,Fábio Lacerda,São Paulo
V001388,7,8,5,2024-12-02 21:32:00,Sem Observação,Suporte para Celular,Acessórios,19.9,Hugo Mendonça,Florianópolis
V001389,15,11,5,2024-09-17 20:11:00,Entrega expressa solicitada,Microfone de Lapela,Eletrônicos,69.9,Kelly Damasceno,Joinville
V001390,15,18,5,2024-11-16 12:47:00,Endereço de entrega divergente do cadastro,Microfone de Lapela,Eletrônicos,69.9,Ricardo Junqueira,São Paulo
V001391,8,6,4,2024-09-30 20:07:00,Sem Observação,Capinha de Celular,Acessórios,29.9,Fábio Lacerda,São Paulo
V001392,8,4,4,2024-09-30 21:23:00,Endereço de entrega divergente do cadastro,Capinha de Celular,Acessórios,29.9,Daniel Werneck,Florianópolis
V001393,12,6,2,2024-11-02 19:38:00,Entrega expressa solicitada,Adaptador HDMI,Acessórios,34.9,Fábio Lacerda,São Paulo
V001394,4,15,5,2024-12-08 15:52:00,Sem Observação,Mouse Gamer,Eletrônicos,99.9,Olívia Marques,Joinville
V001395,4,19,5,2024-11-09 16:37:00,Sem Observação,Mouse Gamer,Eletrônicos,99.9,Sônia Aparecida Reis,Joinville
V001396,7,5,4,2024-10-12 10:52:00,Sem Observação,Suporte para Celular,Acessórios,19.9,Estela Cunha,Curitiba
V001397,2,6,2,2024-11-16 18:55:00,Endereço de entrega divergente do cadastro,Carregador Turbo,Eletrônicos,49.9,Fábio Lacerda,São Paulo
V001398,1,11,1,2024-10-15 16:25:00,"Produto com defeito, aguardando troca",Fone Bluetooth,Eletrônicos,89.9,Kelly Damasceno,Joinville
V001399,10,8,3,2024-10-14 11:50:00,"Produto com defeito, aguardando troca",Power Bank,Eletrônicos,79.9,Hugo Mendonça,Florianópolis
V001400,5,14,1,2024-11-24 12:39:00,Sem Observação,Teclado Mecânico,Eletrônicos,189.9,Nathan Correia,São Paulo
V001401,14,5,4,2024-10-17 12:38:00,Sem Observação,Webcam HD,Eletrônicos,119.9,Estela Cunha,Curitiba
V001402,3,2,4,2024-12-02 19:42:00,"Produto com defeito, aguardando troca",Caixa de Som Portátil,Eletrônicos,129.9,Bernardo Salles,Joinville
V001403,10,1,4,2024-12-26 14:27:00,Sem Observação,Power Bank,Eletrônicos,79.9,Alessandra Nogueira,Curitiba
V001404,6,1,2,2024-09-18 20:51:00,Entrega expressa solicitada,Cabo USB-C,Eletrônicos,24.9,Alessandra Nogueira,Curitiba
V001405,14,10,3,2024-11-08 22:20:00,Cliente pediu embalagem para presente,Webcam HD,Eletrônicos,119.9,João Vitor Assis,São Paulo
V001406,5,2,3,2024-11-27 16:21:00,Sem Observação,Teclado Mecânico,Eletrônicos,189.9,Bernardo Salles,Joinville
V001407,1,11,1,2024-09-28 10:36:00,Compra feita via aplicação promocional,Fone Bluetooth,Eletrônicos,89.9,Kelly Damasceno,Joinville
V001408,4,3,4,2024-08-17 15:53:00,Endereço de entrega divergente do cadastro,Mouse Gamer,Eletrônicos,99.9,Cecília Prado,São Paulo
V001409,3,1,4,2024-11-22 18:31:00,Entrega expressa solicitada,Caixa de Som Portátil,Eletrônicos,129.9,Alessandra Nogueira,Curitiba
V001410,15,6,2,2024-12-14 16:10:00,Sem Observação,Microfone de Lapela,Eletrônicos,69.9,Fábio Lacerda,São Paulo
V001411,13,20,2,2024-08-07 15:59:00,Sem Observação,Hub USB,Acessórios,44.9,Tales Bittencourt,Florianópolis
V001412,3,18,2,2024-10-06 17:23:00,Endereço de entrega divergente do cadastro,Caixa de Som Portátil,Eletrônicos,129.9,Ricardo Junqueira,São Paulo
V001413,10,13,2,2024-10-05 10:42:00,"Produto com defeito, aguardando troca",Power Bank,Eletrônicos,79.9,Marcela Tavares,Curitiba
V001414,4,10,5,2024-10-26 19:51:00,Compra feita via aplicação promocional,Mouse Gamer,Eletrônicos,99.9,João Vitor Assis,São Paulo
V001415,1,5,2,2024-12-08 14:08:00,"Produto com defeito, aguardando troca",Fone Bluetooth,Eletrônicos,89.9,Estela Cunha,Curitiba
V001416,1,13,4,2024-09-04 18:17:00,Compra feita via aplicação promocional,Fone Bluetooth,Eletrônicos,89.9,Marcela Tavares,Curitiba
V001417,12,15,5,2024-10-11 09:11:00,Compra feita via aplicação promocional,Adaptador HDMI,Acessórios,34.9,Olívia Marques,Joinville
V001418,14,5,3,2024-08-01 19:45:00,Cliente solicitou nota fiscal com CNPJ,Webcam HD,Eletrônicos,119.9,Estela Cunha,Curitiba
V001419,14,11,1,2024-11-04 16:12:00,Compra feita via aplicação promocional,Webcam HD,Eletrônicos,119.9,Kelly Damasceno,Joinville
V001421,6,4,3,2024-12-28 17:31:00,Sem Observação,Cabo USB-C,Eletrônicos,24.9,Daniel Werneck,Florianópolis
V001422,10,5,3,2024-11-06 09:02:00,"Produto com defeito, aguardando troca",Power Bank,Eletrônicos,79.9,Estela Cunha,Curitiba
V001423,15,4,4,2024-08-15 13:59:00,Sem Observação,Microfone de Lapela,Eletrônicos,69.9,Daniel Werneck,Florianópolis
V001424,6,16,2,2024-09-18 15:36:00,"Produto com defeito, aguardando troca",Cabo USB-C,Eletrônicos,24.9,Pedro Henrique Lopes,Florianópolis
V001425,2,14,3,2024-08-08 14:30:00,Cliente pediu embalagem para presente,Carregador Turbo,Eletrônicos,49.9,Nathan Correia,São Paulo
V001426,8,14,1,2024-09-09 19:49:00,Cliente pediu embalagem para presente,Capinha de Celular,Acessórios,29.9,Nathan Correia,São Paulo
V001428,1,11,5,2024-10-08 19:54:00,Sem Observação,Fone Bluetooth,Eletrônicos,89.9,Kelly Damasceno,Joinville
V001429,1,14,2,2024-08-12 21:27:00,Sem Observação,Fone Bluetooth,Eletrônicos,89.9,Nathan Correia,São Paulo
V001430,7,14,3,2024-12-02 12:25:00,Cliente solicitou nota fiscal com CNPJ,Suporte para Celular,Acessórios,19.9,Nathan Correia,São Paulo
V001431,2,20,1,2024-10-14 15:30:00,Endereço de entrega divergente do cadastro,Carregador Turbo,Eletrônicos,49.9,Tales Bittencourt,Florianópolis
V001432,5,4,2,2024-10-09 09:09:00,Sem Observação,Teclado Mecânico,Eletrônicos,189.9,Daniel Werneck,Florianópolis
V001433,9,19,5,2024-09-05 19:29:00,"Produto com defeito, aguardando troca",Película de Vidro,Acessórios,14.9,Sônia Aparecida Reis,Joinville
V001434,11,18,5,2024-11-26 10:18:00,Endereço de entrega divergente do cadastro,Smartwatch,Eletrônicos,249.9,Ricardo Junqueira,São Paulo
V001435,15,7,5,2024-10-13 20:48:00,Sem Observação,Microfone de Lapela,Eletrônicos,69.9,Giovana Peixoto,Joinville
V001436,15,14,1,2024-08-25 16:09:00,Cliente solicitou nota fiscal com CNPJ,Microfone de Lapela,Eletrônicos,69.9,Nathan Correia,São Paulo
V001437,10,2,3,2024-09-17 10:05:00,Sem Observação,Power Bank,Eletrônicos,79.9,Bernardo Salles,Joinville
V001438,4,9,5,2024-09-06 17:10:00,Sem Observação,Mouse Gamer,Eletrônicos,99.9,Isadora Brandão,Curitiba
V001439,10,18,2,2024-10-05 20:37:00,Sem Observação,Power Bank,Eletrônicos,79.9,Ricardo Junqueira,São Paulo
V001440,14,4,4,2024-11-15 12:34:00,Cliente pediu embalagem para presente,Webcam HD,Eletrônicos,119.9,Daniel Werneck,Florianópolis
V001441,12,20,3,2024-08-03 11:35:00,Cliente pediu embalagem para presente,Adaptador HDMI,Acessórios,34.9,Tales Bittencourt,Florianópolis
V001442,6,4,1,2024-10-28 20:57:00,Sem Observação,Cabo USB-C,Eletrônicos,24.9,Daniel Werneck,Florianópolis
V001443,4,10,4,2024-09-10 09:58:00,Entrega expressa solicitada,Mouse Gamer,Eletrônicos,99.9,João Vitor Assis,São Paulo
V001444,13,2,1,2024-11-07 08:19:00,Compra feita via aplicação promocional,Hub USB,Acessórios,44.9,Bernardo Salles,Joinville
V001445,14,20,3,2024-08-08 19:11:00,Cliente pediu embalagem para presente,Webcam HD,Eletrônicos,119.9,Tales Bittencourt,Florianópolis
V001446,9,15,2,2024-09-01 22:52:00,Endereço de entrega divergente do cadastro,Película de Vidro,Acessórios,14.9,Olívia Marques,Joinville
V001447,9,16,1,2024-09-20 22:51:00,Endereço de entrega divergente do cadastro,Película de Vidro,Acessórios,14.9,Pedro Henrique Lopes,Florianópolis
V001448,12,11,1,2024-09-17 21:55:00,"Produto com defeito, aguardando troca",Adaptador HDMI,Acessórios,34.9,Kelly Damasceno,Joinville
V001449,12,10,1,2024-11-27 18:50:00,Sem Observação,Adaptador HDMI,Acessórios,34.9,João Vitor Assis,São Paulo
V001450,15,3,2,2024-09-20 15:02:00,Sem Observação,Microfone de Lapela,Eletrônicos,69.9,Cecília Prado,São Paulo
V001451,15,17,5,2024-08-03 19:24:00,Sem Observação,Microfone de Lapela,Eletrônicos,69.9,Queila Fonseca,Curitiba
V001452,4,1,1,2024-08-07 16:15:00,Endereço de entrega divergente do cadastro,Mouse Gamer,Eletrônicos,99.9,Alessandra Nogueira,Curitiba
V001453,5,12,5,2024-08-14 18:42:00,Sem Observação,Teclado Mecânico,Eletrônicos,189.9,Leonardo Xavier,Florianópolis
V001454,7,20,3,2024-10-18 21:54:00,"Produto com defeito, aguardando troca",Suporte para Celular,Acessórios,19.9,Tales Bittencourt,Florianópolis
V001455,13,17,4,2024-09-11 20:44:00,Cliente pediu embalagem para presente,Hub USB,Acessórios,44.9,Queila Fonseca,Curitiba
V001456,2,19,2,2024-08-09 22:57:00,"Produto com defeito, aguardando troca",Carregador Turbo,Eletrônicos,49.9,Sônia Aparecida Reis,Joinville
V001457,12,20,4,2024-12-04 16:17:00,Endereço de entrega divergente do cadastro,Adaptador HDMI,Acessórios,34.9,Tales Bittencourt,Florianópolis
V001458,14,13,5,2024-12-07 16:53:00,Cliente pediu embalagem para presente,Webcam HD,Eletrônicos,119.9,Marcela Tavares,Curitiba
V001459,2,18,2,2024-08-27 20:42:00,Cliente solicitou nota fiscal com CNPJ,Carregador Turbo,Eletrônicos,49.9,Ricardo Junqueira,São Paulo
V001460,5,15,2,2024-08-30 21:08:00,Compra feita via aplicação promocional,Teclado Mecânico,Eletrônicos,189.9,Olívia Marques,Joinville
V001461,5,19,5,2024-10-16 11:07:00,Sem Observação,Teclado Mecânico,Eletrônicos,189.9,Sônia Aparecida Reis,Joinville
V001462,9,11,4,2024-09-28 13:51:00,Compra feita via aplicação promocional,Película de Vidro,Acessórios,14.9,Kelly Damasceno,Joinville
V001464,15,9,3,2024-09-17 13:16:00,Endereço de entrega divergente do cadastro,Microfone de Lapela,Eletrônicos,69.9,Isadora Brandão,Curitiba
V001465,13,7,1,2024-12-15 21:09:00,Sem Observação,Hub USB,Acessórios,44.9,Giovana Peixoto,Joinville
V001466,3,13,2,2024-11-19 22:47:00,Cliente pediu embalagem para presente,Caixa de Som Portátil,Eletrônicos,129.9,Marcela Tavares,Curitiba
V001467,4,12,4,2024-08-05 15:39:00,"Produto com defeito, aguardando troca",Mouse Gamer,Eletrônicos,99.9,Leonardo Xavier,Florianópolis
V001468,11,15,5,2024-11-19 13:06:00,Cliente solicitou nota fiscal com CNPJ,Smartwatch,Eletrônicos,249.9,Olívia Marques,Joinville
V001469,12,7,2,2024-12-10 09:31:00,Endereço de entrega divergente do cadastro,Adaptador HDMI,Acessórios,34.9,Giovana Peixoto,Joinville
V001470,3,9,2,2024-10-09 22:43:00,Sem Observação,Caixa de Som Portátil,Eletrônicos,129.9,Isadora Brandão,Curitiba
V001471,11,7,4,2024-10-15 14:53:00,Cliente pediu embalagem para presente,Smartwatch,Eletrônicos,249.9,Giovana Peixoto,Joinville
V001472,6,13,3,2024-11-10 08:01:00,"Produto com defeito, aguardando troca",Cabo USB-C,Eletrônicos,24.9,Marcela Tavares,Curitiba
V001473,11,13,4,2024-08-24 13:40:00,Cliente pediu embalagem para presente,Smartwatch,Eletrônicos,249.9,Marcela Tavares,Curitiba
V001474,11,2,3,2024-10-06 19:33:00,Sem Observação,Smartwatch,Eletrônicos,249.9,Bernardo Salles,Joinville
V001475,4,16,3,2024-08-11 15:53:00,Cliente pediu embalagem para presente,Mouse Gamer,Eletrônicos,99.9,Pedro Henrique Lopes,Florianópolis
V001476,7,8,5,2024-08-26 20:36:00,Sem Observação,Suporte para Celular,Acessórios,19.9,Hugo Mendonça,Florianópolis
V001477,10,1,4,2024-10-17 17:35:00,Sem Observação,Power Bank,Eletrônicos,79.9,Alessandra Nogueira,Curitiba
V001478,12,6,2,2024-08-31 14:03:00,Entrega expressa solicitada,Adaptador HDMI,Acessórios,34.9,Fábio Lacerda,São Paulo
V001479,4,8,4,2024-11-04 10:05:00,"Produto com defeito, aguardando troca",Mouse Gamer,Eletrônicos,99.9,Hugo Mendonça,Florianópolis
V001480,10,19,3,2024-11-19 14:37:00,Endereço de entrega divergente do cadastro,Power Bank,Eletrônicos,79.9,Sônia Aparecida Reis,Joinville
V001481,6,18,4,2024-08-16 09:21:00,Entrega expressa solicitada,Cabo USB-C,Eletrônicos,24.9,Ricardo Junqueira,São Paulo
V001482,11,4,4,2024-10-14 20:36:00,Sem Observação,Smartwatch,Eletrônicos,249.9,Daniel Werneck,Florianópolis
V001483,5,2,5,2024-12-11 12:40:00,Endereço de entrega divergente do cadastro,Teclado Mecânico,Eletrônicos,189.9,Bernardo Salles,Joinville
V001484,9,4,2,2024-12-18 12:22:00,"Produto com defeito, aguardando troca",Película de Vidro,Acessórios,14.9,Daniel Werneck,Florianópolis
V001485,3,1,2,2024-12-19 18:57:00,Endereço de entrega divergente do cadastro,Caixa de Som Portátil,Eletrônicos,129.9,Alessandra Nogueira,Curitiba
V001486,13,11,3,2024-09-16 11:06:00,Cliente pediu embalagem para presente,Hub USB,Acessórios,44.9,Kelly Damasceno,Joinville
V001487,12,6,5,2024-08-12 22:29:00,Sem Observação,Adaptador HDMI,Acessórios,34.9,Fábio Lacerda,São Paulo
V001488,13,2,4,2024-12-16 15:28:00,Cliente solicitou nota fiscal com CNPJ,Hub USB,Acessórios,44.9,Bernardo Salles,Joinville
V001489,1,7,1,2024-09-04 12:45:00,Sem Observação,Fone Bluetooth,Eletrônicos,89.9,Giovana Peixoto,Joinville
V001490,4,4,4,2024-12-29 18:04:00,Cliente pediu embalagem para presente,Mouse Gamer,Eletrônicos,99.9,Daniel Werneck,Florianópolis
V001491,14,13,5,2024-09-06 17:20:00,Entrega expressa solicitada,Webcam HD,Eletrônicos,119.9,Marcela Tavares,Curitiba
V001492,6,8,2,2024-09-05 12:12:00,Entrega expressa solicitada,Cabo USB-C,Eletrônicos,24.9,Hugo Mendonça,Florianópolis
V001493,4,1,5,2024-10-15 17:54:00,Cliente solicitou nota fiscal com CNPJ,Mouse Gamer,Eletrônicos,99.9,Alessandra Nogueira,Curitiba
V001494,3,11,5,2024-10-15 09:38:00,"Produto com defeito, aguardando troca",Caixa de Som Portátil,Eletrônicos,129.9,Kelly Damasceno,Joinville
V001495,14,17,4,2024-08-17 15:15:00,Entrega expressa solicitada,Webcam HD,Eletrônicos,119.9,Queila Fonseca,Curitiba
V001496,12,14,5,2024-11-27 09:23:00,Sem Observação,Adaptador HDMI,Acessórios,34.9,Nathan Correia,São Paulo
V001497,3,3,3,2024-12-26 20:47:00,Sem Observação,Caixa de Som Portátil,Eletrônicos,129.9,Cecília Prado,São Paulo
V001498,12,2,4,2024-10-12 16:21:00,Sem Observação,Adaptador HDMI,Acessórios,34.9,Bernardo Salles,Joinville
V001499,3,1,2,2024-10-23 22:30:00,Sem Observação,Caixa de Som Portátil,Eletrônicos,129.9,Alessandra Nogueira,Curitiba
V001500,13,2,1,2024-10-14 19:32:00,Cliente pediu embalagem para presente,Hub USB,Acessórios,44.9,Bernardo Salles,Joinville
V001501,10,13,1,2024-09-12 15:42:00,Sem Observação,Power Bank,Eletrônicos,79.9,Marcela Tavares,Curitiba
V001502,10,15,1,2024-10-14 21:49:00,Entrega expressa solicitada,Power Bank,Eletrônicos,79.9,Olívia Marques,Joinville
V001503,5,19,4,2024-10-12 20:35:00,Endereço de entrega divergente do cadastro,Teclado Mecânico,Eletrônicos,189.9,Sônia Aparecida Reis,Joinville
V001504,9,9,2,2024-08-27 18:18:00,Cliente pediu embalagem para presente,Película de Vidro,Acessórios,14.9,Isadora Brandão,Curitiba
V001505,12,16,4,2024-11-23 13:45:00,Sem Observação,Adaptador HDMI,Acessórios,34.9,Pedro Henrique Lopes,Florianópolis
V001506,10,11,5,2024-10-28 17:53:00,Cliente solicitou nota fiscal com CNPJ,Power Bank,Eletrônicos,79.9,Kelly Damasceno,Joinville
V001507,8,16,2,2024-11-29 14:09:00,Sem Observação,Capinha de Celular,Acessórios,29.9,Pedro Henrique Lopes,Florianópolis
V001508,12,11,2,2024-12-07 09:26:00,Cliente pediu embalagem para presente,Adaptador HDMI,Acessórios,34.9,Kelly Damasceno,Joinville
V001509,11,7,1,2024-08-10 17:28:00,Compra feita via aplicação promocional,Smartwatch,Eletrônicos,249.9,Giovana Peixoto,Joinville
V001510,14,12,4,2024-08-03 15:25:00,Sem Observação,Webcam HD,Eletrônicos,119.9,Leonardo Xavier,Florianópolis
V001511,6,19,3,2024-12-12 14:40:00,Sem Observação,Cabo USB-C,Eletrônicos,24.9,Sônia Aparecida Reis,Joinville
V001512,9,8,2,2024-10-03 17:37:00,Sem Observação,Película de Vidro,Acessórios,14.9,Hugo Mendonça,Florianópolis
V001513,12,2,4,2024-12-07 09:46:00,Compra feita via aplicação promocional,Adaptador HDMI,Acessórios,34.9,Bernardo Salles,Joinville
V001514,3,5,1,2024-11-04 17:23:00,Compra feita via aplicação promocional,Caixa de Som Portátil,Eletrônicos,129.9,Estela Cunha,Curitiba
V001515,12,15,4,2024-10-06 19:48:00,Cliente solicitou nota fiscal com CNPJ,Adaptador HDMI,Acessórios,34.9,Olívia Marques,Joinville
V001516,13,2,4,2024-12-29 21:56:00,Compra feita via aplicação promocional,Hub USB,Acessórios,44.9,Bernardo Salles,Joinville
V001517,5,7,5,2024-12-11 15:46:00,Sem Observação,Teclado Mecânico,Eletrônicos,189.9,Giovana Peixoto,Joinville
V001518,8,8,4,2024-10-11 22:45:00,"Produto com defeito, aguardando troca",Capinha de Celular,Acessórios,29.9,Hugo Mendonça,Florianópolis
V001519,11,7,2,2024-10-24 08:54:00,Sem Observação,Smartwatch,Eletrônicos,249.9,Giovana Peixoto,Joinville
V001520,7,14,5,2024-12-21 12:11:00,Cliente pediu embalagem para presente,Suporte para Celular,Acessórios,19.9,Nathan Correia,São Paulo
V001521,12,9,5,2024-09-07 11:17:00,Compra feita via aplicação promocional,Adaptador HDMI,Acessórios,34.9,Isadora Brandão,Curitiba
V001522,3,13,1,2024-11-10 09:18:00,Sem Observação,Caixa de Som Portátil,Eletrônicos,129.9,Marcela Tavares,Curitiba
V001523,7,9,1,2024-09-05 15:28:00,Sem Observação,Suporte para Celular,Acessórios,19.9,Isadora Brandão,Curitiba
V001524,13,16,2,2024-08-06 09:44:00,Cliente solicitou nota fiscal com CNPJ,Hub USB,Acessórios,44.9,Pedro Henrique Lopes,Florianópolis
V001525,2,7,1,2024-09-18 14:59:00,Cliente solicitou nota fiscal com CNPJ,Carregador Turbo,Eletrônicos,49.9,Giovana Peixoto,Joinville
V001526,11,12,2,2024-11-18 11:49:00,Sem Observação,Smartwatch,Eletrônicos,249.9,Leonardo Xavier,Florianópolis
V001527,11,6,4,2024-10-02 17:47:00,Compra feita via aplicação promocional,Smartwatch,Eletrônicos,249.9,Fábio Lacerda,São Paulo
V001528,11,10,4,2024-12-15 11:09:00,Endereço de entrega divergente do cadastro,Smartwatch,Eletrônicos,249.9,João Vitor Assis,São Paulo
V001529,8,7,1,2024-08-29 16:20:00,Sem Observação,Capinha de Celular,Acessórios,29.9,Giovana Peixoto,Joinville
V001530,1,20,5,2024-12-03 16:17:00,"Produto com defeito, aguardando troca",Fone Bluetooth,Eletrônicos,89.9,Tales Bittencourt,Florianópolis
V001531,10,15,4,2024-08-09 22:19:00,Sem Observação,Power Bank,Eletrônicos,79.9,Olívia Marques,Joinville
V001532,14,13,3,2024-09-25 15:07:00,Sem Observação,Webcam HD,Eletrônicos,119.9,Marcela Tavares,Curitiba
V001533,15,5,5,2024-08-03 10:52:00,Cliente pediu embalagem para presente,Microfone de Lapela,Eletrônicos,69.9,Estela Cunha,Curitiba
V001534,8,17,3,2024-12-03 21:52:00,Cliente solicitou nota fiscal com CNPJ,Capinha de Celular,Acessórios,29.9,Queila Fonseca,Curitiba
V001535,1,4,1,2024-10-02 17:34:00,Compra feita via aplicação promocional,Fone Bluetooth,Eletrônicos,89.9,Daniel Werneck,Florianópolis
V001536,15,20,2,2024-11-09 18:00:00,Cliente solicitou nota fiscal com CNPJ,Microfone de Lapela,Eletrônicos,69.9,Tales Bittencourt,Florianópolis
V001537,6,2,4,2024-08-17 16:37:00,Sem Observação,Cabo USB-C,Eletrônicos,24.9,Bernardo Salles,Joinville
V001538,10,17,3,2024-08-19 11:33:00,Sem Observação,Power Bank,Eletrônicos,79.9,Queila Fonseca,Curitiba
V001539,6,9,2,2024-12-14 18:56:00,Cliente solicitou nota fiscal com CNPJ,Cabo USB-C,Eletrônicos,24.9,Isadora Brandão,Curitiba
V001540,13,1,5,2024-08-09 18:44:00,Compra feita via aplicação promocional,Hub USB,Acessórios,44.9,Alessandra Nogueira,Curitiba
V001541,7,4,3,2024-11-27 15:29:00,Sem Observação,Suporte para Celular,Acessórios,19.9,Daniel Werneck,Florianópolis
V001542,7,11,1,2024-08-04 11:10:00,Compra feita via aplicação promocional,Suporte para Celular,Acessórios,19.9,Kelly Damasceno,Joinville
V001543,2,5,4,2024-09-10 08:29:00,Entrega expressa solicitada,Carregador Turbo,Eletrônicos,49.9,Estela Cunha,Curitiba
V001544,13,18,1,2024-08-01 11:08:00,Endereço de entrega divergente do cadastro,Hub USB,Acessórios,44.9,Ricardo Junqueira,São Paulo
V001545,13,8,5,2024-08-04 20:57:00,Sem Observação,Hub USB,Acessórios,44.9,Hugo Mendonça,Florianópolis
V001546,7,17,4,2024-12-25 08:11:00,"Produto com defeito, aguardando troca",Suporte para Celular,Acessórios,19.9,Queila Fonseca,Curitiba
V001547,12,9,3,2024-09-14 16:59:00,"Produto com defeito, aguardando troca",Adaptador HDMI,Acessórios,34.9,Isadora Brandão,Curitiba
V001548,4,20,4,2024-12-18 13:22:00,"Produto com defeito, aguardando troca",Mouse Gamer,Eletrônicos,99.9,Tales Bittencourt,Florianópolis
V001549,9,18,5,2024-10-30 08:39:00,Compra feita via aplicação promocional,Película de Vidro,Acessórios,14.9,Ricardo Junqueira,São Paulo
V001550,4,2,3,2024-08-03 08:03:00,Sem Observação,Mouse Gamer,Eletrônicos,99.9,Bernardo Salles,Joinville
V001551,8,16,2,2024-09-28 20:47:00,Cliente solicitou nota fiscal com CNPJ,Capinha de Celular,Acessórios,29.9,Pedro Henrique Lopes,Florianópolis
V001552,5,10,3,2024-10-07 18:21:00,"Produto com defeito, aguardando troca",Teclado Mecânico,Eletrônicos,189.9,João Vitor Assis,São Paulo
V001553,1,14,1,2024-12-24 21:22:00,Sem Observação,Fone Bluetooth,Eletrônicos,89.9,Nathan Correia,São Paulo
V001554,14,16,5,2024-09-21 14:42:00,Sem Observação,Webcam HD,Eletrônicos,119.9,Pedro Henrique Lopes,Florianópolis
V001555,4,2,3,2024-11-04 22:55:00,"Produto com defeito, aguardando troca",Mouse Gamer,Eletrônicos,99.9,Bernardo Salles,Joinville
V001556,6,7,4,2024-08-10 11:36:00,Sem Observação,Cabo USB-C,Eletrônicos,24.9,Giovana Peixoto,Joinville
V001557,1,14,1,2024-08-31 20:21:00,Cliente solicitou nota fiscal com CNPJ,Fone Bluetooth,Eletrônicos,89.9,Nathan Correia,São Paulo
V001558,4,19,3,2024-09-12 09:04:00,"Produto com defeito, aguardando troca",Mouse Gamer,Eletrônicos,99.9,Sônia Aparecida Reis,Joinville
V001559,2,9,4,2024-12-22 20:09:00,Sem Observação,Carregador Turbo,Eletrônicos,49.9,Isadora Brandão,Curitiba
V001560,10,20,1,2024-11-30 10:15:00,Sem Observação,Power Bank,Eletrônicos,79.9,Tales Bittencourt,Florianópolis
V001561,2,10,4,2024-12-11 17:51:00,Sem Observação,Carregador Turbo,Eletrônicos,49.9,João Vitor Assis,São Paulo
V001562,6,17,4,2024-09-10 08:40:00,Sem Observação,Cabo USB-C,Eletrônicos,24.9,Queila Fonseca,Curitiba
V001563,6,19,1,2024-10-16 21:30:00,"Produto com defeito, aguardando troca",Cabo USB-C,Eletrônicos,24.9,Sônia Aparecida Reis,Joinville
V001564,1,1,3,2024-08-01 19:30:00,Cliente pediu embalagem para presente,Fone Bluetooth,Eletrônicos,89.9,Alessandra Nogueira,Curitiba
V001565,15,6,3,2024-11-16 14:29:00,Endereço de entrega divergente do cadastro,Microfone de Lapela,Eletrônicos,69.9,Fábio Lacerda,São Paulo
V001566,5,3,3,2024-09-24 15:30:00,Sem Observação,Teclado Mecânico,Eletrônicos,189.9,Cecília Prado,São Paulo
V001567,5,6,2,2024-11-01 14:20:00,Sem Observação,Teclado Mecânico,Eletrônicos,189.9,Fábio Lacerda,São Paulo
V001568,13,14,1,2024-12-14 08:53:00,Sem Observação,Hub USB,Acessórios,44.9,Nathan Correia,São Paulo
V001569,14,15,1,2024-08-29 21:11:00,Cliente pediu embalagem para presente,Webcam HD,Eletrônicos,119.9,Olívia Marques,Joinville
V001570,2,3,2,2024-10-01 18:20:00,Sem Observação,Carregador Turbo,Eletrônicos,49.9,Cecília Prado,São Paulo
V001571,11,10,1,2024-08-30 21:07:00,Sem Observação,Smartwatch,Eletrônicos,249.9,João Vitor Assis,São Paulo
V001572,1,6,3,2024-10-01 16:17:00,Sem Observação,Fone Bluetooth,Eletrônicos,89.9,Fábio Lacerda,São Paulo
V001573,1,17,1,2024-10-10 20:52:00,Sem Observação,Fone Bluetooth,Eletrônicos,89.9,Queila Fonseca,Curitiba
V001574,13,20,1,2024-08-04 13:25:00,Entrega expressa solicitada,Hub USB,Acessórios,44.9,Tales Bittencourt,Florianópolis
V001575,9,11,3,2024-11-03 17:57:00,Entrega expressa solicitada,Película de Vidro,Acessórios,14.9,Kelly Damasceno,Joinville
V001576,6,11,1,2024-10-14 18:06:00,Sem Observação,Cabo USB-C,Eletrônicos,24.9,Kelly Damasceno,Joinville
V001577,4,14,3,2024-08-20 22:01:00,Cliente pediu embalagem para presente,Mouse Gamer,Eletrônicos,99.9,Nathan Correia,São Paulo
V001578,13,17,2,2024-11-29 09:31:00,Compra feita via aplicação promocional,Hub USB,Acessórios,44.9,Queila Fonseca,Curitiba
V001579,7,8,1,2024-08-31 15:26:00,Sem Observação,Suporte para Celular,Acessórios,19.9,Hugo Mendonça,Florianópolis
V001580,9,3,4,2024-10-22 20:29:00,Compra feita via aplicação promocional,Película de Vidro,Acessórios,14.9,Cecília Prado,São Paulo
V001581,10,5,1,2024-10-20 11:26:00,Cliente solicitou nota fiscal com CNPJ,Power Bank,Eletrônicos,79.9,Estela Cunha,Curitiba
V001582,4,19,1,2024-09-21 17:24:00,Cliente pediu embalagem para presente,Mouse Gamer,Eletrônicos,99.9,Sônia Aparecida Reis,Joinville
V001583,14,7,3,2024-11-04 17:14:00,Sem Observação,Webcam HD,Eletrônicos,119.9,Giovana Peixoto,Joinville
V001584,9,2,5,2024-11-24 17:46:00,Sem Observação,Película de Vidro,Acessórios,14.9,Bernardo Salles,Joinville
V001585,6,20,3,2024-12-28 21:05:00,Sem Observação,Cabo USB-C,Eletrônicos,24.9,Tales Bittencourt,Florianópolis
V001586,7,16,2,2024-10-01 08:30:00,Sem Observação,Suporte para Celular,Acessórios,19.9,Pedro Henrique Lopes,Florianópolis
V001587,9,4,5,2024-12-24 15:34:00,"Produto com defeito, aguardando troca",Película de Vidro,Acessórios,14.9,Daniel Werneck,Florianópolis
V001588,8,17,1,2024-09-01 15:34:00,Endereço de entrega divergente do cadastro,Capinha de Celular,Acessórios,29.9,Queila Fonseca,Curitiba
V001589,12,1,1,2024-08-28 13:39:00,Cliente pediu embalagem para presente,Adaptador HDMI,Acessórios,34.9,Alessandra Nogueira,Curitiba
V001590,5,4,3,2024-10-19 17:30:00,"Produto com defeito, aguardando troca",Teclado Mecânico,Eletrônicos,189.9,Daniel Werneck,Florianópolis
V001591,5,2,5,2024-12-13 13:11:00,Sem Observação,Teclado Mecânico,Eletrônicos,189.9,Bernardo Salles,Joinville
V001592,11,6,1,2024-08-09 11:20:00,Sem Observação,Smartwatch,Eletrônicos,249.9,Fábio Lacerda,São Paulo
V001593,13,1,2,2024-11-29 17:25:00,Sem Observação,Hub USB,Acessórios,44.9,Alessandra Nogueira,Curitiba
V001594,15,15,1,2024-12-24 13:46:00,Sem Observação,Microfone de Lapela,Eletrônicos,69.9,Olívia Marques,Joinville
V001595,5,16,2,2024-09-21 17:56:00,Endereço de entrega divergente do cadastro,Teclado Mecânico,Eletrônicos,189.9,Pedro Henrique Lopes,Florianópolis
V001596,10,7,2,2024-10-06 09:14:00,Entrega expressa solicitada,Power Bank,Eletrônicos,79.9,Giovana Peixoto,Joinville
V001597,2,20,5,2024-10-23 19:55:00,Endereço de entrega divergente do cadastro,Carregador Turbo,Eletrônicos,49.9,Tales Bittencourt,Florianópolis
V001598,3,2,2,2024-08-29 19:46:00,Cliente pediu embalagem para presente,Caixa de Som Portátil,Eletrônicos,129.9,Bernardo Salles,Joinville
V001599,4,19,1,2024-12-06 15:20:00,Sem Observação,Mouse Gamer,Eletrônicos,99.9,Sônia Aparecida Reis,Joinville
V001600,14,5,4,2024-12-12 18:56:00,Sem Observação,Webcam HD,Eletrônicos,119.9,Estela Cunha,Curitiba
V001601,11,2,4,2024-09-09 18:17:00,Cliente solicitou nota fiscal com CNPJ,Smartwatch,Eletrônicos,249.9,Bernardo Salles,Joinville
V001602,9,2,2,2024-12-02 20:00:00,Sem Observação,Película de Vidro,Acessórios,14.9,Bernardo Salles,Joinville
V001603,6,10,5,2024-09-10 09:17:00,Compra feita via aplicação promocional,Cabo USB-C,Eletrônicos,24.9,João Vitor Assis,São Paulo
V001604,11,11,4,2024-12-23 09:26:00,"Produto com defeito, aguardando troca",Smartwatch,Eletrônicos,249.9,Kelly Damasceno,Joinville
V001605,9,9,5,2024-11-01 12:18:00,Sem Observação,Película de Vidro,Acessórios,14.9,Isadora Brandão,Curitiba
V001606,4,11,2,2024-09-01 12:03:00,Sem Observação,Mouse Gamer,Eletrônicos,99.9,Kelly Damasceno,Joinville
V001607,8,3,3,2024-09-16 11:09:00,Compra feita via aplicação promocional,Capinha de Celular,Acessórios,29.9,Cecília Prado,São Paulo
V001608,1,11,3,2024-10-12 12:33:00,Sem Observação,Fone Bluetooth,Eletrônicos,89.9,Kelly Damasceno,Joinville
V001609,15,13,1,2024-09-16 18:13:00,Cliente solicitou nota fiscal com CNPJ,Microfone de Lapela,Eletrônicos,69.9,Marcela Tavares,Curitiba
V001610,14,5,3,2024-09-13 17:04:00,Cliente pediu embalagem para presente,Webcam HD,Eletrônicos,119.9,Estela Cunha,Curitiba
V001611,12,10,3,2024-11-19 13:16:00,Sem Observação,Adaptador HDMI,Acessórios,34.9,João Vitor Assis,São Paulo
V001612,2,5,3,2024-09-24 15:25:00,Endereço de entrega divergente do cadastro,Carregador Turbo,Eletrônicos,49.9,Estela Cunha,Curitiba
V001613,6,10,4,2024-12-13 20:12:00,Entrega expressa solicitada,Cabo USB-C,Eletrônicos,24.9,João Vitor Assis,São Paulo
V001614,10,13,3,2024-11-09 12:02:00,"Produto com defeito, aguardando troca",Power Bank,Eletrônicos,79.9,Marcela Tavares,Curitiba
V001615,13,12,2,2024-09-03 16:03:00,Sem Observação,Hub USB,Acessórios,44.9,Leonardo Xavier,Florianópolis
V001617,6,3,2,2024-10-01 21:11:00,"Produto com defeito, aguardando troca",Cabo USB-C,Eletrônicos,24.9,Cecília Prado,São Paulo
V001618,7,15,2,2024-09-09 21:01:00,Compra feita via aplicação promocional,Suporte para Celular,Acessórios,19.9,Olívia Marques,Joinville
V001619,9,10,2,2024-12-17 18:57:00,Sem Observação,Película de Vidro,Acessórios,14.9,João Vitor Assis,São Paulo
V001620,6,1,4,2024-08-14 17:34:00,Compra feita via aplicação promocional,Cabo USB-C,Eletrônicos,24.9,Alessandra Nogueira,Curitiba
V001621,15,13,5,2024-12-11 12:41:00,Entrega expressa solicitada,Microfone de Lapela,Eletrônicos,69.9,Marcela Tavares,Curitiba
V001622,9,18,2,2024-10-03 18:31:00,"Produto com defeito, aguardando troca",Película de Vidro,Acessórios,14.9,Ricardo Junqueira,São Paulo
V001623,7,4,5,2024-10-04 08:20:00,Cliente solicitou nota fiscal com CNPJ,Suporte para Celular,Acessórios,19.9,Daniel Werneck,Florianópolis
V001624,1,18,2,2024-11-25 08:32:00,Cliente solicitou nota fiscal com CNPJ,Fone Bluetooth,Eletrônicos,89.9,Ricardo Junqueira,São Paulo
V001625,13,8,3,2024-08-01 19:10:00,Sem Observação,Hub USB,Acessórios,44.9,Hugo Mendonça,Florianópolis
V001626,8,14,1,2024-12-28 11:15:00,Sem Observação,Capinha de Celular,Acessórios,29.9,Nathan Correia,São Paulo
V001627,7,6,2,2024-11-12 08:06:00,"Produto com defeito, aguardando troca",Suporte para Celular,Acessórios,19.9,Fábio Lacerda,São Paulo
V001628,7,13,4,2024-08-03 20:26:00,Compra feita via aplicação promocional,Suporte para Celular,Acessórios,19.9,Marcela Tavares,Curitiba
V001629,12,8,1,2024-08-16 21:53:00,"Produto com defeito, aguardando troca",Adaptador HDMI,Acessórios,34.9,Hugo Mendonça,Florianópolis
V001631,3,19,1,2024-08-23 22:20:00,Sem Observação,Caixa de Som Portátil,Eletrônicos,129.9,Sônia Aparecida Reis,Joinville
V001632,5,17,2,2024-11-04 16:41:00,Sem Observação,Teclado Mecânico,Eletrônicos,189.9,Queila Fonseca,Curitiba
V001633,12,5,4,2024-08-12 21:42:00,Endereço de entrega divergente do cadastro,Adaptador HDMI,Acessórios,34.9,Estela Cunha,Curitiba
V001634,11,15,1,2024-12-06 11:07:00,Cliente solicitou nota fiscal com CNPJ,Smartwatch,Eletrônicos,249.9,Olívia Marques,Joinville
V001635,15,10,4,2024-11-26 14:06:00,Cliente pediu embalagem para presente,Microfone de Lapela,Eletrônicos,69.9,João Vitor Assis,São Paulo
V001636,5,9,3,2024-11-03 10:09:00,Endereço de entrega divergente do cadastro,Teclado Mecânico,Eletrônicos,189.9,Isadora Brandão,Curitiba
V001637,3,14,1,2024-09-21 12:26:00,Sem Observação,Caixa de Som Portátil,Eletrônicos,129.9,Nathan Correia,São Paulo
V001638,9,3,3,2024-11-19 22:45:00,"Produto com defeito, aguardando troca",Película de Vidro,Acessórios,14.9,Cecília Prado,São Paulo
V001639,15,5,3,2024-09-16 17:46:00,"Produto com defeito, aguardando troca",Microfone de Lapela,Eletrônicos,69.9,Estela Cunha,Curitiba
V001640,2,18,5,2024-08-31 09:55:00,Entrega expressa solicitada,Carregador Turbo,Eletrônicos,49.9,Ricardo Junqueira,São Paulo
V001641,2,12,2,2024-10-19 18:23:00,Entrega expressa solicitada,Carregador Turbo,Eletrônicos,49.9,Leonardo Xavier,Florianópolis
V001642,15,3,5,2024-10-17 08:52:00,Endereço de entrega divergente do cadastro,Microfone de Lapela,Eletrônicos,69.9,Cecília Prado,São Paulo
V001643,8,4,4,2024-11-30 10:40:00,Endereço de entrega divergente do cadastro,Capinha de Celular,Acessórios,29.9,Daniel Werneck,Florianópolis
V001644,14,12,2,2024-09-11 16:10:00,Sem Observação,Webcam HD,Eletrônicos,119.9,Leonardo Xavier,Florianópolis
V001645,8,2,4,2024-12-25 12:22:00,Sem Observação,Capinha de Celular,Acessórios,29.9,Bernardo Salles,Joinville
V001646,12,18,3,2024-08-03 13:17:00,Cliente solicitou nota fiscal com CNPJ,Adaptador HDMI,Acessórios,34.9,Ricardo Junqueira,São Paulo
V001647,4,1,3,2024-10-22 17:26:00,Entrega expressa solicitada,Mouse Gamer,Eletrônicos,99.9,Alessandra Nogueira,Curitiba
V001648,9,15,3,2024-10-29 11:37:00,Compra feita via aplicação promocional,Película de Vidro,Acessórios,14.9,Olívia Marques,Joinville
V001649,6,16,5,2024-11-09 16:34:00,"Produto com defeito, aguardando troca",Cabo USB-C,Eletrônicos,24.9,Pedro Henrique Lopes,Florianópolis
V001650,2,17,4,2024-10-15 19:39:00,Cliente pediu embalagem para presente,Carregador Turbo,Eletrônicos,49.9,Queila Fonseca,Curitiba
V001651,2,18,1,2024-11-12 10:22:00,"Produto com defeito, aguardando troca",Carregador Turbo,Eletrônicos,49.9,Ricardo Junqueira,São Paulo
V001652,3,13,5,2024-08-30 21:08:00,Endereço de entrega divergente do cadastro,Caixa de Som Portátil,Eletrônicos,129.9,Marcela Tavares,Curitiba
V001653,9,19,1,2024-09-01 11:54:00,Cliente pediu embalagem para presente,Película de Vidro,Acessórios,14.9,Sônia Aparecida Reis,Joinville
V001655,8,10,4,2024-09-20 08:47:00,"Produto com defeito, aguardando troca",Capinha de Celular,Acessórios,29.9,João Vitor Assis,São Paulo
V001656,13,6,2,2024-09-20 10:14:00,Endereço de entrega divergente do cadastro,Hub USB,Acessórios,44.9,Fábio Lacerda,São Paulo
V001657,6,7,3,2024-09-04 11:56:00,Sem Observação,Cabo USB-C,Eletrônicos,24.9,Giovana Peixoto,Joinville
V001658,15,8,3,2024-08-06 12:18:00,Cliente solicitou nota fiscal com CNPJ,Microfone de Lapela,Eletrônicos,69.9,Hugo Mendonça,Florianópolis
V001659,14,18,2,2024-12-03 21:42:00,Sem Observação,Webcam HD,Eletrônicos,119.9,Ricardo Junqueira,São Paulo
V001660,8,16,4,2024-08-01 22:39:00,Sem Observação,Capinha de Celular,Acessórios,29.9,Pedro Henrique Lopes,Florianópolis
V001661,5,4,1,2024-08-07 13:29:00,"Produto com defeito, aguardando troca",Teclado Mecânico,Eletrônicos,189.9,Daniel Werneck,Florianópolis
V001662,5,6,4,2024-09-14 18:45:00,Sem Observação,Teclado Mecânico,Eletrônicos,189.9,Fábio Lacerda,São Paulo
V001663,6,2,4,2024-11-19 14:10:00,"Produto com defeito, aguardando troca",Cabo USB-C,Eletrônicos,24.9,Bernardo Salles,Joinville
V001664,1,12,3,2024-08-17 08:14:00,Sem Observação,Fone Bluetooth,Eletrônicos,89.9,Leonardo Xavier,Florianópolis
V001665,5,7,2,2024-12-15 20:46:00,Sem Observação,Teclado Mecânico,Eletrônicos,189.9,Giovana Peixoto,Joinville
V001666,8,20,1,2024-12-02 22:55:00,Sem Observação,Capinha de Celular,Acessórios,29.9,Tales Bittencourt,Florianópolis
V001667,15,8,3,2024-12-28 21:28:00,Sem Observação,Microfone de Lapela,Eletrônicos,69.9,Hugo Mendonça,Florianópolis
V001668,2,17,5,2024-12-24 22:16:00,Sem Observação,Carregador Turbo,Eletrônicos,49.9,Queila Fonseca,Curitiba
V001669,2,3,4,2024-10-01 20:25:00,Compra feita via aplicação promocional,Carregador Turbo,Eletrônicos,49.9,Cecília Prado,São Paulo
V001670,1,5,5,2024-12-24 19:18:00,Sem Observação,Fone Bluetooth,Eletrônicos,89.9,Estela Cunha,Curitiba
V001672,13,16,5,2024-11-16 08:12:00,Compra feita via aplicação promocional,Hub USB,Acessórios,44.9,Pedro Henrique Lopes,Florianópolis
V001673,13,11,4,2024-12-06 12:22:00,Sem Observação,Hub USB,Acessórios,44.9,Kelly Damasceno,Joinville
V001674,12,12,5,2024-12-11 09:48:00,Sem Observação,Adaptador HDMI,Acessórios,34.9,Leonardo Xavier,Florianópolis
V001675,6,2,5,2024-11-06 15:06:00,Sem Observação,Cabo USB-C,Eletrônicos,24.9,Bernardo Salles,Joinville
V001676,2,1,5,2024-11-24 18:27:00,Cliente solicitou nota fiscal com CNPJ,Carregador Turbo,Eletrônicos,49.9,Alessandra Nogueira,Curitiba
V001677,9,20,2,2024-11-27 10:25:00,Cliente solicitou nota fiscal com CNPJ,Película de Vidro,Acessórios,14.9,Tales Bittencourt,Florianópolis
V001678,2,12,3,2024-10-14 17:00:00,Sem Observação,Carregador Turbo,Eletrônicos,49.9,Leonardo Xavier,Florianópolis
V001679,1,17,3,2024-11-19 20:09:00,Entrega expressa solicitada,Fone Bluetooth,Eletrônicos,89.9,Queila Fonseca,Curitiba
V001680,5,6,5,2024-09-18 16:30:00,Cliente pediu embalagem para presente,Teclado Mecânico,Eletrônicos,189.9,Fábio Lacerda,São Paulo
V001681,6,16,1,2024-10-07 19:36:00,Sem Observação,Cabo USB-C,Eletrônicos,24.9,Pedro Henrique Lopes,Florianópolis
V001682,4,15,2,2024-08-18 22:04:00,Sem Observação,Mouse Gamer,Eletrônicos,99.9,Olívia Marques,Joinville
V001683,1,20,5,2024-11-23 12:50:00,Sem Observação,Fone Bluetooth,Eletrônicos,89.9,Tales Bittencourt,Florianópolis
V001684,9,15,4,2024-11-16 09:03:00,Endereço de entrega divergente do cadastro,Película de Vidro,Acessórios,14.9,Olívia Marques,Joinville
V001685,1,1,2,2024-08-03 09:42:00,Sem Observação,Fone Bluetooth,Eletrônicos,89.9,Alessandra Nogueira,Curitiba
V001686,13,13,2,2024-08-12 15:25:00,"Produto com defeito, aguardando troca",Hub USB,Acessórios,44.9,Marcela Tavares,Curitiba
V001687,6,12,1,2024-12-24 13:01:00,Cliente pediu embalagem para presente,Cabo USB-C,Eletrônicos,24.9,Leonardo Xavier,Florianópolis
V001689,8,1,3,2024-09-05 15:52:00,Sem Observação,Capinha de Celular,Acessórios,29.9,Alessandra Nogueira,Curitiba
V001690,1,7,2,2024-08-10 17:13:00,"Produto com defeito, aguardando troca",Fone Bluetooth,Eletrônicos,89.9,Giovana Peixoto,Joinville
V001691,1,4,1,2024-12-05 13:29:00,Sem Observação,Fone Bluetooth,Eletrônicos,89.9,Daniel Werneck,Florianópolis
V001692,4,3,2,2024-10-22 10:20:00,Sem Observação,Mouse Gamer,Eletrônicos,99.9,Cecília Prado,São Paulo
V001693,3,9,3,2024-11-29 13:26:00,Sem Observação,Caixa de Som Portátil,Eletrônicos,129.9,Isadora Brandão,Curitiba
V001694,3,11,1,2024-08-06 21:19:00,Sem Observação,Caixa de Som Portátil,Eletrônicos,129.9,Kelly Damasceno,Joinville
V001695,13,9,3,2024-09-20 11:12:00,Sem Observação,Hub USB,Acessórios,44.9,Isadora Brandão,Curitiba
V001696,3,2,4,2024-10-27 11:11:00,Compra feita via aplicação promocional,Caixa de Som Portátil,Eletrônicos,129.9,Bernardo Salles,Joinville
V001697,3,18,5,2024-10-13 17:12:00,Sem Observação,Caixa de Som Portátil,Eletrônicos,129.9,Ricardo Junqueira,São Paulo
V001698,15,5,5,2024-12-23 13:02:00,Cliente pediu embalagem para presente,Microfone de Lapela,Eletrônicos,69.9,Estela Cunha,Curitiba
V001699,6,3,4,2024-08-14 18:07:00,Sem Observação,Cabo USB-C,Eletrônicos,24.9,Cecília Prado,São Paulo
V001700,14,20,2,2024-12-04 08:30:00,Sem Observação,Webcam HD,Eletrônicos,119.9,Tales Bittencourt,Florianópolis
V001702,7,3,2,2024-11-14 10:49:00,Sem Observação,Suporte para Celular,Acessórios,19.9,Cecília Prado,São Paulo
V001703,7,20,2,2024-12-10 19:10:00,Sem Observação,Suporte para Celular,Acessórios,19.9,Tales Bittencourt,Florianópolis
V001704,12,4,4,2024-09-13 22:31:00,Endereço de entrega divergente do cadastro,Adaptador HDMI,Acessórios,34.9,Daniel Werneck,Florianópolis
V001705,9,4,5,2024-10-12 09:47:00,"Produto com defeito, aguardando troca",Película de Vidro,Acessórios,14.9,Daniel Werneck,Florianópolis
V001706,3,2,3,2024-10-18 21:59:00,Sem Observação,Caixa de Som Portátil,Eletrônicos,129.9,Bernardo Salles,Joinville
V001707,5,13,2,2024-12-12 09:08:00,Compra feita via aplicação promocional,Teclado Mecânico,Eletrônicos,189.9,Marcela Tavares,Curitiba
V001708,12,12,2,2024-09-29 11:34:00,Sem Observação,Adaptador HDMI,Acessórios,34.9,Leonardo Xavier,Florianópolis
V001709,13,7,1,2024-08-19 16:13:00,Sem Observação,Hub USB,Acessórios,44.9,Giovana Peixoto,Joinville
V001710,4,20,1,2024-08-11 14:34:00,Endereço de entrega divergente do cadastro,Mouse Gamer,Eletrônicos,99.9,Tales Bittencourt,Florianópolis
V001711,8,19,4,2024-08-31 21:20:00,Entrega expressa solicitada,Capinha de Celular,Acessórios,29.9,Sônia Aparecida Reis,Joinville
V001712,1,9,1,2024-10-07 13:53:00,Sem Observação,Fone Bluetooth,Eletrônicos,89.9,Isadora Brandão,Curitiba
V001713,3,7,5,2024-09-26 20:45:00,Entrega expressa solicitada,Caixa de Som Portátil,Eletrônicos,129.9,Giovana Peixoto,Joinville
V001714,13,15,5,2024-10-12 13:08:00,Sem Observação,Hub USB,Acessórios,44.9,Olívia Marques,Joinville
V001715,7,6,2,2024-12-18 09:42:00,Compra feita via aplicação promocional,Suporte para Celular,Acessórios,19.9,Fábio Lacerda,São Paulo
V001716,13,14,3,2024-08-22 16:16:00,Endereço de entrega divergente do cadastro,Hub USB,Acessórios,44.9,Nathan Correia,São Paulo
V001717,3,4,5,2024-12-24 16:14:00,Sem Observação,Caixa de Som Portátil,Eletrônicos,129.9,Daniel Werneck,Florianópolis
V001718,11,9,2,2024-10-04 21:38:00,Cliente pediu embalagem para presente,Smartwatch,Eletrônicos,249.9,Isadora Brandão,Curitiba
V001719,5,5,2,2024-11-14 10:46:00,Sem Observação,Teclado Mecânico,Eletrônicos,189.9,Estela Cunha,Curitiba
V001720,14,16,4,2024-08-06 19:55:00,Sem Observação,Webcam HD,Eletrônicos,119.9,Pedro Henrique Lopes,Florianópolis
V001721,11,20,5,2024-12-06 15:54:00,Compra feita via aplicação promocional,Smartwatch,Eletrônicos,249.9,Tales Bittencourt,Florianópolis
V001722,15,13,5,2024-11-20 18:01:00,Compra feita via aplicação promocional,Microfone de Lapela,Eletrônicos,69.9,Marcela Tavares,Curitiba
V001723,7,18,2,2024-11-08 19:18:00,"Produto com defeito, aguardando troca",Suporte para Celular,Acessórios,19.9,Ricardo Junqueira,São Paulo
V001724,3,1,3,2024-11-03 12:09:00,"Produto com defeito, aguardando troca",Caixa de Som Portátil,Eletrônicos,129.9,Alessandra Nogueira,Curitiba
V001725,7,18,1,2024-11-28 08:08:00,Entrega expressa solicitada,Suporte para Celular,Acessórios,19.9,Ricardo Junqueira,São Paulo
V001726,3,10,3,2024-10-07 20:20:00,Sem Observação,Caixa de Som Portátil,Eletrônicos,129.9,João Vitor Assis,São Paulo
V001728,12,17,2,2024-10-22 11:13:00,Cliente pediu embalagem para presente,Adaptador HDMI,Acessórios,34.9,Queila Fonseca,Curitiba
V001729,6,6,2,2024-08-19 10:24:00,Sem Observação,Cabo USB-C,Eletrônicos,24.9,Fábio Lacerda,São Paulo
V001730,15,15,1,2024-12-08 19:43:00,Sem Observação,Microfone de Lapela,Eletrônicos,69.9,Olívia Marques,Joinville
V001731,12,16,2,2024-10-17 14:42:00,"Produto com defeito, aguardando troca",Adaptador HDMI,Acessórios,34.9,Pedro Henrique Lopes,Florianópolis
V001732,7,11,2,2024-12-11 18:10:00,Sem Observação,Suporte para Celular,Acessórios,19.9,Kelly Damasceno,Joinville
V001733,5,14,1,2024-11-20 09:31:00,Cliente pediu embalagem para presente,Teclado Mecânico,Eletrônicos,189.9,Nathan Correia,São Paulo
V001734,13,4,3,2024-09-08 14:06:00,Entrega expressa solicitada,Hub USB,Acessórios,44.9,Daniel Werneck,Florianópolis
V001735,6,6,2,2024-10-09 18:23:00,Sem Observação,Cabo USB-C,Eletrônicos,24.9,Fábio Lacerda,São Paulo
V001736,1,17,3,2024-09-26 08:45:00,Sem Observação,Fone Bluetooth,Eletrônicos,89.9,Queila Fonseca,Curitiba
V001737,6,10,3,2024-11-20 21:16:00,Endereço de entrega divergente do cadastro,Cabo USB-C,Eletrônicos,24.9,João Vitor Assis,São Paulo
V001738,12,4,4,2024-09-08 17:56:00,Sem Observação,Adaptador HDMI,Acessórios,34.9,Daniel Werneck,Florianópolis
V001739,8,1,5,2024-12-24 13:22:00,Sem Observação,Capinha de Celular,Acessórios,29.9,Alessandra Nogueira,Curitiba
V001740,6,9,5,2024-10-13 16:07:00,Sem Observação,Cabo USB-C,Eletrônicos,24.9,Isadora Brandão,Curitiba
V001741,8,6,2,2024-12-29 17:26:00,Sem Observação,Capinha de Celular,Acessórios,29.9,Fábio Lacerda,São Paulo
V001742,3,15,3,2024-10-17 12:24:00,Compra feita via aplicação promocional,Caixa de Som Portátil,Eletrônicos,129.9,Olívia Marques,Joinville
V001743,10,11,3,2024-08-30 08:41:00,Sem Observação,Power Bank,Eletrônicos,79.9,Kelly Damasceno,Joinville
V001744,5,17,1,2024-09-05 11:03:00,Sem Observação,Teclado Mecânico,Eletrônicos,189.9,Queila Fonseca,Curitiba
V001745,7,18,5,2024-10-30 18:30:00,Sem Observação,Suporte para Celular,Acessórios,19.9,Ricardo Junqueira,São Paulo
V001746,6,8,4,2024-09-07 19:25:00,Compra feita via aplicação promocional,Cabo USB-C,Eletrônicos,24.9,Hugo Mendonça,Florianópolis
V001747,5,18,4,2024-11-18 10:32:00,Sem Observação,Teclado Mecânico,Eletrônicos,189.9,Ricardo Junqueira,São Paulo
V001748,1,12,2,2024-12-04 20:05:00,Cliente solicitou nota fiscal com CNPJ,Fone Bluetooth,Eletrônicos,89.9,Leonardo Xavier,Florianópolis
V001749,13,20,3,2024-10-14 14:53:00,Compra feita via aplicação promocional,Hub USB,Acessórios,44.9,Tales Bittencourt,Florianópolis
V001750,13,7,5,2024-10-10 13:36:00,Sem Observação,Hub USB,Acessórios,44.9,Giovana Peixoto,Joinville
V001751,1,10,3,2024-10-08 13:20:00,Compra feita via aplicação promocional,Fone Bluetooth,Eletrônicos,89.9,João Vitor Assis,São Paulo
V001752,2,11,1,2024-08-24 09:10:00,Sem Observação,Carregador Turbo,Eletrônicos,49.9,Kelly Damasceno,Joinville
V001753,2,16,5,2024-09-25 22:36:00,"Produto com defeito, aguardando troca",Carregador Turbo,Eletrônicos,49.9,Pedro Henrique Lopes,Florianópolis
V001754,13,14,1,2024-09-27 19:08:00,Sem Observação,Hub USB,Acessórios,44.9,Nathan Correia,São Paulo
V001755,8,4,4,2024-08-30 12:24:00,Sem Observação,Capinha de Celular,Acessórios,29.9,Daniel Werneck,Florianópolis
V001756,3,8,5,2024-09-20 16:33:00,Cliente solicitou nota fiscal com CNPJ,Caixa de Som Portátil,Eletrônicos,129.9,Hugo Mendonça,Florianópolis
V001757,9,19,2,2024-11-10 19:31:00,Cliente pediu embalagem para presente,Película de Vidro,Acessórios,14.9,Sônia Aparecida Reis,Joinville
V001758,14,19,5,2024-11-28 09:03:00,Sem Observação,Webcam HD,Eletrônicos,119.9,Sônia Aparecida Reis,Joinville
V001759,9,7,3,2024-11-22 10:07:00,Sem Observação,Película de Vidro,Acessórios,14.9,Giovana Peixoto,Joinville
V001760,9,15,1,2024-09-21 19:15:00,"Produto com defeito, aguardando troca",Película de Vidro,Acessórios,14.9,Olívia Marques,Joinville
V001761,14,15,4,2024-12-10 19:42:00,Sem Observação,Webcam HD,Eletrônicos,119.9,Olívia Marques,Joinville
V001762,1,17,2,2024-09-12 16:57:00,Sem Observação,Fone Bluetooth,Eletrônicos,89.9,Queila Fonseca,Curitiba
V001763,3,19,4,2024-09-19 10:44:00,"Produto com defeito, aguardando troca",Caixa de Som Portátil,Eletrônicos,129.9,Sônia Aparecida Reis,Joinville
V001764,9,7,4,2024-10-06 10:33:00,Sem Observação,Película de Vidro,Acessórios,14.9,Giovana Peixoto,Joinville
V001765,5,8,5,2024-09-18 19:45:00,Cliente solicitou nota fiscal com CNPJ,Teclado Mecânico,Eletrônicos,189.9,Hugo Mendonça,Florianópolis
V001767,4,8,3,2024-11-23 16:44:00,Entrega expressa solicitada,Mouse Gamer,Eletrônicos,99.9,Hugo Mendonça,Florianópolis
V001768,3,17,5,2024-09-30 13:06:00,Endereço de entrega divergente do cadastro,Caixa de Som Portátil,Eletrônicos,129.9,Queila Fonseca,Curitiba
V001769,12,2,3,2024-08-02 19:27:00,Cliente solicitou nota fiscal com CNPJ,Adaptador HDMI,Acessórios,34.9,Bernardo Salles,Joinville
V001770,6,3,5,2024-10-22 19:07:00,Sem Observação,Cabo USB-C,Eletrônicos,24.9,Cecília Prado,São Paulo
V001771,7,8,1,2024-12-17 08:06:00,Cliente pediu embalagem para presente,Suporte para Celular,Acessórios,19.9,Hugo Mendonça,Florianópolis
V001772,9,11,1,2024-09-22 11:38:00,Compra feita via aplicação promocional,Película de Vidro,Acessórios,14.9,Kelly Damasceno,Joinville
V001773,14,10,4,2024-11-10 17:29:00,Sem Observação,Webcam HD,Eletrônicos,119.9,João Vitor Assis,São Paulo
V001774,12,19,4,2024-09-30 17:55:00,Endereço de entrega divergente do cadastro,Adaptador HDMI,Acessórios,34.9,Sônia Aparecida Reis,Joinville
V001775,8,15,2,2024-11-19 18:45:00,Sem Observação,Capinha de Celular,Acessórios,29.9,Olívia Marques,Joinville
V001776,10,10,2,2024-09-16 11:01:00,Sem Observação,Power Bank,Eletrônicos,79.9,João Vitor Assis,São Paulo
V001777,9,14,5,2024-08-10 16:00:00,Sem Observação,Película de Vidro,Acessórios,14.9,Nathan Correia,São Paulo
V001778,8,13,2,2024-11-07 08:02:00,Sem Observação,Capinha de Celular,Acessórios,29.9,Marcela Tavares,Curitiba
V001779,8,8,3,2024-09-29 20:16:00,Endereço de entrega divergente do cadastro,Capinha de Celular,Acessórios,29.9,Hugo Mendonça,Florianópolis
V001780,5,14,5,2024-09-05 10:33:00,Cliente pediu embalagem para presente,Teclado Mecânico,Eletrônicos,189.9,Nathan Correia,São Paulo
V001781,15,10,1,2024-08-30 18:16:00,Cliente solicitou nota fiscal com CNPJ,Microfone de Lapela,Eletrônicos,69.9,João Vitor Assis,São Paulo
V001782,7,16,4,2024-11-18 21:08:00,Sem Observação,Suporte para Celular,Acessórios,19.9,Pedro Henrique Lopes,Florianópolis
V001783,4,5,2,2024-10-18 08:03:00,Cliente solicitou nota fiscal com CNPJ,Mouse Gamer,Eletrônicos,99.9,Estela Cunha,Curitiba
V001784,6,18,4,2024-12-02 20:19:00,Sem Observação,Cabo USB-C,Eletrônicos,24.9,Ricardo Junqueira,São Paulo
V001785,15,17,4,2024-11-09 14:23:00,Compra feita via aplicação promocional,Microfone de Lapela,Eletrônicos,69.9,Queila Fonseca,Curitiba
V001786,1,9,4,2024-08-27 12:32:00,Sem Observação,Fone Bluetooth,Eletrônicos,89.9,Isadora Brandão,Curitiba
V001787,15,1,2,2024-09-28 15:09:00,Cliente pediu embalagem para presente,Microfone de Lapela,Eletrônicos,69.9,Alessandra Nogueira,Curitiba
V001788,6,8,2,2024-11-13 22:54:00,Sem Observação,Cabo USB-C,Eletrônicos,24.9,Hugo Mendonça,Florianópolis
V001789,15,12,5,2024-08-15 10:30:00,"Produto com defeito, aguardando troca",Microfone de Lapela,Eletrônicos,69.9,Leonardo Xavier,Florianópolis
V001790,2,8,1,2024-11-16 14:17:00,Cliente solicitou nota fiscal com CNPJ,Carregador Turbo,Eletrônicos,49.9,Hugo Mendonça,Florianópolis
V001791,11,17,5,2024-08-23 15:10:00,Sem Observação,Smartwatch,Eletrônicos,249.9,Queila Fonseca,Curitiba
V001792,12,8,4,2024-10-28 11:11:00,Compra feita via aplicação promocional,Adaptador HDMI,Acessórios,34.9,Hugo Mendonça,Florianópolis
V001793,10,20,5,2024-09-24 18:04:00,Cliente solicitou nota fiscal com CNPJ,Power Bank,Eletrônicos,79.9,Tales Bittencourt,Florianópolis
V001794,11,14,3,2024-09-26 17:54:00,Sem Observação,Smartwatch,Eletrônicos,249.9,Nathan Correia,São Paulo
V001795,3,5,5,2024-08-26 19:59:00,Sem Observação,Caixa de Som Portátil,Eletrônicos,129.9,Estela Cunha,Curitiba
V001796,8,12,2,2024-10-05 21:49:00,Compra feita via aplicação promocional,Capinha de Celular,Acessórios,29.9,Leonardo Xavier,Florianópolis
V001797,1,4,5,2024-08-23 08:37:00,Sem Observação,Fone Bluetooth,Eletrônicos,89.9,Daniel Werneck,Florianópolis
V001798,9,2,5,2024-10-19 20:45:00,Endereço de entrega divergente do cadastro,Película de Vidro,Acessórios,14.9,Bernardo Salles,Joinville
V001799,14,3,5,2024-10-02 21:37:00,"Produto com defeito, aguardando troca",Webcam HD,Eletrônicos,119.9,Cecília Prado,São Paulo
V001800,10,7,3,2024-10-04 10:10:00,Cliente solicitou nota fiscal com CNPJ,Power Bank,Eletrônicos,79.9,Giovana Peixoto,Joinville
V001802,9,13,2,2024-11-02 12:41:00,Sem Observação,Película de Vidro,Acessórios,14.9,Marcela Tavares,Curitiba
V001803,13,19,5,2024-08-07 08:31:00,Sem Observação,Hub USB,Acessórios,44.9,Sônia Aparecida Reis,Joinville
V001804,7,7,5,2024-12-07 10:18:00,Endereço de entrega divergente do cadastro,Suporte para Celular,Acessórios,19.9,Giovana Peixoto,Joinville
V001805,5,2,3,2024-12-05 12:20:00,Entrega expressa solicitada,Teclado Mecânico,Eletrônicos,189.9,Bernardo Salles,Joinville
V001806,12,2,1,2024-10-10 21:36:00,Sem Observação,Adaptador HDMI,Acessórios,34.9,Bernardo Salles,Joinville
V001807,10,4,4,2024-08-06 16:49:00,Entrega expressa solicitada,Power Bank,Eletrônicos,79.9,Daniel Werneck,Florianópolis
V001808,4,4,1,2024-11-29 17:53:00,Sem Observação,Mouse Gamer,Eletrônicos,99.9,Daniel Werneck,Florianópolis
V001809,12,17,1,2024-08-05 11:43:00,Sem Observação,Adaptador HDMI,Acessórios,34.9,Queila Fonseca,Curitiba
V001810,10,16,4,2024-12-21 10:16:00,Sem Observação,Power Bank,Eletrônicos,79.9,Pedro Henrique Lopes,Florianópolis
V001811,10,11,2,2024-12-06 20:57:00,Sem Observação,Power Bank,Eletrônicos,79.9,Kelly Damasceno,Joinville
V001812,13,20,1,2024-12-09 19:33:00,Sem Observação,Hub USB,Acessórios,44.9,Tales Bittencourt,Florianópolis
V001813,4,14,3,2024-11-16 11:24:00,Sem Observação,Mouse Gamer,Eletrônicos,99.9,Nathan Correia,São Paulo
V001814,2,13,5,2024-12-17 18:59:00,Cliente pediu embalagem para presente,Carregador Turbo,Eletrônicos,49.9,Marcela Tavares,Curitiba
V001815,15,18,1,2024-12-03 11:57:00,Sem Observação,Microfone de Lapela,Eletrônicos,69.9,Ricardo Junqueira,São Paulo
V001816,9,6,4,2024-08-30 15:55:00,"Produto com defeito, aguardando troca",Película de Vidro,Acessórios,14.9,Fábio Lacerda,São Paulo
V001817,14,19,1,2024-11-15 15:45:00,Sem Observação,Webcam HD,Eletrônicos,119.9,Sônia Aparecida Reis,Joinville
V001818,8,18,4,2024-09-26 12:52:00,Entrega expressa solicitada,Capinha de Celular,Acessórios,29.9,Ricardo Junqueira,São Paulo
V001819,1,9,3,2024-10-22 17:35:00,Compra feita via aplicação promocional,Fone Bluetooth,Eletrônicos,89.9,Isadora Brandão,Curitiba
V001820,5,16,1,2024-11-15 15:04:00,Compra feita via aplicação promocional,Teclado Mecânico,Eletrônicos,189.9,Pedro Henrique Lopes,Florianópolis
V001821,5,20,2,2024-12-01 11:55:00,Sem Observação,Teclado Mecânico,Eletrônicos,189.9,Tales Bittencourt,Florianópolis
V001822,5,10,2,2024-09-10 21:03:00,Sem Observação,Teclado Mecânico,Eletrônicos,189.9,João Vitor Assis,São Paulo
V001823,7,20,5,2024-10-25 14:44:00,Cliente solicitou nota fiscal com CNPJ,Suporte para Celular,Acessórios,19.9,Tales Bittencourt,Florianópolis
V001824,4,1,1,2024-12-26 17:53:00,"Produto com defeito, aguardando troca",Mouse Gamer,Eletrônicos,99.9,Alessandra Nogueira,Curitiba
V001825,1,4,2,2024-09-18 20:41:00,Sem Observação,Fone Bluetooth,Eletrônicos,89.9,Daniel Werneck,Florianópolis
V001826,5,13,3,2024-11-07 21:29:00,Sem Observação,Teclado Mecânico,Eletrônicos,189.9,Marcela Tavares,Curitiba
V001827,2,13,3,2024-10-11 22:47:00,Sem Observação,Carregador Turbo,Eletrônicos,49.9,Marcela Tavares,Curitiba
V001828,4,18,3,2024-12-06 08:29:00,Sem Observação,Mouse Gamer,Eletrônicos,99.9,Ricardo Junqueira,São Paulo
V001829,7,8,4,2024-12-13 10:47:00,Cliente solicitou nota fiscal com CNPJ,Suporte para Celular,Acessórios,19.9,Hugo Mendonça,Florianópolis
V001830,15,3,3,2024-08-29 19:28:00,Sem Observação,Microfone de Lapela,Eletrônicos,69.9,Cecília Prado,São Paulo
V001831,11,5,5,2024-11-07 10:41:00,Sem Observação,Smartwatch,Eletrônicos,249.9,Estela Cunha,Curitiba
V001832,7,3,3,2024-11-04 12:14:00,Cliente pediu embalagem para presente,Suporte para Celular,Acessórios,19.9,Cecília Prado,São Paulo
V001833,1,10,1,2024-10-29 11:43:00,Sem Observação,Fone Bluetooth,Eletrônicos,89.9,João Vitor Assis,São Paulo
V001834,15,19,4,2024-12-03 16:55:00,Sem Observação,Microfone de Lapela,Eletrônicos,69.9,Sônia Aparecida Reis,Joinville
V001835,15,17,3,2024-11-02 19:05:00,Sem Observação,Microfone de Lapela,Eletrônicos,69.9,Queila Fonseca,Curitiba
V001836,13,11,1,2024-11-21 14:34:00,Endereço de entrega divergente do cadastro,Hub USB,Acessórios,44.9,Kelly Damasceno,Joinville
V001837,6,3,2,2024-11-26 19:17:00,Endereço de entrega divergente do cadastro,Cabo USB-C,Eletrônicos,24.9,Cecília Prado,São Paulo
V001838,5,2,3,2024-12-14 19:19:00,Compra feita via aplicação promocional,Teclado Mecânico,Eletrônicos,189.9,Bernardo Salles,Joinville
V001839,9,6,4,2024-11-24 22:12:00,Endereço de entrega divergente do cadastro,Película de Vidro,Acessórios,14.9,Fábio Lacerda,São Paulo
V001840,13,1,3,2024-12-02 19:26:00,Cliente solicitou nota fiscal com CNPJ,Hub USB,Acessórios,44.9,Alessandra Nogueira,Curitiba
V001841,6,6,2,2024-09-11 08:08:00,Entrega expressa solicitada,Cabo USB-C,Eletrônicos,24.9,Fábio Lacerda,São Paulo
V001842,14,6,4,2024-08-25 20:31:00,"Produto com defeito, aguardando troca",Webcam HD,Eletrônicos,119.9,Fábio Lacerda,São Paulo
V001843,15,20,3,2024-09-02 16:46:00,Sem Observação,Microfone de Lapela,Eletrônicos,69.9,Tales Bittencourt,Florianópolis
V001844,3,9,4,2024-10-09 14:16:00,Entrega expressa solicitada,Caixa de Som Portátil,Eletrônicos,129.9,Isadora Brandão,Curitiba
V001845,1,11,4,2024-12-10 22:28:00,Sem Observação,Fone Bluetooth,Eletrônicos,89.9,Kelly Damasceno,Joinville
V001846,3,1,1,2024-10-01 09:42:00,Compra feita via aplicação promocional,Caixa de Som Portátil,Eletrônicos,129.9,Alessandra Nogueira,Curitiba
V001847,12,11,1,2024-12-07 14:41:00,Cliente solicitou nota fiscal com CNPJ,Adaptador HDMI,Acessórios,34.9,Kelly Damasceno,Joinville
V001848,9,11,4,2024-11-19 10:37:00,"Produto com defeito, aguardando troca",Película de Vidro,Acessórios,14.9,Kelly Damasceno,Joinville
V001849,14,2,1,2024-09-13 08:23:00,Compra feita via aplicação promocional,Webcam HD,Eletrônicos,119.9,Bernardo Salles,Joinville
V001850,15,12,4,2024-09-19 20:21:00,Sem Observação,Microfone de Lapela,Eletrônicos,69.9,Leonardo Xavier,Florianópolis
V001851,5,16,5,2024-09-30 10:35:00,Cliente solicitou nota fiscal com CNPJ,Teclado Mecânico,Eletrônicos,189.9,Pedro Henrique Lopes,Florianópolis
V001852,13,17,2,2024-08-13 09:40:00,Endereço de entrega divergente do cadastro,Hub USB,Acessórios,44.9,Queila Fonseca,Curitiba
V001853,6,17,4,2024-08-12 10:27:00,Cliente solicitou nota fiscal com CNPJ,Cabo USB-C,Eletrônicos,24.9,Queila Fonseca,Curitiba
V001854,3,18,3,2024-11-24 20:42:00,Compra feita via aplicação promocional,Caixa de Som Portátil,Eletrônicos,129.9,Ricardo Junqueira,São Paulo
V001856,6,5,2,2024-11-06 16:50:00,Sem Observação,Cabo USB-C,Eletrônicos,24.9,Estela Cunha,Curitiba
V001857,6,2,2,2024-08-30 13:15:00,Cliente solicitou nota fiscal com CNPJ,Cabo USB-C,Eletrônicos,24.9,Bernardo Salles,Joinville
V001858,12,4,2,2024-12-29 19:20:00,Compra feita via aplicação promocional,Adaptador HDMI,Acessórios,34.9,Daniel Werneck,Florianópolis
V001860,1,13,4,2024-12-23 19:53:00,Compra feita via aplicação promocional,Fone Bluetooth,Eletrônicos,89.9,Marcela Tavares,Curitiba
V001861,13,9,4,2024-10-26 10:12:00,Sem Observação,Hub USB,Acessórios,44.9,Isadora Brandão,Curitiba
V001862,10,6,3,2024-08-30 11:23:00,Sem Observação,Power Bank,Eletrônicos,79.9,Fábio Lacerda,São Paulo
V001863,7,7,4,2024-10-12 17:54:00,"Produto com defeito, aguardando troca",Suporte para Celular,Acessórios,19.9,Giovana Peixoto,Joinville
V001864,1,11,1,2024-10-22 14:40:00,Entrega expressa solicitada,Fone Bluetooth,Eletrônicos,89.9,Kelly Damasceno,Joinville
V001865,5,13,2,2024-10-30 10:02:00,Entrega expressa solicitada,Teclado Mecânico,Eletrônicos,189.9,Marcela Tavares,Curitiba
V001866,1,1,3,2024-10-14 11:19:00,Sem Observação,Fone Bluetooth,Eletrônicos,89.9,Alessandra Nogueira,Curitiba
V001867,15,13,5,2024-09-18 13:15:00,Cliente solicitou nota fiscal com CNPJ,Microfone de Lapela,Eletrônicos,69.9,Marcela Tavares,Curitiba
V001868,3,4,5,2024-11-23 19:08:00,Compra feita via aplicação promocional,Caixa de Som Portátil,Eletrônicos,129.9,Daniel Werneck,Florianópolis
V001869,7,11,1,2024-09-27 19:35:00,Cliente solicitou nota fiscal com CNPJ,Suporte para Celular,Acessórios,19.9,Kelly Damasceno,Joinville
V001870,13,5,2,2024-12-11 17:42:00,Sem Observação,Hub USB,Acessórios,44.9,Estela Cunha,Curitiba
V001871,8,13,5,2024-11-19 09:54:00,Sem Observação,Capinha de Celular,Acessórios,29.9,Marcela Tavares,Curitiba
V001872,4,7,1,2024-12-23 22:51:00,"Produto com defeito, aguardando troca",Mouse Gamer,Eletrônicos,99.9,Giovana Peixoto,Joinville
V001873,8,1,3,2024-10-20 10:49:00,"Produto com defeito, aguardando troca",Capinha de Celular,Acessórios,29.9,Alessandra Nogueira,Curitiba
V001874,10,15,3,2024-08-23 15:50:00,Cliente solicitou nota fiscal com CNPJ,Power Bank,Eletrônicos,79.9,Olívia Marques,Joinville
V001875,4,20,3,2024-09-09 09:58:00,Entrega expressa solicitada,Mouse Gamer,Eletrônicos,99.9,Tales Bittencourt,Florianópolis
V001876,4,4,3,2024-10-02 22:35:00,Sem Observação,Mouse Gamer,Eletrônicos,99.9,Daniel Werneck,Florianópolis
V001877,4,14,2,2024-12-18 11:34:00,Entrega expressa solicitada,Mouse Gamer,Eletrônicos,99.9,Nathan Correia,São Paulo
V001878,4,12,3,2024-09-17 17:40:00,Sem Observação,Mouse Gamer,Eletrônicos,99.9,Leonardo Xavier,Florianópolis
V001879,1,14,2,2024-12-29 22:10:00,Sem Observação,Fone Bluetooth,Eletrônicos,89.9,Nathan Correia,São Paulo
V001880,1,6,4,2024-08-24 19:16:00,Sem Observação,Fone Bluetooth,Eletrônicos,89.9,Fábio Lacerda,São Paulo
V001881,2,3,5,2024-09-03 11:51:00,Cliente solicitou nota fiscal com CNPJ,Carregador Turbo,Eletrônicos,49.9,Cecília Prado,São Paulo
V001882,8,8,2,2024-12-20 09:43:00,Cliente pediu embalagem para presente,Capinha de Celular,Acessórios,29.9,Hugo Mendonça,Florianópolis
V001883,5,16,1,2024-11-02 18:54:00,Endereço de entrega divergente do cadastro,Teclado Mecânico,Eletrônicos,189.9,Pedro Henrique Lopes,Florianópolis
V001884,9,19,1,2024-09-26 14:37:00,Cliente pediu embalagem para presente,Película de Vidro,Acessórios,14.9,Sônia Aparecida Reis,Joinville
V001885,3,20,4,2024-11-20 14:39:00,Cliente solicitou nota fiscal com CNPJ,Caixa de Som Portátil,Eletrônicos,129.9,Tales Bittencourt,Florianópolis
V001886,7,5,2,2024-10-15 21:00:00,Cliente solicitou nota fiscal com CNPJ,Suporte para Celular,Acessórios,19.9,Estela Cunha,Curitiba
V001887,7,14,3,2024-09-30 08:02:00,Entrega expressa solicitada,Suporte para Celular,Acessórios,19.9,Nathan Correia,São Paulo
V001888,6,3,4,2024-09-06 16:14:00,Sem Observação,Cabo USB-C,Eletrônicos,24.9,Cecília Prado,São Paulo
V001889,13,20,5,2024-10-14 21:08:00,Endereço de entrega divergente do cadastro,Hub USB,Acessórios,44.9,Tales Bittencourt,Florianópolis
V001890,3,4,1,2024-12-13 22:18:00,Entrega expressa solicitada,Caixa de Som Portátil,Eletrônicos,129.9,Daniel Werneck,Florianópolis
V001891,1,18,2,2024-10-03 13:27:00,Endereço de entrega divergente do cadastro,Fone Bluetooth,Eletrônicos,89.9,Ricardo Junqueira,São Paulo
V001893,10,15,4,2024-12-20 19:51:00,Sem Observação,Power Bank,Eletrônicos,79.9,Olívia Marques,Joinville
V001894,12,4,2,2024-08-15 11:36:00,Sem Observação,Adaptador HDMI,Acessórios,34.9,Daniel Werneck,Florianópolis
V001895,10,13,1,2024-10-08 16:54:00,Endereço de entrega divergente do cadastro,Power Bank,Eletrônicos,79.9,Marcela Tavares,Curitiba
V001896,8,14,2,2024-10-02 22:19:00,Sem Observação,Capinha de Celular,Acessórios,29.9,Nathan Correia,São Paulo
V001897,13,5,4,2024-10-12 08:49:00,Cliente solicitou nota fiscal com CNPJ,Hub USB,Acessórios,44.9,Estela Cunha,Curitiba
V001898,11,9,2,2024-09-29 17:38:00,Sem Observação,Smartwatch,Eletrônicos,249.9,Isadora Brandão,Curitiba
V001899,7,12,2,2024-08-02 19:04:00,Entrega expressa solicitada,Suporte para Celular,Acessórios,19.9,Leonardo Xavier,Florianópolis
V001900,6,14,1,2024-10-05 10:13:00,"Produto com defeito, aguardando troca",Cabo USB-C,Eletrônicos,24.9,Nathan Correia,São Paulo
V001901,1,9,3,2024-09-08 17:34:00,Entrega expressa solicitada,Fone Bluetooth,Eletrônicos,89.9,Isadora Brandão,Curitiba
V001902,8,11,5,2024-08-13 17:34:00,Sem Observação,Capinha de Celular,Acessórios,29.9,Kelly Damasceno,Joinville
V001903,5,16,1,2024-11-22 11:51:00,Cliente pediu embalagem para presente,Teclado Mecânico,Eletrônicos,189.9,Pedro Henrique Lopes,Florianópolis
V001904,3,2,1,2024-10-13 15:35:00,Endereço de entrega divergente do cadastro,Caixa de Som Portátil,Eletrônicos,129.9,Bernardo Salles,Joinville
V001905,14,15,4,2024-09-15 15:33:00,Endereço de entrega divergente do cadastro,Webcam HD,Eletrônicos,119.9,Olívia Marques,Joinville
V001906,13,16,1,2024-08-05 09:35:00,Sem Observação,Hub USB,Acessórios,44.9,Pedro Henrique Lopes,Florianópolis
V001907,2,2,3,2024-12-04 14:31:00,"Produto com defeito, aguardando troca",Carregador Turbo,Eletrônicos,49.9,Bernardo Salles,Joinville
V001908,14,20,5,2024-08-25 08:58:00,Sem Observação,Webcam HD,Eletrônicos,119.9,Tales Bittencourt,Florianópolis
V001909,13,6,3,2024-12-16 20:07:00,Sem Observação,Hub USB,Acessórios,44.9,Fábio Lacerda,São Paulo
V001910,15,11,2,2024-11-17 14:40:00,Endereço de entrega divergente do cadastro,Microfone de Lapela,Eletrônicos,69.9,Kelly Damasceno,Joinville
V001911,4,12,4,2024-10-11 14:41:00,"Produto com defeito, aguardando troca",Mouse Gamer,Eletrônicos,99.9,Leonardo Xavier,Florianópolis
V001912,3,5,1,2024-10-25 11:49:00,Compra feita via aplicação promocional,Caixa de Som Portátil,Eletrônicos,129.9,Estela Cunha,Curitiba
V001913,2,12,5,2024-09-12 13:35:00,Sem Observação,Carregador Turbo,Eletrônicos,49.9,Leonardo Xavier,Florianópolis
V001914,7,6,1,2024-10-29 21:42:00,Entrega expressa solicitada,Suporte para Celular,Acessórios,19.9,Fábio Lacerda,São Paulo
V001915,2,11,5,2024-10-13 18:08:00,Cliente pediu embalagem para presente,Carregador Turbo,Eletrônicos,49.9,Kelly Damasceno,Joinville
V001916,6,18,3,2024-10-03 19:14:00,Cliente pediu embalagem para presente,Cabo USB-C,Eletrônicos,24.9,Ricardo Junqueira,São Paulo
V001918,9,6,2,2024-09-13 14:43:00,Entrega expressa solicitada,Película de Vidro,Acessórios,14.9,Fábio Lacerda,São Paulo
V001919,9,20,1,2024-10-31 19:17:00,"Produto com defeito, aguardando troca",Película de Vidro,Acessórios,14.9,Tales Bittencourt,Florianópolis
V001920,5,12,5,2024-08-23 10:04:00,Compra feita via aplicação promocional,Teclado Mecânico,Eletrônicos,189.9,Leonardo Xavier,Florianópolis
V001922,14,1,3,2024-09-12 18:34:00,Endereço de entrega divergente do cadastro,Webcam HD,Eletrônicos,119.9,Alessandra Nogueira,Curitiba
V001923,3,3,4,2024-08-08 19:05:00,Sem Observação,Caixa de Som Portátil,Eletrônicos,129.9,Cecília Prado,São Paulo
V001925,12,10,2,2024-08-26 12:15:00,Sem Observação,Adaptador HDMI,Acessórios,34.9,João Vitor Assis,São Paulo
V001926,12,10,4,2024-10-29 21:59:00,Entrega expressa solicitada,Adaptador HDMI,Acessórios,34.9,João Vitor Assis,São Paulo
V001927,14,4,3,2024-08-20 17:19:00,Cliente pediu embalagem para presente,Webcam HD,Eletrônicos,119.9,Daniel Werneck,Florianópolis
V001928,7,8,2,2024-12-27 18:16:00,Compra feita via aplicação promocional,Suporte para Celular,Acessórios,19.9,Hugo Mendonça,Florianópolis
V001929,11,15,5,2024-10-31 15:31:00,"Produto com defeito, aguardando troca",Smartwatch,Eletrônicos,249.9,Olívia Marques,Joinville
V001930,13,3,4,2024-08-21 19:52:00,Sem Observação,Hub USB,Acessórios,44.9,Cecília Prado,São Paulo
V001931,8,8,3,2024-10-23 14:32:00,"Produto com defeito, aguardando troca",Capinha de Celular,Acessórios,29.9,Hugo Mendonça,Florianópolis
V001932,1,19,3,2024-11-27 10:47:00,Sem Observação,Fone Bluetooth,Eletrônicos,89.9,Sônia Aparecida Reis,Joinville
V001934,10,2,3,2024-09-30 14:04:00,Sem Observação,Power Bank,Eletrônicos,79.9,Bernardo Salles,Joinville
V001935,3,16,3,2024-08-05 08:06:00,Endereço de entrega divergente do cadastro,Caixa de Som Portátil,Eletrônicos,129.9,Pedro Henrique Lopes,Florianópolis
V001936,15,5,3,2024-12-02 19:18:00,Compra feita via aplicação promocional,Microfone de Lapela,Eletrônicos,69.9,Estela Cunha,Curitiba
V001937,11,8,2,2024-11-06 08:44:00,Sem Observação,Smartwatch,Eletrônicos,249.9,Hugo Mendonça,Florianópolis
V001939,1,5,2,2024-10-22 15:17:00,Sem Observação,Fone Bluetooth,Eletrônicos,89.9,Estela Cunha,Curitiba
V001940,12,8,1,2024-09-10 12:14:00,Endereço de entrega divergente do cadastro,Adaptador HDMI,Acessórios,34.9,Hugo Mendonça,Florianópolis
V001941,9,9,2,2024-08-18 17:02:00,Entrega expressa solicitada,Película de Vidro,Acessórios,14.9,Isadora Brandão,Curitiba
V001942,11,1,5,2024-09-14 19:46:00,Compra feita via aplicação promocional,Smartwatch,Eletrônicos,249.9,Alessandra Nogueira,Curitiba
V001943,12,11,4,2024-08-23 20:17:00,Sem Observação,Adaptador HDMI,Acessórios,34.9,Kelly Damasceno,Joinville
V001944,8,12,1,2024-08-08 14:37:00,Compra feita via aplicação promocional,Capinha de Celular,Acessórios,29.9,Leonardo Xavier,Florianópolis
V001945,3,10,4,2024-09-07 21:03:00,Endereço de entrega divergente do cadastro,Caixa de Som Portátil,Eletrônicos,129.9,João Vitor Assis,São Paulo
V001946,12,9,2,2024-12-18 17:50:00,Entrega expressa solicitada,Adaptador HDMI,Acessórios,34.9,Isadora Brandão,Curitiba
V001947,8,2,4,2024-11-06 12:24:00,Compra feita via aplicação promocional,Capinha de Celular,Acessórios,29.9,Bernardo Salles,Joinville
V001948,15,8,2,2024-09-06 18:36:00,Endereço de entrega divergente do cadastro,Microfone de Lapela,Eletrônicos,69.9,Hugo Mendonça,Florianópolis
V001949,7,9,5,2024-08-22 13:05:00,Sem Observação,Suporte para Celular,Acessórios,19.9,Isadora Brandão,Curitiba
V001950,3,17,2,2024-09-07 16:19:00,"Produto com defeito, aguardando troca",Caixa de Som Portátil,Eletrônicos,129.9,Queila Fonseca,Curitiba
V001951,13,14,1,2024-11-29 22:17:00,Cliente pediu embalagem para presente,Hub USB,Acessórios,44.9,Nathan Correia,São Paulo
V001952,12,1,4,2024-08-04 20:55:00,Sem Observação,Adaptador HDMI,Acessórios,34.9,Alessandra Nogueira,Curitiba
V001953,14,11,5,2024-12-26 19:51:00,Cliente pediu embalagem para presente,Webcam HD,Eletrônicos,119.9,Kelly Damasceno,Joinville
V001954,10,20,4,2024-09-23 16:39:00,Endereço de entrega divergente do cadastro,Power Bank,Eletrônicos,79.9,Tales Bittencourt,Florianópolis
V001955,3,13,4,2024-11-13 10:11:00,Sem Observação,Caixa de Som Portátil,Eletrônicos,129.9,Marcela Tavares,Curitiba
V001956,13,15,5,2024-10-21 11:40:00,Cliente pediu embalagem para presente,Hub USB,Acessórios,44.9,Olívia Marques,Joinville
V001957,9,3,5,2024-10-09 16:25:00,Endereço de entrega divergente do cadastro,Película de Vidro,Acessórios,14.9,Cecília Prado,São Paulo
V001958,1,13,1,2024-09-21 22:14:00,Cliente solicitou nota fiscal com CNPJ,Fone Bluetooth,Eletrônicos,89.9,Marcela Tavares,Curitiba
V001960,8,7,1,2024-09-01 17:39:00,Sem Observação,Capinha de Celular,Acessórios,29.9,Giovana Peixoto,Joinville
V001961,10,2,2,2024-08-01 15:07:00,Cliente pediu embalagem para presente,Power Bank,Eletrônicos,79.9,Bernardo Salles,Joinville
V001962,6,9,4,2024-08-14 15:33:00,Cliente pediu embalagem para presente,Cabo USB-C,Eletrônicos,24.9,Isadora Brandão,Curitiba
V001963,5,15,1,2024-12-07 09:18:00,Cliente pediu embalagem para presente,Teclado Mecânico,Eletrônicos,189.9,Olívia Marques,Joinville
V001964,1,18,5,2024-12-26 22:49:00,Sem Observação,Fone Bluetooth,Eletrônicos,89.9,Ricardo Junqueira,São Paulo
V001965,15,17,4,2024-11-14 20:48:00,Sem Observação,Microfone de Lapela,Eletrônicos,69.9,Queila Fonseca,Curitiba
V001966,14,14,3,2024-11-04 22:10:00,"Produto com defeito, aguardando troca",Webcam HD,Eletrônicos,119.9,Nathan Correia,São Paulo
V001968,7,15,2,2024-08-11 14:51:00,"Produto com defeito, aguardando troca",Suporte para Celular,Acessórios,19.9,Olívia Marques,Joinville
V001969,2,16,2,2024-10-24 10:31:00,Sem Observação,Carregador Turbo,Eletrônicos,49.9,Pedro Henrique Lopes,Florianópolis
V001970,6,2,3,2024-09-23 09:24:00,Cliente pediu embalagem para presente,Cabo USB-C,Eletrônicos,24.9,Bernardo Salles,Joinville
V001971,3,16,5,2024-11-23 20:54:00,Sem Observação,Caixa de Som Portátil,Eletrônicos,129.9,Pedro Henrique Lopes,Florianópolis
V001972,11,10,1,2024-10-21 21:43:00,Entrega expressa solicitada,Smartwatch,Eletrônicos,249.9,João Vitor Assis,São Paulo
V001973,1,2,3,2024-11-13 15:53:00,Sem Observação,Fone Bluetooth,Eletrônicos,89.9,Bernardo Salles,Joinville
V001974,11,11,5,2024-09-22 22:02:00,"Produto com defeito, aguardando troca",Smartwatch,Eletrônicos,249.9,Kelly Damasceno,Joinville
V001975,1,9,3,2024-08-23 19:59:00,Cliente solicitou nota fiscal com CNPJ,Fone Bluetooth,Eletrônicos,89.9,Isadora Brandão,Curitiba
V001976,13,17,5,2024-09-10 13:09:00,Entrega expressa solicitada,Hub USB,Acessórios,44.9,Queila Fonseca,Curitiba
V001977,4,15,1,2024-08-09 15:36:00,Sem Observação,Mouse Gamer,Eletrônicos,99.9,Olívia Marques,Joinville
V001978,5,2,1,2024-12-07 12:26:00,Entrega expressa solicitada,Teclado Mecânico,Eletrônicos,189.9,Bernardo Salles,Joinville
V001979,10,10,1,2024-09-14 19:58:00,Sem Observação,Power Bank,Eletrônicos,79.9,João Vitor Assis,São Paulo
V001980,6,14,4,2024-12-19 09:40:00,Cliente pediu embalagem para presente,Cabo USB-C,Eletrônicos,24.9,Nathan Correia,São Paulo
V001981,8,17,4,2024-11-17 15:04:00,Cliente pediu embalagem para presente,Capinha de Celular,Acessórios,29.9,Queila Fonseca,Curitiba
V001982,15,1,1,2024-08-09 10:56:00,Sem Observação,Microfone de Lapela,Eletrônicos,69.9,Alessandra Nogueira,Curitiba
V001983,8,9,1,2024-09-11 22:41:00,Sem Observação,Capinha de Celular,Acessórios,29.9,Isadora Brandão,Curitiba
V001984,7,11,5,2024-10-04 10:51:00,Compra feita via aplicação promocional,Suporte para Celular,Acessórios,19.9,Kelly Damasceno,Joinville
V001985,7,9,1,2024-08-09 11:38:00,Sem Observação,Suporte para Celular,Acessórios,19.9,Isadora Brandão,Curitiba
V001986,8,17,4,2024-10-08 15:31:00,Cliente pediu embalagem para presente,Capinha de Celular,Acessórios,29.9,Queila Fonseca,Curitiba
V001987,8,13,2,2024-11-26 18:27:00,Sem Observação,Capinha de Celular,Acessórios,29.9,Marcela Tavares,Curitiba
V001988,3,2,3,2024-11-11 17:27:00,Cliente solicitou nota fiscal com CNPJ,Caixa de Som Portátil,Eletrônicos,129.9,Bernardo Salles,Joinville
V001989,6,5,4,2024-11-16 15:12:00,"Produto com defeito, aguardando troca",Cabo USB-C,Eletrônicos,24.9,Estela Cunha,Curitiba
V001990,13,15,4,2024-11-06 16:28:00,"Produto com defeito, aguardando troca",Hub USB,Acessórios,44.9,Olívia Marques,Joinville
V001991,12,13,1,2024-10-26 21:33:00,Cliente pediu embalagem para presente,Adaptador HDMI,Acessórios,34.9,Marcela Tavares,Curitiba
V001992,14,5,4,2024-11-03 08:55:00,"Produto com defeito, aguardando troca",Webcam HD,Eletrônicos,119.9,Estela Cunha,Curitiba
V001993,7,14,1,2024-08-18 08:26:00,Entrega expressa solicitada,Suporte para Celular,Acessórios,19.9,Nathan Correia,São Paulo
V001994,13,20,4,2024-12-25 19:47:00,Endereço de entrega divergente do cadastro,Hub USB,Acessórios,44.9,Tales Bittencourt,Florianópolis
V001995,11,16,1,2024-08-01 20:09:00,Endereço de entrega divergente do cadastro,Smartwatch,Eletrônicos,249.9,Pedro Henrique Lopes,Florianópolis
V001996,11,20,3,2024-10-27 10:32:00,Sem Observação,Smartwatch,Eletrônicos,249.9,Tales Bittencourt,Florianópolis
V001997,6,17,4,2024-12-04 12:07:00,Sem Observação,Cabo USB-C,Eletrônicos,24.9,Queila Fonseca,Curitiba
V001998,5,11,3,2024-08-24 22:58:00,Cliente pediu embalagem para presente,Teclado Mecânico,Eletrônicos,189.9,Kelly Damasceno,Joinville
V001999,10,5,3,2024-11-14 09:00:00,Cliente solicitou nota fiscal com CNPJ,Power Bank,Eletrônicos,79.9,Estela Cunha,Curitiba
V002000,1,12,1,2024-11-27 16:58:00,Sem Observação,Fone Bluetooth,Eletrônicos,89.9,Leonardo Xavier,Florianópolis
V002001,14,18,1,2024-12-09 12:55:00,Endereço de entrega divergente do cadastro,Webcam HD,Eletrônicos,119.9,Ricardo Junqueira,São Paulo
V002002,9,7,3,2024-08-24 15:10:00,Endereço de entrega divergente do cadastro,Película de Vidro,Acessórios,14.9,Giovana Peixoto,Joinville
V002003,10,8,4,2024-09-19 08:47:00,Endereço de entrega divergente do cadastro,Power Bank,Eletrônicos,79.9,Hugo Mendonça,Florianópolis
V002004,15,17,3,2024-08-22 19:45:00,Sem Observação,Microfone de Lapela,Eletrônicos,69.9,Queila Fonseca,Curitiba
V002005,14,12,4,2024-11-08 20:13:00,Sem Observação,Webcam HD,Eletrônicos,119.9,Leonardo Xavier,Florianópolis
V002006,4,10,4,2024-08-14 18:31:00,Sem Observação,Mouse Gamer,Eletrônicos,99.9,João Vitor Assis,São Paulo
V002007,3,3,2,2024-12-05 13:57:00,Sem Observação,Caixa de Som Portátil,Eletrônicos,129.9,Cecília Prado,São Paulo
V002008,12,14,3,2024-09-03 16:08:00,Sem Observação,Adaptador HDMI,Acessórios,34.9,Nathan Correia,São Paulo
V002009,11,20,2,2024-08-15 13:29:00,"Produto com defeito, aguardando troca",Smartwatch,Eletrônicos,249.9,Tales Bittencourt,Florianópolis
V002010,4,16,5,2024-11-16 13:55:00,Sem Observação,Mouse Gamer,Eletrônicos,99.9,Pedro Henrique Lopes,Florianópolis
V002011,4,4,2,2024-11-16 16:10:00,Endereço de entrega divergente do cadastro,Mouse Gamer,Eletrônicos,99.9,Daniel Werneck,Florianópolis
V002012,10,7,3,2024-12-10 20:21:00,"Produto com defeito, aguardando troca",Power Bank,Eletrônicos,79.9,Giovana Peixoto,Joinville
V002013,7,3,3,2024-08-09 16:45:00,Sem Observação,Suporte para Celular,Acessórios,19.9,Cecília Prado,São Paulo
V002014,14,3,3,2024-09-06 13:54:00,Cliente solicitou nota fiscal com CNPJ,Webcam HD,Eletrônicos,119.9,Cecília Prado,São Paulo
V002015,14,11,4,2024-12-04 21:45:00,Entrega expressa solicitada,Webcam HD,Eletrônicos,119.9,Kelly Damasceno,Joinville
V002016,4,7,2,2024-09-19 14:29:00,Compra feita via aplicação promocional,Mouse Gamer,Eletrônicos,99.9,Giovana Peixoto,Joinville
V002017,15,16,5,2024-10-03 10:04:00,Entrega expressa solicitada,Microfone de Lapela,Eletrônicos,69.9,Pedro Henrique Lopes,Florianópolis
V002018,3,2,2,2024-09-01 14:31:00,Sem Observação,Caixa de Som Portátil,Eletrônicos,129.9,Bernardo Salles,Joinville
V002019,13,9,5,2024-11-30 21:16:00,Sem Observação,Hub USB,Acessórios,44.9,Isadora Brandão,Curitiba
V002020,5,19,2,2024-12-04 20:11:00,Entrega expressa solicitada,Teclado Mecânico,Eletrônicos,189.9,Sônia Aparecida Reis,Joinville
V002021,8,17,5,2024-10-30 13:47:00,Cliente pediu embalagem para presente,Capinha de Celular,Acessórios,29.9,Queila Fonseca,Curitiba
V002022,1,20,2,2024-10-01 10:35:00,Sem Observação,Fone Bluetooth,Eletrônicos,89.9,Tales Bittencourt,Florianópolis
V002023,12,20,4,2024-10-31 22:18:00,Sem Observação,Adaptador HDMI,Acessórios,34.9,Tales Bittencourt,Florianópolis
V002024,12,20,3,2024-10-23 15:43:00,Entrega expressa solicitada,Adaptador HDMI,Acessórios,34.9,Tales Bittencourt,Florianópolis
V002025,1,17,4,2024-11-29 16:14:00,Cliente solicitou nota fiscal com CNPJ,Fone Bluetooth,Eletrônicos,89.9,Queila Fonseca,Curitiba
V002026,9,18,1,2024-08-26 19:47:00,Sem Observação,Película de Vidro,Acessórios,14.9,Ricardo Junqueira,São Paulo
V002027,3,8,4,2024-09-15 10:38:00,Compra feita via aplicação promocional,Caixa de Som Portátil,Eletrônicos,129.9,Hugo Mendonça,Florianópolis
V002028,11,19,1,2024-08-01 22:59:00,Sem Observação,Smartwatch,Eletrônicos,249.9,Sônia Aparecida Reis,Joinville
V002029,13,19,1,2024-11-23 20:38:00,Cliente solicitou nota fiscal com CNPJ,Hub USB,Acessórios,44.9,Sônia Aparecida Reis,Joinville
V002030,6,5,4,2024-11-14 11:10:00,Cliente pediu embalagem para presente,Cabo USB-C,Eletrônicos,24.9,Estela Cunha,Curitiba
V002031,10,3,4,2024-10-31 13:44:00,Endereço de entrega divergente do cadastro,Power Bank,Eletrônicos,79.9,Cecília Prado,São Paulo
V002032,11,9,3,2024-10-31 09:07:00,Compra feita via aplicação promocional,Smartwatch,Eletrônicos,249.9,Isadora Brandão,Curitiba
V002034,5,11,2,2024-09-18 17:39:00,Compra feita via aplicação promocional,Teclado Mecânico,Eletrônicos,189.9,Kelly Damasceno,Joinville
V002035,7,2,2,2024-08-26 22:23:00,Compra feita via aplicação promocional,Suporte para Celular,Acessórios,19.9,Bernardo Salles,Joinville
V002036,13,8,5,2024-08-26 17:54:00,Sem Observação,Hub USB,Acessórios,44.9,Hugo Mendonça,Florianópolis
V002037,1,19,3,2024-08-04 17:40:00,Compra feita via aplicação promocional,Fone Bluetooth,Eletrônicos,89.9,Sônia Aparecida Reis,Joinville
V002038,6,17,2,2024-09-07 13:46:00,Compra feita via aplicação promocional,Cabo USB-C,Eletrônicos,24.9,Queila Fonseca,Curitiba
V002040,14,1,5,2024-11-03 16:38:00,Cliente pediu embalagem para presente,Webcam HD,Eletrônicos,119.9,Alessandra Nogueira,Curitiba
V002041,12,9,1,2024-11-05 20:39:00,Sem Observação,Adaptador HDMI,Acessórios,34.9,Isadora Brandão,Curitiba
V002042,1,2,1,2024-08-02 20:53:00,Compra feita via aplicação promocional,Fone Bluetooth,Eletrônicos,89.9,Bernardo Salles,Joinville
V002043,4,8,3,2024-09-09 15:52:00,"Produto com defeito, aguardando troca",Mouse Gamer,Eletrônicos,99.9,Hugo Mendonça,Florianópolis
V002044,8,12,5,2024-10-27 09:40:00,Endereço de entrega divergente do cadastro,Capinha de Celular,Acessórios,29.9,Leonardo Xavier,Florianópolis
V002045,12,1,5,2024-10-17 20:55:00,Entrega expressa solicitada,Adaptador HDMI,Acessórios,34.9,Alessandra Nogueira,Curitiba
V002046,8,19,5,2024-11-17 12:18:00,"Produto com defeito, aguardando troca",Capinha de Celular,Acessórios,29.9,Sônia Aparecida Reis,Joinville
V002047,12,4,4,2024-12-22 08:19:00,Cliente pediu embalagem para presente,Adaptador HDMI,Acessórios,34.9,Daniel Werneck,Florianópolis
V002048,3,9,2,2024-09-04 12:51:00,Sem Observação,Caixa de Som Portátil,Eletrônicos,129.9,Isadora Brandão,Curitiba
V002049,11,8,5,2024-11-09 15:39:00,Entrega expressa solicitada,Smartwatch,Eletrônicos,249.9,Hugo Mendonça,Florianópolis
V002050,15,3,1,2024-11-06 19:21:00,Sem Observação,Microfone de Lapela,Eletrônicos,69.9,Cecília Prado,São Paulo
V002051,1,5,4,2024-09-10 13:48:00,Sem Observação,Fone Bluetooth,Eletrônicos,89.9,Estela Cunha,Curitiba
V002052,1,7,1,2024-10-30 11:43:00,Sem Observação,Fone Bluetooth,Eletrônicos,89.9,Giovana Peixoto,Joinville
V002053,11,17,1,2024-10-19 19:51:00,Sem Observação,Smartwatch,Eletrônicos,249.9,Queila Fonseca,Curitiba
V002054,15,10,4,2024-08-31 09:47:00,Cliente pediu embalagem para presente,Microfone de Lapela,Eletrônicos,69.9,João Vitor Assis,São Paulo
V002055,12,5,4,2024-11-01 18:53:00,Cliente solicitou nota fiscal com CNPJ,Adaptador HDMI,Acessórios,34.9,Estela Cunha,Curitiba
V002056,6,12,3,2024-09-11 16:23:00,Sem Observação,Cabo USB-C,Eletrônicos,24.9,Leonardo Xavier,Florianópolis
V002057,11,4,1,2024-09-18 10:32:00,Endereço de entrega divergente do cadastro,Smartwatch,Eletrônicos,249.9,Daniel Werneck,Florianópolis
V002058,6,14,3,2024-09-12 19:10:00,Sem Observação,Cabo USB-C,Eletrônicos,24.9,Nathan Correia,São Paulo
V002059,2,8,4,2024-11-05 19:25:00,Sem Observação,Carregador Turbo,Eletrônicos,49.9,Hugo Mendonça,Florianópolis
V002060,2,5,2,2024-09-16 19:40:00,Endereço de entrega divergente do cadastro,Carregador Turbo,Eletrônicos,49.9,Estela Cunha,Curitiba
V002061,3,7,4,2024-11-27 19:13:00,Sem Observação,Caixa de Som Portátil,Eletrônicos,129.9,Giovana Peixoto,Joinville
V002062,5,5,1,2024-08-29 20:09:00,Cliente solicitou nota fiscal com CNPJ,Teclado Mecânico,Eletrônicos,189.9,Estela Cunha,Curitiba
V002063,10,20,3,2024-11-20 09:57:00,Entrega expressa solicitada,Power Bank,Eletrônicos,79.9,Tales Bittencourt,Florianópolis
V002065,6,14,1,2024-12-29 21:13:00,"Produto com defeito, aguardando troca",Cabo USB-C,Eletrônicos,24.9,Nathan Correia,São Paulo
V002066,13,19,5,2024-12-14 11:14:00,Endereço de entrega divergente do cadastro,Hub USB,Acessórios,44.9,Sônia Aparecida Reis,Joinville
V002067,7,13,4,2024-08-16 09:21:00,"Produto com defeito, aguardando troca",Suporte para Celular,Acessórios,19.9,Marcela Tavares,Curitiba
V002068,8,4,3,2024-11-10 15:14:00,Sem Observação,Capinha de Celular,Acessórios,29.9,Daniel Werneck,Florianópolis
V002069,4,1,3,2024-12-25 22:14:00,Sem Observação,Mouse Gamer,Eletrônicos,99.9,Alessandra Nogueira,Curitiba
V002070,10,12,3,2024-11-17 20:32:00,Sem Observação,Power Bank,Eletrônicos,79.9,Leonardo Xavier,Florianópolis
V002071,1,15,2,2024-10-28 19:44:00,"Produto com defeito, aguardando troca",Fone Bluetooth,Eletrônicos,89.9,Olívia Marques,Joinville
V002072,4,8,2,2024-09-26 17:32:00,Sem Observação,Mouse Gamer,Eletrônicos,99.9,Hugo Mendonça,Florianópolis
V002073,7,17,5,2024-09-16 22:15:00,"Produto com defeito, aguardando troca",Suporte para Celular,Acessórios,19.9,Queila Fonseca,Curitiba
V002074,6,3,4,2024-09-09 15:54:00,"Produto com defeito, aguardando troca",Cabo USB-C,Eletrônicos,24.9,Cecília Prado,São Paulo
V002075,11,1,5,2024-12-08 16:56:00,Cliente solicitou nota fiscal com CNPJ,Smartwatch,Eletrônicos,249.9,Alessandra Nogueira,Curitiba
V002076,11,15,4,2024-08-30 10:53:00,Sem Observação,Smartwatch,Eletrônicos,249.9,Olívia Marques,Joinville
V002077,13,15,5,2024-12-05 21:01:00,Entrega expressa solicitada,Hub USB,Acessórios,44.9,Olívia Marques,Joinville
V002078,13,10,5,2024-09-16 19:11:00,"Produto com defeito, aguardando troca",Hub USB,Acessórios,44.9,João Vitor Assis,São Paulo
V002079,4,10,4,2024-09-12 13:34:00,"Produto com defeito, aguardando troca",Mouse Gamer,Eletrônicos,99.9,João Vitor Assis,São Paulo
V002080,4,16,4,2024-10-29 19:11:00,Cliente solicitou nota fiscal com CNPJ,Mouse Gamer,Eletrônicos,99.9,Pedro Henrique Lopes,Florianópolis
V002081,9,4,5,2024-11-16 16:38:00,"Produto com defeito, aguardando troca",Película de Vidro,Acessórios,14.9,Daniel Werneck,Florianópolis
V002082,1,2,5,2024-12-21 14:53:00,"Produto com defeito, aguardando troca",Fone Bluetooth,Eletrônicos,89.9,Bernardo Salles,Joinville
V002083,8,9,1,2024-12-07 14:12:00,Endereço de entrega divergente do cadastro,Capinha de Celular,Acessórios,29.9,Isadora Brandão,Curitiba
V002084,7,5,4,2024-08-26 14:19:00,Sem Observação,Suporte para Celular,Acessórios,19.9,Estela Cunha,Curitiba
V002085,6,17,2,2024-12-02 09:43:00,Cliente pediu embalagem para presente,Cabo USB-C,Eletrônicos,24.9,Queila Fonseca,Curitiba
V002086,13,19,5,2024-09-20 13:26:00,Compra feita via aplicação promocional,Hub USB,Acessórios,44.9,Sônia Aparecida Reis,Joinville
V002087,6,4,4,2024-08-18 10:38:00,Sem Observação,Cabo USB-C,Eletrônicos,24.9,Daniel Werneck,Florianópolis
V002088,4,1,1,2024-09-07 11:55:00,"Produto com defeito, aguardando troca",Mouse Gamer,Eletrônicos,99.9,Alessandra Nogueira,Curitiba
V002089,4,12,3,2024-10-03 18:49:00,Cliente pediu embalagem para presente,Mouse Gamer,Eletrônicos,99.9,Leonardo Xavier,Florianópolis
V002090,5,1,1,2024-11-06 22:19:00,Cliente solicitou nota fiscal com CNPJ,Teclado Mecânico,Eletrônicos,189.9,Alessandra Nogueira,Curitiba
V002091,13,12,2,2024-09-08 17:44:00,Endereço de entrega divergente do cadastro,Hub USB,Acessórios,44.9,Leonardo Xavier,Florianópolis
V002092,15,19,4,2024-08-15 18:30:00,Sem Observação,Microfone de Lapela,Eletrônicos,69.9,Sônia Aparecida Reis,Joinville
V002094,10,7,1,2024-10-28 09:56:00,Sem Observação,Power Bank,Eletrônicos,79.9,Giovana Peixoto,Joinville
V002095,2,13,2,2024-09-20 08:38:00,Endereço de entrega divergente do cadastro,Carregador Turbo,Eletrônicos,49.9,Marcela Tavares,Curitiba
V002096,11,1,4,2024-09-06 16:39:00,Cliente pediu embalagem para presente,Smartwatch,Eletrônicos,249.9,Alessandra Nogueira,Curitiba
V002097,13,5,5,2024-09-05 08:25:00,Sem Observação,Hub USB,Acessórios,44.9,Estela Cunha,Curitiba
V002098,6,16,2,2024-12-15 08:40:00,Compra feita via aplicação promocional,Cabo USB-C,Eletrônicos,24.9,Pedro Henrique Lopes,Florianópolis
V002099,5,9,2,2024-09-30 12:42:00,Cliente solicitou nota fiscal com CNPJ,Teclado Mecânico,Eletrônicos,189.9,Isadora Brandão,Curitiba
V002100,7,1,2,2024-12-12 15:50:00,Sem Observação,Suporte para Celular,Acessórios,19.9,Alessandra Nogueira,Curitiba
V002101,15,2,2,2024-11-29 10:05:00,"Produto com defeito, aguardando troca",Microfone de Lapela,Eletrônicos,69.9,Bernardo Salles,Joinville
V002102,12,14,2,2024-09-09 11:45:00,Sem Observação,Adaptador HDMI,Acessórios,34.9,Nathan Correia,São Paulo
V002103,15,16,1,2024-09-14 18:08:00,Entrega expressa solicitada,Microfone de Lapela,Eletrônicos,69.9,Pedro Henrique Lopes,Florianópolis
V002104,2,5,2,2024-08-21 16:18:00,Entrega expressa solicitada,Carregador Turbo,Eletrônicos,49.9,Estela Cunha,Curitiba
V002105,9,10,2,2024-10-12 16:01:00,Endereço de entrega divergente do cadastro,Película de Vidro,Acessórios,14.9,João Vitor Assis,São Paulo
V002106,1,3,1,2024-08-07 18:58:00,Endereço de entrega divergente do cadastro,Fone Bluetooth,Eletrônicos,89.9,Cecília Prado,São Paulo
V002107,7,4,1,2024-10-28 19:25:00,Cliente solicitou nota fiscal com CNPJ,Suporte para Celular,Acessórios,19.9,Daniel Werneck,Florianópolis
V002108,10,3,5,2024-09-25 22:13:00,Sem Observação,Power Bank,Eletrônicos,79.9,Cecília Prado,São Paulo
V002109,7,16,3,2024-10-15 15:04:00,Cliente pediu embalagem para presente,Suporte para Celular,Acessórios,19.9,Pedro Henrique Lopes,Florianópolis
V002110,6,7,2,2024-10-16 20:49:00,Cliente solicitou nota fiscal com CNPJ,Cabo USB-C,Eletrônicos,24.9,Giovana Peixoto,Joinville
V002111,5,1,3,2024-09-15 11:30:00,Sem Observação,Teclado Mecânico,Eletrônicos,189.9,Alessandra Nogueira,Curitiba
V002112,11,11,1,2024-08-29 16:10:00,Entrega expressa solicitada,Smartwatch,Eletrônicos,249.9,Kelly Damasceno,Joinville
V002113,8,5,1,2024-08-10 22:32:00,Sem Observação,Capinha de Celular,Acessórios,29.9,Estela Cunha,Curitiba
V002114,3,8,4,2024-11-14 17:20:00,Sem Observação,Caixa de Som Portátil,Eletrônicos,129.9,Hugo Mendonça,Florianópolis
V002115,5,4,4,2024-08-30 15:45:00,Sem Observação,Teclado Mecânico,Eletrônicos,189.9,Daniel Werneck,Florianópolis
V002116,9,15,2,2024-09-21 19:38:00,Sem Observação,Película de Vidro,Acessórios,14.9,Olívia Marques,Joinville
V002117,2,6,3,2024-12-16 09:19:00,Endereço de entrega divergente do cadastro,Carregador Turbo,Eletrônicos,49.9,Fábio Lacerda,São Paulo
V002118,14,16,1,2024-08-27 11:08:00,"Produto com defeito, aguardando troca",Webcam HD,Eletrônicos,119.9,Pedro Henrique Lopes,Florianópolis
V002119,1,20,3,2024-08-19 10:36:00,Endereço de entrega divergente do cadastro,Fone Bluetooth,Eletrônicos,89.9,Tales Bittencourt,Florianópolis
V002120,8,19,1,2024-11-28 22:48:00,"Produto com defeito, aguardando troca",Capinha de Celular,Acessórios,29.9,Sônia Aparecida Reis,Joinville
V002121,4,19,3,2024-09-28 09:32:00,Endereço de entrega divergente do cadastro,Mouse Gamer,Eletrônicos,99.9,Sônia Aparecida Reis,Joinville
V002122,1,11,1,2024-09-20 11:11:00,Sem Observação,Fone Bluetooth,Eletrônicos,89.9,Kelly Damasceno,Joinville
V002123,9,10,3,2024-12-09 13:15:00,Compra feita via aplicação promocional,Película de Vidro,Acessórios,14.9,João Vitor Assis,São Paulo
V002124,1,8,5,2024-10-24 10:22:00,Endereço de entrega divergente do cadastro,Fone Bluetooth,Eletrônicos,89.9,Hugo Mendonça,Florianópolis
V002125,10,13,5,2024-09-20 14:44:00,Sem Observação,Power Bank,Eletrônicos,79.9,Marcela Tavares,Curitiba
V002127,14,17,3,2024-12-10 19:25:00,Sem Observação,Webcam HD,Eletrônicos,119.9,Queila Fonseca,Curitiba
V002128,14,2,3,2024-10-12 14:19:00,Compra feita via aplicação promocional,Webcam HD,Eletrônicos,119.9,Bernardo Salles,Joinville
V002130,9,3,1,2024-08-20 14:20:00,Sem Observação,Película de Vidro,Acessórios,14.9,Cecília Prado,São Paulo
V002131,11,15,3,2024-09-19 15:19:00,Entrega expressa solicitada,Smartwatch,Eletrônicos,249.9,Olívia Marques,Joinville
V002132,12,2,4,2024-11-25 09:42:00,Cliente solicitou nota fiscal com CNPJ,Adaptador HDMI,Acessórios,34.9,Bernardo Salles,Joinville
V002133,2,15,2,2024-09-12 08:31:00,Endereço de entrega divergente do cadastro,Carregador Turbo,Eletrônicos,49.9,Olívia Marques,Joinville
V002134,8,8,4,2024-10-05 11:29:00,Compra feita via aplicação promocional,Capinha de Celular,Acessórios,29.9,Hugo Mendonça,Florianópolis
V002135,11,15,1,2024-08-18 12:39:00,"Produto com defeito, aguardando troca",Smartwatch,Eletrônicos,249.9,Olívia Marques,Joinville
V002136,4,14,3,2024-10-12 21:57:00,Sem Observação,Mouse Gamer,Eletrônicos,99.9,Nathan Correia,São Paulo
V002137,7,12,5,2024-11-30 14:22:00,Compra feita via aplicação promocional,Suporte para Celular,Acessórios,19.9,Leonardo Xavier,Florianópolis
V002138,1,17,1,2024-10-21 17:47:00,Sem Observação,Fone Bluetooth,Eletrônicos,89.9,Queila Fonseca,Curitiba
V002139,8,6,1,2024-08-05 08:45:00,Cliente solicitou nota fiscal com CNPJ,Capinha de Celular,Acessórios,29.9,Fábio Lacerda,São Paulo
V002140,6,11,1,2024-08-12 17:48:00,Sem Observação,Cabo USB-C,Eletrônicos,24.9,Kelly Damasceno,Joinville
V002141,6,10,1,2024-10-04 09:59:00,Sem Observação,Cabo USB-C,Eletrônicos,24.9,João Vitor Assis,São Paulo
V002142,15,14,1,2024-12-13 08:19:00,Sem Observação,Microfone de Lapela,Eletrônicos,69.9,Nathan Correia,São Paulo
V002143,1,1,3,2024-09-12 12:19:00,Cliente solicitou nota fiscal com CNPJ,Fone Bluetooth,Eletrônicos,89.9,Alessandra Nogueira,Curitiba
V002144,14,7,3,2024-08-30 21:49:00,Sem Observação,Webcam HD,Eletrônicos,119.9,Giovana Peixoto,Joinville
V002145,15,10,4,2024-11-18 11:59:00,Sem Observação,Microfone de Lapela,Eletrônicos,69.9,João Vitor Assis,São Paulo
V002146,2,16,2,2024-12-26 08:59:00,Sem Observação,Carregador Turbo,Eletrônicos,49.9,Pedro Henrique Lopes,Florianópolis
V002147,6,17,2,2024-12-05 21:51:00,Compra feita via aplicação promocional,Cabo USB-C,Eletrônicos,24.9,Queila Fonseca,Curitiba
V002148,4,17,2,2024-11-25 15:50:00,Sem Observação,Mouse Gamer,Eletrônicos,99.9,Queila Fonseca,Curitiba
V002149,4,6,1,2024-12-12 09:02:00,Sem Observação,Mouse Gamer,Eletrônicos,99.9,Fábio Lacerda,São Paulo
V002150,14,15,5,2024-08-06 17:04:00,"Produto com defeito, aguardando troca",Webcam HD,Eletrônicos,119.9,Olívia Marques,Joinville
V002151,13,4,3,2024-11-21 22:00:00,Cliente pediu embalagem para presente,Hub USB,Acessórios,44.9,Daniel Werneck,Florianópolis
V002152,8,11,5,2024-11-05 19:50:00,Sem Observação,Capinha de Celular,Acessórios,29.9,Kelly Damasceno,Joinville
V002153,10,20,4,2024-12-20 11:59:00,Cliente pediu embalagem para presente,Power Bank,Eletrônicos,79.9,Tales Bittencourt,Florianópolis
V002154,10,1,1,2024-09-05 08:55:00,Endereço de entrega divergente do cadastro,Power Bank,Eletrônicos,79.9,Alessandra Nogueira,Curitiba
V002156,12,11,2,2024-10-02 14:09:00,Cliente pediu embalagem para presente,Adaptador HDMI,Acessórios,34.9,Kelly Damasceno,Joinville
V002157,13,12,5,2024-11-09 14:22:00,Sem Observação,Hub USB,Acessórios,44.9,Leonardo Xavier,Florianópolis
V002158,8,6,1,2024-09-11 22:35:00,Cliente pediu embalagem para presente,Capinha de Celular,Acessórios,29.9,Fábio Lacerda,São Paulo
V002159,4,1,3,2024-09-25 12:42:00,Cliente pediu embalagem para presente,Mouse Gamer,Eletrônicos,99.9,Alessandra Nogueira,Curitiba
V002160,10,20,5,2024-08-27 11:45:00,"Produto com defeito, aguardando troca",Power Bank,Eletrônicos,79.9,Tales Bittencourt,Florianópolis
V002161,8,13,3,2024-09-14 20:33:00,Cliente solicitou nota fiscal com CNPJ,Capinha de Celular,Acessórios,29.9,Marcela Tavares,Curitiba
V002162,10,12,3,2024-09-26 22:50:00,Cliente solicitou nota fiscal com CNPJ,Power Bank,Eletrônicos,79.9,Leonardo Xavier,Florianópolis
V002163,5,8,4,2024-09-11 22:50:00,Sem Observação,Teclado Mecânico,Eletrônicos,189.9,Hugo Mendonça,Florianópolis
V002164,13,12,5,2024-08-31 08:11:00,Endereço de entrega divergente do cadastro,Hub USB,Acessórios,44.9,Leonardo Xavier,Florianópolis
V002165,14,9,4,2024-12-22 21:45:00,Cliente pediu embalagem para presente,Webcam HD,Eletrônicos,119.9,Isadora Brandão,Curitiba
V002166,11,9,5,2024-09-05 12:03:00,Endereço de entrega divergente do cadastro,Smartwatch,Eletrônicos,249.9,Isadora Brandão,Curitiba
V002168,3,19,2,2024-12-21 09:24:00,Endereço de entrega divergente do cadastro,Caixa de Som Portátil,Eletrônicos,129.9,Sônia Aparecida Reis,Joinville
V002169,2,3,2,2024-12-22 22:28:00,Endereço de entrega divergente do cadastro,Carregador Turbo,Eletrônicos,49.9,Cecília Prado,São Paulo
V002170,2,10,1,2024-12-09 08:08:00,Cliente solicitou nota fiscal com CNPJ,Carregador Turbo,Eletrônicos,49.9,João Vitor Assis,São Paulo
V002171,9,9,3,2024-09-15 19:24:00,Compra feita via aplicação promocional,Película de Vidro,Acessórios,14.9,Isadora Brandão,Curitiba
V002172,11,19,1,2024-12-14 08:54:00,Endereço de entrega divergente do cadastro,Smartwatch,Eletrônicos,249.9,Sônia Aparecida Reis,Joinville
V002173,3,10,5,2024-09-21 14:58:00,Sem Observação,Caixa de Som Portátil,Eletrônicos,129.9,João Vitor Assis,São Paulo
V002174,15,17,4,2024-11-27 22:53:00,Sem Observação,Microfone de Lapela,Eletrônicos,69.9,Queila Fonseca,Curitiba
V002175,15,15,1,2024-08-13 18:27:00,Sem Observação,Microfone de Lapela,Eletrônicos,69.9,Olívia Marques,Joinville
V002176,6,18,2,2024-08-30 21:39:00,Compra feita via aplicação promocional,Cabo USB-C,Eletrônicos,24.9,Ricardo Junqueira,São Paulo
V002177,7,10,1,2024-08-21 08:33:00,Cliente pediu embalagem para presente,Suporte para Celular,Acessórios,19.9,João Vitor Assis,São Paulo
V002178,13,12,3,2024-11-20 17:43:00,Endereço de entrega divergente do cadastro,Hub USB,Acessórios,44.9,Leonardo Xavier,Florianópolis
V002179,8,13,5,2024-08-04 18:51:00,Entrega expressa solicitada,Capinha de Celular,Acessórios,29.9,Marcela Tavares,Curitiba
V002180,13,8,1,2024-11-16 12:51:00,Cliente solicitou nota fiscal com CNPJ,Hub USB,Acessórios,44.9,Hugo Mendonça,Florianópolis
V002181,15,20,2,2024-11-24 18:28:00,"Produto com defeito, aguardando troca",Microfone de Lapela,Eletrônicos,69.9,Tales Bittencourt,Florianópolis
V002182,12,13,1,2024-10-23 19:49:00,Endereço de entrega divergente do cadastro,Adaptador HDMI,Acessórios,34.9,Marcela Tavares,Curitiba
V002183,14,15,2,2024-09-10 09:44:00,Sem Observação,Webcam HD,Eletrônicos,119.9,Olívia Marques,Joinville
V002185,3,7,3,2024-12-28 22:10:00,Endereço de entrega divergente do cadastro,Caixa de Som Portátil,Eletrônicos,129.9,Giovana Peixoto,Joinville
V002186,4,6,4,2024-11-01 20:07:00,Sem Observação,Mouse Gamer,Eletrônicos,99.9,Fábio Lacerda,São Paulo
V002187,8,4,4,2024-09-15 15:02:00,Compra feita via aplicação promocional,Capinha de Celular,Acessórios,29.9,Daniel Werneck,Florianópolis
V002188,6,18,1,2024-10-05 10:23:00,Sem Observação,Cabo USB-C,Eletrônicos,24.9,Ricardo Junqueira,São Paulo
V002189,3,3,2,2024-11-12 08:27:00,Sem Observação,Caixa de Som Portátil,Eletrônicos,129.9,Cecília Prado,São Paulo
V002190,8,16,1,2024-09-03 12:51:00,Cliente pediu embalagem para presente,Capinha de Celular,Acessórios,29.9,Pedro Henrique Lopes,Florianópolis
V002191,7,16,2,2024-12-18 13:10:00,Entrega expressa solicitada,Suporte para Celular,Acessórios,19.9,Pedro Henrique Lopes,Florianópolis
V002192,6,20,1,2024-09-10 14:08:00,"Produto com defeito, aguardando troca",Cabo USB-C,Eletrônicos,24.9,Tales Bittencourt,Florianópolis
V002193,7,15,4,2024-12-19 17:59:00,Sem Observação,Suporte para Celular,Acessórios,19.9,Olívia Marques,Joinville
V002194,6,13,2,2024-12-14 20:42:00,"Produto com defeito, aguardando troca",Cabo USB-C,Eletrônicos,24.9,Marcela Tavares,Curitiba
V002195,9,3,5,2024-10-08 13:56:00,Cliente pediu embalagem para presente,Película de Vidro,Acessórios,14.9,Cecília Prado,São Paulo
V002196,2,20,5,2024-08-19 17:29:00,Cliente pediu embalagem para presente,Carregador Turbo,Eletrônicos,49.9,Tales Bittencourt,Florianópolis
V002197,4,9,4,2024-11-02 11:27:00,Compra feita via aplicação promocional,Mouse Gamer,Eletrônicos,99.9,Isadora Brandão,Curitiba
V002198,11,10,2,2024-10-24 22:53:00,Endereço de entrega divergente do cadastro,Smartwatch,Eletrônicos,249.9,João Vitor Assis,São Paulo
V002199,15,13,1,2024-12-12 10:08:00,Cliente solicitou nota fiscal com CNPJ,Microfone de Lapela,Eletrônicos,69.9,Marcela Tavares,Curitiba
V002200,15,8,3,2024-12-17 12:49:00,Entrega expressa solicitada,Microfone de Lapela,Eletrônicos,69.9,Hugo Mendonça,Florianópolis
V002202,7,9,2,2024-08-24 18:13:00,Sem Observação,Suporte para Celular,Acessórios,19.9,Isadora Brandão,Curitiba
V002203,13,20,5,2024-12-08 20:47:00,Endereço de entrega divergente do cadastro,Hub USB,Acessórios,44.9,Tales Bittencourt,Florianópolis
V002204,1,8,1,2024-12-25 18:41:00,Cliente pediu embalagem para presente,Fone Bluetooth,Eletrônicos,89.9,Hugo Mendonça,Florianópolis
V002205,6,9,3,2024-12-12 10:13:00,Compra feita via aplicação promocional,Cabo USB-C,Eletrônicos,24.9,Isadora Brandão,Curitiba
V002206,14,1,5,2024-09-01 09:56:00,Compra feita via aplicação promocional,Webcam HD,Eletrônicos,119.9,Alessandra Nogueira,Curitiba
V002207,9,9,1,2024-10-28 18:29:00,Cliente pediu embalagem para presente,Película de Vidro,Acessórios,14.9,Isadora Brandão,Curitiba
V002208,14,12,3,2024-08-19 11:56:00,"Produto com defeito, aguardando troca",Webcam HD,Eletrônicos,119.9,Leonardo Xavier,Florianópolis
V002209,2,3,5,2024-08-06 11:55:00,"Produto com defeito, aguardando troca",Carregador Turbo,Eletrônicos,49.9,Cecília Prado,São Paulo
V002210,10,4,5,2024-12-26 21:19:00,Cliente solicitou nota fiscal com CNPJ,Power Bank,Eletrônicos,79.9,Daniel Werneck,Florianópolis
V002211,5,17,5,2024-08-31 16:02:00,Sem Observação,Teclado Mecânico,Eletrônicos,189.9,Queila Fonseca,Curitiba
V002212,5,7,4,2024-11-10 08:05:00,Sem Observação,Teclado Mecânico,Eletrônicos,189.9,Giovana Peixoto,Joinville
V002213,7,17,1,2024-12-28 14:02:00,Endereço de entrega divergente do cadastro,Suporte para Celular,Acessórios,19.9,Queila Fonseca,Curitiba
V002215,5,3,1,2024-10-31 13:50:00,Endereço de entrega divergente do cadastro,Teclado Mecânico,Eletrônicos,189.9,Cecília Prado,São Paulo
V002216,12,13,1,2024-11-29 17:02:00,Compra feita via aplicação promocional,Adaptador HDMI,Acessórios,34.9,Marcela Tavares,Curitiba
V002217,15,1,1,2024-09-14 13:36:00,Cliente pediu embalagem para presente,Microfone de Lapela,Eletrônicos,69.9,Alessandra Nogueira,Curitiba
V002218,13,12,5,2024-09-21 08:13:00,Compra feita via aplicação promocional,Hub USB,Acessórios,44.9,Leonardo Xavier,Florianópolis
V002219,12,19,3,2024-09-02 16:28:00,Sem Observação,Adaptador HDMI,Acessórios,34.9,Sônia Aparecida Reis,Joinville
V002220,12,5,5,2024-08-07 12:11:00,Cliente pediu embalagem para presente,Adaptador HDMI,Acessórios,34.9,Estela Cunha,Curitiba
V002221,9,6,2,2024-12-13 22:52:00,Sem Observação,Película de Vidro,Acessórios,14.9,Fábio Lacerda,São Paulo
V002222,2,17,3,2024-11-04 22:31:00,Sem Observação,Carregador Turbo,Eletrônicos,49.9,Queila Fonseca,Curitiba
V002223,3,8,4,2024-09-26 11:11:00,Sem Observação,Caixa de Som Portátil,Eletrônicos,129.9,Hugo Mendonça,Florianópolis
V002224,8,18,5,2024-12-11 11:28:00,Sem Observação,Capinha de Celular,Acessórios,29.9,Ricardo Junqueira,São Paulo
V002225,10,4,2,2024-12-08 20:10:00,Sem Observação,Power Bank,Eletrônicos,79.9,Daniel Werneck,Florianópolis
V002226,15,19,1,2024-10-31 19:16:00,"Produto com defeito, aguardando troca",Microfone de Lapela,Eletrônicos,69.9,Sônia Aparecida Reis,Joinville
V002227,1,1,3,2024-12-16 16:10:00,Entrega expressa solicitada,Fone Bluetooth,Eletrônicos,89.9,Alessandra Nogueira,Curitiba
V002228,11,6,2,2024-12-28 10:46:00,Sem Observação,Smartwatch,Eletrônicos,249.9,Fábio Lacerda,São Paulo
V002229,11,4,3,2024-10-10 14:21:00,Sem Observação,Smartwatch,Eletrônicos,249.9,Daniel Werneck,Florianópolis
V002230,13,5,5,2024-12-25 22:53:00,Sem Observação,Hub USB,Acessórios,44.9,Estela Cunha,Curitiba
V002231,3,3,2,2024-10-18 22:22:00,Entrega expressa solicitada,Caixa de Som Portátil,Eletrônicos,129.9,Cecília Prado,São Paulo
V002232,1,6,5,2024-10-30 08:03:00,Compra feita via aplicação promocional,Fone Bluetooth,Eletrônicos,89.9,Fábio Lacerda,São Paulo
V002233,1,6,2,2024-09-15 12:30:00,Compra feita via aplicação promocional,Fone Bluetooth,Eletrônicos,89.9,Fábio Lacerda,São Paulo
V002234,9,20,4,2024-12-14 11:12:00,Sem Observação,Película de Vidro,Acessórios,14.9,Tales Bittencourt,Florianópolis
V002235,10,19,1,2024-10-24 18:12:00,Cliente solicitou nota fiscal com CNPJ,Power Bank,Eletrônicos,79.9,Sônia Aparecida Reis,Joinville
V002236,2,6,1,2024-10-16 14:19:00,Endereço de entrega divergente do cadastro,Carregador Turbo,Eletrônicos,49.9,Fábio Lacerda,São Paulo
V002237,2,12,4,2024-08-02 08:28:00,Sem Observação,Carregador Turbo,Eletrônicos,49.9,Leonardo Xavier,Florianópolis
V002238,5,15,4,2024-12-15 19:52:00,"Produto com defeito, aguardando troca",Teclado Mecânico,Eletrônicos,189.9,Olívia Marques,Joinville
V002239,7,8,3,2024-08-03 22:59:00,Entrega expressa solicitada,Suporte para Celular,Acessórios,19.9,Hugo Mendonça,Florianópolis
V002240,5,12,3,2024-11-01 09:07:00,Sem Observação,Teclado Mecânico,Eletrônicos,189.9,Leonardo Xavier,Florianópolis
V002241,2,2,3,2024-12-27 21:11:00,"Produto com defeito, aguardando troca",Carregador Turbo,Eletrônicos,49.9,Bernardo Salles,Joinville
V002242,13,10,3,2024-09-13 21:30:00,Entrega expressa solicitada,Hub USB,Acessórios,44.9,João Vitor Assis,São Paulo
V002243,12,1,2,2024-12-19 14:40:00,Endereço de entrega divergente do cadastro,Adaptador HDMI,Acessórios,34.9,Alessandra Nogueira,Curitiba
V002244,13,12,5,2024-08-23 19:01:00,Cliente pediu embalagem para presente,Hub USB,Acessórios,44.9,Leonardo Xavier,Florianópolis
V002245,14,4,5,2024-11-19 19:23:00,Compra feita via aplicação promocional,Webcam HD,Eletrônicos,119.9,Daniel Werneck,Florianópolis
V002246,15,4,3,2024-08-04 22:15:00,Endereço de entrega divergente do cadastro,Microfone de Lapela,Eletrônicos,69.9,Daniel Werneck,Florianópolis
V002247,7,4,3,2024-12-28 18:14:00,Cliente solicitou nota fiscal com CNPJ,Suporte para Celular,Acessórios,19.9,Daniel Werneck,Florianópolis
V002248,11,15,1,2024-11-20 20:36:00,Compra feita via aplicação promocional,Smartwatch,Eletrônicos,249.9,Olívia Marques,Joinville
V002249,2,1,3,2024-08-15 22:07:00,Cliente solicitou nota fiscal com CNPJ,Carregador Turbo,Eletrônicos,49.9,Alessandra Nogueira,Curitiba
V002250,7,12,2,2024-10-25 18:39:00,Sem Observação,Suporte para Celular,Acessórios,19.9,Leonardo Xavier,Florianópolis
V002251,13,10,4,2024-10-28 10:41:00,Compra feita via aplicação promocional,Hub USB,Acessórios,44.9,João Vitor Assis,São Paulo
V002252,4,11,2,2024-11-28 16:07:00,"Produto com defeito, aguardando troca",Mouse Gamer,Eletrônicos,99.9,Kelly Damasceno,Joinville
V002253,14,5,3,2024-09-01 11:13:00,Compra feita via aplicação promocional,Webcam HD,Eletrônicos,119.9,Estela Cunha,Curitiba
V002254,2,16,2,2024-10-23 08:54:00,Cliente solicitou nota fiscal com CNPJ,Carregador Turbo,Eletrônicos,49.9,Pedro Henrique Lopes,Florianópolis
V002255,14,15,2,2024-09-22 16:04:00,Cliente pediu embalagem para presente,Webcam HD,Eletrônicos,119.9,Olívia Marques,Joinville
V002256,3,14,2,2024-11-11 10:30:00,Cliente pediu embalagem para presente,Caixa de Som Portátil,Eletrônicos,129.9,Nathan Correia,São Paulo
V002258,1,11,1,2024-12-20 19:36:00,Sem Observação,Fone Bluetooth,Eletrônicos,89.9,Kelly Damasceno,Joinville
V002259,11,14,1,2024-12-28 13:39:00,Entrega expressa solicitada,Smartwatch,Eletrônicos,249.9,Nathan Correia,São Paulo
V002260,1,11,5,2024-10-16 14:10:00,Cliente solicitou nota fiscal com CNPJ,Fone Bluetooth,Eletrônicos,89.9,Kelly Damasceno,Joinville
V002261,12,13,3,2024-08-09 18:53:00,Cliente solicitou nota fiscal com CNPJ,Adaptador HDMI,Acessórios,34.9,Marcela Tavares,Curitiba
V002262,7,4,3,2024-11-10 18:31:00,Sem Observação,Suporte para Celular,Acessórios,19.9,Daniel Werneck,Florianópolis
V002263,1,7,1,2024-12-25 15:03:00,Sem Observação,Fone Bluetooth,Eletrônicos,89.9,Giovana Peixoto,Joinville
V002264,9,7,1,2024-11-17 10:06:00,"Produto com defeito, aguardando troca",Película de Vidro,Acessórios,14.9,Giovana Peixoto,Joinville
V002265,4,19,5,2024-11-26 20:32:00,Sem Observação,Mouse Gamer,Eletrônicos,99.9,Sônia Aparecida Reis,Joinville
V002266,8,3,2,2024-12-27 15:56:00,Cliente solicitou nota fiscal com CNPJ,Capinha de Celular,Acessórios,29.9,Cecília Prado,São Paulo
V002267,2,12,3,2024-11-15 15:21:00,Cliente pediu embalagem para presente,Carregador Turbo,Eletrônicos,49.9,Leonardo Xavier,Florianópolis
V002268,15,14,4,2024-10-24 10:39:00,Entrega expressa solicitada,Microfone de Lapela,Eletrônicos,69.9,Nathan Correia,São Paulo
V002269,11,6,4,2024-10-10 10:56:00,Sem Observação,Smartwatch,Eletrônicos,249.9,Fábio Lacerda,São Paulo
V002270,5,5,5,2024-11-14 19:22:00,Sem Observação,Teclado Mecânico,Eletrônicos,189.9,Estela Cunha,Curitiba
V002271,12,12,1,2024-12-13 09:05:00,Endereço de entrega divergente do cadastro,Adaptador HDMI,Acessórios,34.9,Leonardo Xavier,Florianópolis
V002272,1,18,2,2024-12-08 16:00:00,Sem Observação,Fone Bluetooth,Eletrônicos,89.9,Ricardo Junqueira,São Paulo
V002273,12,2,4,2024-09-18 17:49:00,Sem Observação,Adaptador HDMI,Acessórios,34.9,Bernardo Salles,Joinville
V002274,2,16,1,2024-10-29 11:53:00,Endereço de entrega divergente do cadastro,Carregador Turbo,Eletrônicos,49.9,Pedro Henrique Lopes,Florianópolis
V002275,8,9,3,2024-11-15 16:23:00,Sem Observação,Capinha de Celular,Acessórios,29.9,Isadora Brandão,Curitiba
V002276,2,17,1,2024-10-12 19:04:00,Cliente pediu embalagem para presente,Carregador Turbo,Eletrônicos,49.9,Queila Fonseca,Curitiba
V002277,15,2,3,2024-11-05 10:58:00,Sem Observação,Microfone de Lapela,Eletrônicos,69.9,Bernardo Salles,Joinville
V002278,12,16,4,2024-11-14 22:41:00,Endereço de entrega divergente do cadastro,Adaptador HDMI,Acessórios,34.9,Pedro Henrique Lopes,Florianópolis
V002279,7,11,3,2024-10-16 08:19:00,Cliente pediu embalagem para presente,Suporte para Celular,Acessórios,19.9,Kelly Damasceno,Joinville
V002280,9,4,5,2024-11-03 18:41:00,Cliente pediu embalagem para presente,Película de Vidro,Acessórios,14.9,Daniel Werneck,Florianópolis
V002282,10,14,2,2024-11-23 17:05:00,Cliente pediu embalagem para presente,Power Bank,Eletrônicos,79.9,Nathan Correia,São Paulo
V002283,11,13,3,2024-10-14 18:13:00,Sem Observação,Smartwatch,Eletrônicos,249.9,Marcela Tavares,Curitiba
V002284,11,10,1,2024-08-19 11:54:00,Sem Observação,Smartwatch,Eletrônicos,249.9,João Vitor Assis,São Paulo
V002285,4,4,3,2024-10-24 21:16:00,Sem Observação,Mouse Gamer,Eletrônicos,99.9,Daniel Werneck,Florianópolis
V002287,14,12,1,2024-08-06 15:36:00,Compra feita via aplicação promocional,Webcam HD,Eletrônicos,119.9,Leonardo Xavier,Florianópolis
V002288,11,12,1,2024-10-15 17:16:00,Entrega expressa solicitada,Smartwatch,Eletrônicos,249.9,Leonardo Xavier,Florianópolis
V002289,5,7,3,2024-08-25 12:28:00,Sem Observação,Teclado Mecânico,Eletrônicos,189.9,Giovana Peixoto,Joinville
V002290,9,14,2,2024-12-16 18:53:00,Cliente pediu embalagem para presente,Película de Vidro,Acessórios,14.9,Nathan Correia,São Paulo
V002291,15,4,3,2024-12-04 17:36:00,Compra feita via aplicação promocional,Microfone de Lapela,Eletrônicos,69.9,Daniel Werneck,Florianópolis
V002294,4,13,5,2024-08-14 16:57:00,Cliente pediu embalagem para presente,Mouse Gamer,Eletrônicos,99.9,Marcela Tavares,Curitiba
V002295,5,2,1,2024-09-05 10:51:00,Entrega expressa solicitada,Teclado Mecânico,Eletrônicos,189.9,Bernardo Salles,Joinville
V002296,12,3,2,2024-11-25 12:41:00,Cliente solicitou nota fiscal com CNPJ,Adaptador HDMI,Acessórios,34.9,Cecília Prado,São Paulo
V002297,15,19,3,2024-10-25 22:56:00,Sem Observação,Microfone de Lapela,Eletrônicos,69.9,Sônia Aparecida Reis,Joinville
V002298,14,13,4,2024-12-21 19:28:00,"Produto com defeito, aguardando troca",Webcam HD,Eletrônicos,119.9,Marcela Tavares,Curitiba
V002299,6,11,4,2024-12-21 19:37:00,Entrega expressa solicitada,Cabo USB-C,Eletrônicos,24.9,Kelly Damasceno,Joinville
V002300,7,6,5,2024-08-07 10:26:00,Entrega expressa solicitada,Suporte para Celular,Acessórios,19.9,Fábio Lacerda,São Paulo
V002301,1,16,4,2024-08-31 12:48:00,Cliente pediu embalagem para presente,Fone Bluetooth,Eletrônicos,89.9,Pedro Henrique Lopes,Florianópolis
V002302,9,18,4,2024-12-23 19:08:00,Sem Observação,Película de Vidro,Acessórios,14.9,Ricardo Junqueira,São Paulo
V002303,5,2,3,2024-11-21 21:57:00,Endereço de entrega divergente do cadastro,Teclado Mecânico,Eletrônicos,189.9,Bernardo Salles,Joinville
V002304,15,2,3,2024-10-29 19:17:00,Compra feita via aplicação promocional,Microfone de Lapela,Eletrônicos,69.9,Bernardo Salles,Joinville
V002305,15,19,5,2024-08-01 11:07:00,Entrega expressa solicitada,Microfone de Lapela,Eletrônicos,69.9,Sônia Aparecida Reis,Joinville
V002306,6,18,5,2024-11-13 20:19:00,Compra feita via aplicação promocional,Cabo USB-C,Eletrônicos,24.9,Ricardo Junqueira,São Paulo
V002307,15,19,2,2024-09-27 19:49:00,"Produto com defeito, aguardando troca",Microfone de Lapela,Eletrônicos,69.9,Sônia Aparecida Reis,Joinville
V002308,11,11,1,2024-09-15 08:22:00,Entrega expressa solicitada,Smartwatch,Eletrônicos,249.9,Kelly Damasceno,Joinville
V002309,7,20,4,2024-12-24 21:05:00,Sem Observação,Suporte para Celular,Acessórios,19.9,Tales Bittencourt,Florianópolis
V002310,9,20,3,2024-10-06 08:32:00,Sem Observação,Película de Vidro,Acessórios,14.9,Tales Bittencourt,Florianópolis
V002311,3,3,3,2024-08-16 22:02:00,Sem Observação,Caixa de Som Portátil,Eletrônicos,129.9,Cecília Prado,São Paulo
V002312,1,19,3,2024-11-21 08:28:00,Cliente pediu embalagem para presente,Fone Bluetooth,Eletrônicos,89.9,Sônia Aparecida Reis,Joinville
V002313,3,16,3,2024-09-01 11:50:00,Entrega expressa solicitada,Caixa de Som Portátil,Eletrônicos,129.9,Pedro Henrique Lopes,Florianópolis
V002314,15,5,5,2024-11-30 13:14:00,Cliente pediu embalagem para presente,Microfone de Lapela,Eletrônicos,69.9,Estela Cunha,Curitiba
V002315,6,11,4,2024-11-20 10:37:00,Sem Observação,Cabo USB-C,Eletrônicos,24.9,Kelly Damasceno,Joinville
V002316,13,1,5,2024-08-17 14:41:00,Sem Observação,Hub USB,Acessórios,44.9,Alessandra Nogueira,Curitiba
V002317,14,16,1,2024-08-26 14:47:00,Cliente pediu embalagem para presente,Webcam HD,Eletrônicos,119.9,Pedro Henrique Lopes,Florianópolis
V002318,7,11,5,2024-10-08 20:22:00,Compra feita via aplicação promocional,Suporte para Celular,Acessórios,19.9,Kelly Damasceno,Joinville
V002319,10,8,5,2024-12-20 19:34:00,"Produto com defeito, aguardando troca",Power Bank,Eletrônicos,79.9,Hugo Mendonça,Florianópolis
V002320,9,14,3,2024-08-07 10:01:00,Compra feita via aplicação promocional,Película de Vidro,Acessórios,14.9,Nathan Correia,São Paulo
V002321,5,16,5,2024-10-08 19:18:00,Compra feita via aplicação promocional,Teclado Mecânico,Eletrônicos,189.9,Pedro Henrique Lopes,Florianópolis
V002322,9,17,2,2024-10-22 12:55:00,Sem Observação,Película de Vidro,Acessórios,14.9,Queila Fonseca,Curitiba
V002323,15,11,1,2024-09-10 15:36:00,Sem Observação,Microfone de Lapela,Eletrônicos,69.9,Kelly Damasceno,Joinville
V002324,12,7,2,2024-10-26 09:37:00,Cliente solicitou nota fiscal com CNPJ,Adaptador HDMI,Acessórios,34.9,Giovana Peixoto,Joinville
V002325,13,5,1,2024-10-28 10:23:00,Sem Observação,Hub USB,Acessórios,44.9,Estela Cunha,Curitiba
V002326,5,17,2,2024-11-11 19:59:00,Sem Observação,Teclado Mecânico,Eletrônicos,189.9,Queila Fonseca,Curitiba
V002327,10,6,1,2024-10-28 09:46:00,Sem Observação,Power Bank,Eletrônicos,79.9,Fábio Lacerda,São Paulo
V002328,4,6,1,2024-08-30 14:31:00,Sem Observação,Mouse Gamer,Eletrônicos,99.9,Fábio Lacerda,São Paulo
V002329,3,16,4,2024-08-24 14:14:00,Cliente pediu embalagem para presente,Caixa de Som Portátil,Eletrônicos,129.9,Pedro Henrique Lopes,Florianópolis
V002330,15,10,3,2024-12-18 15:26:00,"Produto com defeito, aguardando troca",Microfone de Lapela,Eletrônicos,69.9,João Vitor Assis,São Paulo
V002331,8,10,4,2024-09-27 09:38:00,Cliente solicitou nota fiscal com CNPJ,Capinha de Celular,Acessórios,29.9,João Vitor Assis,São Paulo
V002332,4,9,5,2024-11-12 19:23:00,Sem Observação,Mouse Gamer,Eletrônicos,99.9,Isadora Brandão,Curitiba
V002333,3,4,1,2024-10-01 14:44:00,Endereço de entrega divergente do cadastro,Caixa de Som Portátil,Eletrônicos,129.9,Daniel Werneck,Florianópolis
V002334,12,8,2,2024-08-06 22:56:00,Cliente pediu embalagem para presente,Adaptador HDMI,Acessórios,34.9,Hugo Mendonça,Florianópolis
V002335,7,16,2,2024-10-06 16:49:00,Endereço de entrega divergente do cadastro,Suporte para Celular,Acessórios,19.9,Pedro Henrique Lopes,Florianópolis
V002336,11,10,3,2024-09-22 20:52:00,Cliente solicitou nota fiscal com CNPJ,Smartwatch,Eletrônicos,249.9,João Vitor Assis,São Paulo
V002337,12,7,3,2024-09-22 21:43:00,Sem Observação,Adaptador HDMI,Acessórios,34.9,Giovana Peixoto,Joinville
V002338,10,18,4,2024-11-20 13:51:00,"Produto com defeito, aguardando troca",Power Bank,Eletrônicos,79.9,Ricardo Junqueira,São Paulo
V002339,4,11,1,2024-10-30 09:21:00,Cliente solicitou nota fiscal com CNPJ,Mouse Gamer,Eletrônicos,99.9,Kelly Damasceno,Joinville
V002340,13,3,1,2024-09-12 20:24:00,Entrega expressa solicitada,Hub USB,Acessórios,44.9,Cecília Prado,São Paulo
V002341,13,19,5,2024-11-08 08:30:00,Sem Observação,Hub USB,Acessórios,44.9,Sônia Aparecida Reis,Joinville
V002342,10,6,3,2024-10-24 17:50:00,Sem Observação,Power Bank,Eletrônicos,79.9,Fábio Lacerda,São Paulo
V002343,5,19,1,2024-11-05 09:04:00,Entrega expressa solicitada,Teclado Mecânico,Eletrônicos,189.9,Sônia Aparecida Reis,Joinville
V002344,15,6,2,2024-12-11 09:52:00,Endereço de entrega divergente do cadastro,Microfone de Lapela,Eletrônicos,69.9,Fábio Lacerda,São Paulo
V002345,12,10,2,2024-12-20 17:00:00,Cliente solicitou nota fiscal com CNPJ,Adaptador HDMI,Acessórios,34.9,João Vitor Assis,São Paulo
V002346,9,13,1,2024-09-29 11:46:00,Cliente solicitou nota fiscal com CNPJ,Película de Vidro,Acessórios,14.9,Marcela Tavares,Curitiba
V002347,4,7,2,2024-11-12 11:07:00,Cliente solicitou nota fiscal com CNPJ,Mouse Gamer,Eletrônicos,99.9,Giovana Peixoto,Joinville
V002348,5,8,5,2024-09-23 19:26:00,Endereço de entrega divergente do cadastro,Teclado Mecânico,Eletrônicos,189.9,Hugo Mendonça,Florianópolis
V002349,4,5,4,2024-09-15 19:54:00,Sem Observação,Mouse Gamer,Eletrônicos,99.9,Estela Cunha,Curitiba
V002350,15,13,1,2024-09-20 18:09:00,"Produto com defeito, aguardando troca",Microfone de Lapela,Eletrônicos,69.9,Marcela Tavares,Curitiba
V002351,2,19,2,2024-10-12 08:51:00,Cliente pediu embalagem para presente,Carregador Turbo,Eletrônicos,49.9,Sônia Aparecida Reis,Joinville
V002352,7,10,1,2024-09-10 20:52:00,Sem Observação,Suporte para Celular,Acessórios,19.9,João Vitor Assis,São Paulo
V002353,10,4,3,2024-09-05 15:38:00,Endereço de entrega divergente do cadastro,Power Bank,Eletrônicos,79.9,Daniel Werneck,Florianópolis
V002354,10,7,5,2024-08-18 17:51:00,Endereço de entrega divergente do cadastro,Power Bank,Eletrônicos,79.9,Giovana Peixoto,Joinville
V002355,5,6,4,2024-12-01 21:22:00,Compra feita via aplicação promocional,Teclado Mecânico,Eletrônicos,189.9,Fábio Lacerda,São Paulo
V002356,10,5,5,2024-09-30 09:52:00,Sem Observação,Power Bank,Eletrônicos,79.9,Estela Cunha,Curitiba
V002357,6,3,5,2024-12-18 13:48:00,Sem Observação,Cabo USB-C,Eletrônicos,24.9,Cecília Prado,São Paulo
V002358,5,6,4,2024-09-21 19:01:00,Sem Observação,Teclado Mecânico,Eletrônicos,189.9,Fábio Lacerda,São Paulo
V002359,3,17,4,2024-09-14 11:33:00,Sem Observação,Caixa de Som Portátil,Eletrônicos,129.9,Queila Fonseca,Curitiba
V002360,3,12,4,2024-08-26 12:44:00,Sem Observação,Caixa de Som Portátil,Eletrônicos,129.9,Leonardo Xavier,Florianópolis
V002361,6,9,5,2024-10-09 19:02:00,"Produto com defeito, aguardando troca",Cabo USB-C,Eletrônicos,24.9,Isadora Brandão,Curitiba
V002362,6,11,4,2024-11-04 14:19:00,"Produto com defeito, aguardando troca",Cabo USB-C,Eletrônicos,24.9,Kelly Damasceno,Joinville
V002363,14,12,1,2024-12-08 08:18:00,"Produto com defeito, aguardando troca",Webcam HD,Eletrônicos,119.9,Leonardo Xavier,Florianópolis
V002364,9,13,2,2024-10-03 22:27:00,Endereço de entrega divergente do cadastro,Película de Vidro,Acessórios,14.9,Marcela Tavares,Curitiba
V002365,14,8,1,2024-11-29 21:17:00,Sem Observação,Webcam HD,Eletrônicos,119.9,Hugo Mendonça,Florianópolis
V002366,5,13,2,2024-10-14 10:59:00,Sem Observação,Teclado Mecânico,Eletrônicos,189.9,Marcela Tavares,Curitiba
V002367,1,13,4,2024-09-13 09:52:00,"Produto com defeito, aguardando troca",Fone Bluetooth,Eletrônicos,89.9,Marcela Tavares,Curitiba
V002368,6,1,5,2024-09-17 21:46:00,Cliente solicitou nota fiscal com CNPJ,Cabo USB-C,Eletrônicos,24.9,Alessandra Nogueira,Curitiba
V002369,6,19,2,2024-08-22 08:54:00,Sem Observação,Cabo USB-C,Eletrônicos,24.9,Sônia Aparecida Reis,Joinville
V002370,7,2,4,2024-08-17 12:52:00,Compra feita via aplicação promocional,Suporte para Celular,Acessórios,19.9,Bernardo Salles,Joinville
V002371,3,6,5,2024-12-23 08:25:00,Cliente pediu embalagem para presente,Caixa de Som Portátil,Eletrônicos,129.9,Fábio Lacerda,São Paulo
V002372,4,16,3,2024-12-07 08:47:00,Sem Observação,Mouse Gamer,Eletrônicos,99.9,Pedro Henrique Lopes,Florianópolis
V002373,7,6,3,2024-09-15 20:05:00,Sem Observação,Suporte para Celular,Acessórios,19.9,Fábio Lacerda,São Paulo
V002374,4,15,4,2024-12-21 11:39:00,Sem Observação,Mouse Gamer,Eletrônicos,99.9,Olívia Marques,Joinville
V002375,12,12,5,2024-11-28 11:49:00,Compra feita via aplicação promocional,Adaptador HDMI,Acessórios,34.9,Leonardo Xavier,Florianópolis
V002376,9,1,5,2024-08-31 10:10:00,Entrega expressa solicitada,Película de Vidro,Acessórios,14.9,Alessandra Nogueira,Curitiba
V002377,15,18,5,2024-10-01 19:11:00,Compra feita via aplicação promocional,Microfone de Lapela,Eletrônicos,69.9,Ricardo Junqueira,São Paulo
V002378,2,2,1,2024-12-15 19:55:00,Sem Observação,Carregador Turbo,Eletrônicos,49.9,Bernardo Salles,Joinville
V002379,3,13,3,2024-10-29 15:45:00,Compra feita via aplicação promocional,Caixa de Som Portátil,Eletrônicos,129.9,Marcela Tavares,Curitiba
V002380,10,6,5,2024-11-29 21:55:00,Sem Observação,Power Bank,Eletrônicos,79.9,Fábio Lacerda,São Paulo
V002381,9,10,1,2024-10-19 20:34:00,Endereço de entrega divergente do cadastro,Película de Vidro,Acessórios,14.9,João Vitor Assis,São Paulo
V002382,15,12,4,2024-10-18 18:49:00,Cliente solicitou nota fiscal com CNPJ,Microfone de Lapela,Eletrônicos,69.9,Leonardo Xavier,Florianópolis
V002383,1,9,1,2024-10-21 10:59:00,Sem Observação,Fone Bluetooth,Eletrônicos,89.9,Isadora Brandão,Curitiba
V002384,12,14,4,2024-10-10 11:20:00,Compra feita via aplicação promocional,Adaptador HDMI,Acessórios,34.9,Nathan Correia,São Paulo
V002385,10,16,4,2024-08-17 09:13:00,Cliente solicitou nota fiscal com CNPJ,Power Bank,Eletrônicos,79.9,Pedro Henrique Lopes,Florianópolis
V002386,1,18,5,2024-12-05 11:15:00,Sem Observação,Fone Bluetooth,Eletrônicos,89.9,Ricardo Junqueira,São Paulo
V002387,1,2,2,2024-12-24 15:12:00,Sem Observação,Fone Bluetooth,Eletrônicos,89.9,Bernardo Salles,Joinville
V002388,4,1,3,2024-09-12 09:20:00,Endereço de entrega divergente do cadastro,Mouse Gamer,Eletrônicos,99.9,Alessandra Nogueira,Curitiba
V002389,9,14,2,2024-09-27 11:39:00,Sem Observação,Película de Vidro,Acessórios,14.9,Nathan Correia,São Paulo
V002390,3,20,2,2024-11-28 12:58:00,Compra feita via aplicação promocional,Caixa de Som Portátil,Eletrônicos,129.9,Tales Bittencourt,Florianópolis
V002391,2,7,1,2024-12-25 15:17:00,Compra feita via aplicação promocional,Carregador Turbo,Eletrônicos,49.9,Giovana Peixoto,Joinville
V002392,10,13,4,2024-12-02 09:03:00,Compra feita via aplicação promocional,Power Bank,Eletrônicos,79.9,Marcela Tavares,Curitiba
V002393,6,11,1,2024-12-08 17:08:00,Endereço de entrega divergente do cadastro,Cabo USB-C,Eletrônicos,24.9,Kelly Damasceno,Joinville
V002394,2,13,1,2024-10-29 09:24:00,Sem Observação,Carregador Turbo,Eletrônicos,49.9,Marcela Tavares,Curitiba
V002395,9,7,4,2024-08-25 11:56:00,Entrega expressa solicitada,Película de Vidro,Acessórios,14.9,Giovana Peixoto,Joinville
V002396,6,6,4,2024-12-02 17:38:00,Sem Observação,Cabo USB-C,Eletrônicos,24.9,Fábio Lacerda,São Paulo
V002397,5,5,2,2024-12-26 21:05:00,Compra feita via aplicação promocional,Teclado Mecânico,Eletrônicos,189.9,Estela Cunha,Curitiba
V002398,12,19,3,2024-08-06 22:24:00,"Produto com defeito, aguardando troca",Adaptador HDMI,Acessórios,34.9,Sônia Aparecida Reis,Joinville
V002399,9,18,2,2024-11-03 18:52:00,"Produto com defeito, aguardando troca",Película de Vidro,Acessórios,14.9,Ricardo Junqueira,São Paulo
V002400,12,11,1,2024-09-30 08:32:00,Sem Observação,Adaptador HDMI,Acessórios,34.9,Kelly Damasceno,Joinville
V002401,15,9,3,2024-11-12 14:17:00,Cliente pediu embalagem para presente,Microfone de Lapela,Eletrônicos,69.9,Isadora Brandão,Curitiba
V002402,9,10,2,2024-11-03 19:32:00,Entrega expressa solicitada,Película de Vidro,Acessórios,14.9,João Vitor Assis,São Paulo
V002403,5,5,5,2024-09-10 09:49:00,Sem Observação,Teclado Mecânico,Eletrônicos,189.9,Estela Cunha,Curitiba
V002404,9,8,4,2024-10-29 12:41:00,Cliente solicitou nota fiscal com CNPJ,Película de Vidro,Acessórios,14.9,Hugo Mendonça,Florianópolis
V002405,10,10,4,2024-12-24 13:22:00,Endereço de entrega divergente do cadastro,Power Bank,Eletrônicos,79.9,João Vitor Assis,São Paulo
V002406,5,17,4,2024-09-14 10:54:00,Sem Observação,Teclado Mecânico,Eletrônicos,189.9,Queila Fonseca,Curitiba
V002407,12,9,1,2024-10-01 16:23:00,Compra feita via aplicação promocional,Adaptador HDMI,Acessórios,34.9,Isadora Brandão,Curitiba
V002408,3,4,5,2024-11-30 17:19:00,Compra feita via aplicação promocional,Caixa de Som Portátil,Eletrônicos,129.9,Daniel Werneck,Florianópolis
V002410,9,1,4,2024-12-20 22:25:00,Compra feita via aplicação promocional,Película de Vidro,Acessórios,14.9,Alessandra Nogueira,Curitiba
V002412,9,16,4,2024-12-05 12:39:00,Cliente solicitou nota fiscal com CNPJ,Película de Vidro,Acessórios,14.9,Pedro Henrique Lopes,Florianópolis
V002413,1,2,1,2024-08-23 12:22:00,"Produto com defeito, aguardando troca",Fone Bluetooth,Eletrônicos,89.9,Bernardo Salles,Joinville
V002414,10,19,5,2024-08-30 21:50:00,Sem Observação,Power Bank,Eletrônicos,79.9,Sônia Aparecida Reis,Joinville
V002415,10,6,2,2024-12-28 21:57:00,Endereço de entrega divergente do cadastro,Power Bank,Eletrônicos,79.9,Fábio Lacerda,São Paulo
V002416,6,6,2,2024-11-29 12:54:00,Sem Observação,Cabo USB-C,Eletrônicos,24.9,Fábio Lacerda,São Paulo
V002417,12,4,3,2024-11-25 11:29:00,Cliente pediu embalagem para presente,Adaptador HDMI,Acessórios,34.9,Daniel Werneck,Florianópolis
V002418,12,9,5,2024-09-09 11:13:00,"Produto com defeito, aguardando troca",Adaptador HDMI,Acessórios,34.9,Isadora Brandão,Curitiba
V002419,9,6,3,2024-08-10 08:55:00,Endereço de entrega divergente do cadastro,Película de Vidro,Acessórios,14.9,Fábio Lacerda,São Paulo
V002420,14,7,3,2024-08-01 16:27:00,Sem Observação,Webcam HD,Eletrônicos,119.9,Giovana Peixoto,Joinville
V002421,9,12,3,2024-09-16 17:22:00,Compra feita via aplicação promocional,Película de Vidro,Acessórios,14.9,Leonardo Xavier,Florianópolis
V002422,4,4,4,2024-11-06 22:16:00,Cliente solicitou nota fiscal com CNPJ,Mouse Gamer,Eletrônicos,99.9,Daniel Werneck,Florianópolis
V002423,9,19,5,2024-08-23 22:55:00,Cliente pediu embalagem para presente,Película de Vidro,Acessórios,14.9,Sônia Aparecida Reis,Joinville
V002424,11,7,4,2024-08-03 21:11:00,Sem Observação,Smartwatch,Eletrônicos,249.9,Giovana Peixoto,Joinville
V002425,6,17,1,2024-10-25 14:27:00,Sem Observação,Cabo USB-C,Eletrônicos,24.9,Queila Fonseca,Curitiba
V002426,5,20,2,2024-12-16 22:09:00,Compra feita via aplicação promocional,Teclado Mecânico,Eletrônicos,189.9,Tales Bittencourt,Florianópolis
V002427,14,15,5,2024-12-09 14:21:00,"Produto com defeito, aguardando troca",Webcam HD,Eletrônicos,119.9,Olívia Marques,Joinville
V002428,5,12,3,2024-12-02 21:31:00,Sem Observação,Teclado Mecânico,Eletrônicos,189.9,Leonardo Xavier,Florianópolis
V002429,7,16,3,2024-12-22 22:44:00,Entrega expressa solicitada,Suporte para Celular,Acessórios,19.9,Pedro Henrique Lopes,Florianópolis
V002430,1,16,1,2024-09-01 16:48:00,Entrega expressa solicitada,Fone Bluetooth,Eletrônicos,89.9,Pedro Henrique Lopes,Florianópolis
V002431,9,16,3,2024-08-06 15:09:00,Cliente solicitou nota fiscal com CNPJ,Película de Vidro,Acessórios,14.9,Pedro Henrique Lopes,Florianópolis
V002432,4,1,1,2024-10-06 12:11:00,Compra feita via aplicação promocional,Mouse Gamer,Eletrônicos,99.9,Alessandra Nogueira,Curitiba
V002433,6,3,3,2024-11-24 14:30:00,Sem Observação,Cabo USB-C,Eletrônicos,24.9,Cecília Prado,São Paulo
V002434,15,4,1,2024-09-12 15:13:00,Cliente solicitou nota fiscal com CNPJ,Microfone de Lapela,Eletrônicos,69.9,Daniel Werneck,Florianópolis
V002435,13,5,2,2024-10-24 14:44:00,Sem Observação,Hub USB,Acessórios,44.9,Estela Cunha,Curitiba
V002436,11,6,1,2024-12-23 15:57:00,"Produto com defeito, aguardando troca",Smartwatch,Eletrônicos,249.9,Fábio Lacerda,São Paulo
V002437,14,1,4,2024-12-21 11:55:00,Sem Observação,Webcam HD,Eletrônicos,119.9,Alessandra Nogueira,Curitiba
V002438,2,5,2,2024-11-16 11:38:00,Cliente pediu embalagem para presente,Carregador Turbo,Eletrônicos,49.9,Estela Cunha,Curitiba
V002439,9,9,3,2024-08-11 08:40:00,Sem Observação,Película de Vidro,Acessórios,14.9,Isadora Brandão,Curitiba
V002440,13,1,2,2024-11-03 19:05:00,Endereço de entrega divergente do cadastro,Hub USB,Acessórios,44.9,Alessandra Nogueira,Curitiba
V002441,6,6,4,2024-11-04 18:19:00,Sem Observação,Cabo USB-C,Eletrônicos,24.9,Fábio Lacerda,São Paulo
V002442,14,19,3,2024-12-08 17:33:00,Sem Observação,Webcam HD,Eletrônicos,119.9,Sônia Aparecida Reis,Joinville
V002443,1,18,3,2024-09-23 22:53:00,Sem Observação,Fone Bluetooth,Eletrônicos,89.9,Ricardo Junqueira,São Paulo
V002444,3,20,4,2024-10-17 10:33:00,Cliente pediu embalagem para presente,Caixa de Som Portátil,Eletrônicos,129.9,Tales Bittencourt,Florianópolis
V002445,14,8,2,2024-09-17 22:21:00,Cliente solicitou nota fiscal com CNPJ,Webcam HD,Eletrônicos,119.9,Hugo Mendonça,Florianópolis
V002446,12,13,2,2024-08-05 13:51:00,Cliente solicitou nota fiscal com CNPJ,Adaptador HDMI,Acessórios,34.9,Marcela Tavares,Curitiba
V002447,7,6,5,2024-08-19 12:31:00,Sem Observação,Suporte para Celular,Acessórios,19.9,Fábio Lacerda,São Paulo
V002448,5,8,4,2024-09-04 13:07:00,Sem Observação,Teclado Mecânico,Eletrônicos,189.9,Hugo Mendonça,Florianópolis
V002449,2,1,1,2024-08-06 17:16:00,Sem Observação,Carregador Turbo,Eletrônicos,49.9,Alessandra Nogueira,Curitiba
V002450,3,3,5,2024-09-30 14:47:00,Cliente pediu embalagem para presente,Caixa de Som Portátil,Eletrônicos,129.9,Cecília Prado,São Paulo
V002451,5,15,1,2024-11-20 13:14:00,Entrega expressa solicitada,Teclado Mecânico,Eletrônicos,189.9,Olívia Marques,Joinville
V002452,6,2,5,2024-11-14 21:31:00,Cliente solicitou nota fiscal com CNPJ,Cabo USB-C,Eletrônicos,24.9,Bernardo Salles,Joinville
V002453,12,13,3,2024-11-19 17:01:00,Sem Observação,Adaptador HDMI,Acessórios,34.9,Marcela Tavares,Curitiba
V002454,8,8,2,2024-11-29 20:10:00,Sem Observação,Capinha de Celular,Acessórios,29.9,Hugo Mendonça,Florianópolis
V002455,10,12,4,2024-10-13 09:10:00,"Produto com defeito, aguardando troca",Power Bank,Eletrônicos,79.9,Leonardo Xavier,Florianópolis
V002456,9,20,1,2024-09-21 08:33:00,Sem Observação,Película de Vidro,Acessórios,14.9,Tales Bittencourt,Florianópolis
V002457,15,13,3,2024-08-15 20:56:00,Sem Observação,Microfone de Lapela,Eletrônicos,69.9,Marcela Tavares,Curitiba
V002458,4,1,2,2024-10-18 10:36:00,Entrega expressa solicitada,Mouse Gamer,Eletrônicos,99.9,Alessandra Nogueira,Curitiba
V002459,1,14,4,2024-11-04 17:48:00,Cliente pediu embalagem para presente,Fone Bluetooth,Eletrônicos,89.9,Nathan Correia,São Paulo
V002460,15,14,1,2024-11-09 13:39:00,Sem Observação,Microfone de Lapela,Eletrônicos,69.9,Nathan Correia,São Paulo
V002461,9,12,2,2024-12-13 20:12:00,Entrega expressa solicitada,Película de Vidro,Acessórios,14.9,Leonardo Xavier,Florianópolis
V002462,11,3,1,2024-10-22 12:03:00,Cliente pediu embalagem para presente,Smartwatch,Eletrônicos,249.9,Cecília Prado,São Paulo
V002463,10,9,4,2024-10-04 17:26:00,Sem Observação,Power Bank,Eletrônicos,79.9,Isadora Brandão,Curitiba
V002464,13,13,2,2024-09-13 22:00:00,"Produto com defeito, aguardando troca",Hub USB,Acessórios,44.9,Marcela Tavares,Curitiba
V002465,14,20,2,2024-11-09 15:27:00,Cliente pediu embalagem para presente,Webcam HD,Eletrônicos,119.9,Tales Bittencourt,Florianópolis
V002466,12,18,4,2024-11-26 08:08:00,"Produto com defeito, aguardando troca",Adaptador HDMI,Acessórios,34.9,Ricardo Junqueira,São Paulo
V002467,9,6,2,2024-08-09 10:03:00,Cliente pediu embalagem para presente,Película de Vidro,Acessórios,14.9,Fábio Lacerda,São Paulo
V002468,6,19,4,2024-08-23 15:45:00,Sem Observação,Cabo USB-C,Eletrônicos,24.9,Sônia Aparecida Reis,Joinville
V002469,7,4,2,2024-10-24 13:57:00,Compra feita via aplicação promocional,Suporte para Celular,Acessórios,19.9,Daniel Werneck,Florianópolis
V002470,1,19,4,2024-08-13 14:51:00,Sem Observação,Fone Bluetooth,Eletrônicos,89.9,Sônia Aparecida Reis,Joinville
V002471,4,3,2,2024-09-11 13:57:00,"Produto com defeito, aguardando troca",Mouse Gamer,Eletrônicos,99.9,Cecília Prado,São Paulo
V002472,4,1,4,2024-10-27 21:05:00,"Produto com defeito, aguardando troca",Mouse Gamer,Eletrônicos,99.9,Alessandra Nogueira,Curitiba
V002473,3,17,2,2024-11-02 17:28:00,Sem Observação,Caixa de Som Portátil,Eletrônicos,129.9,Queila Fonseca,Curitiba
V002474,13,10,1,2024-10-30 20:38:00,"Produto com defeito, aguardando troca",Hub USB,Acessórios,44.9,João Vitor Assis,São Paulo
V002475,3,2,3,2024-10-15 12:39:00,Sem Observação,Caixa de Som Portátil,Eletrônicos,129.9,Bernardo Salles,Joinville
V002476,3,11,3,2024-11-01 20:09:00,Sem Observação,Caixa de Som Portátil,Eletrônicos,129.9,Kelly Damasceno,Joinville
V002477,5,12,3,2024-08-14 19:34:00,Cliente solicitou nota fiscal com CNPJ,Teclado Mecânico,Eletrônicos,189.9,Leonardo Xavier,Florianópolis
V002478,7,2,1,2024-09-26 08:48:00,Endereço de entrega divergente do cadastro,Suporte para Celular,Acessórios,19.9,Bernardo Salles,Joinville
V002479,15,9,4,2024-09-27 13:15:00,Sem Observação,Microfone de Lapela,Eletrônicos,69.9,Isadora Brandão,Curitiba
V002480,9,2,1,2024-09-25 16:52:00,Sem Observação,Película de Vidro,Acessórios,14.9,Bernardo Salles,Joinville
V002481,4,12,3,2024-09-21 22:27:00,Entrega expressa solicitada,Mouse Gamer,Eletrônicos,99.9,Leonardo Xavier,Florianópolis
V002482,9,10,1,2024-12-29 21:24:00,Sem Observação,Película de Vidro,Acessórios,14.9,João Vitor Assis,São Paulo
V002483,7,6,1,2024-09-14 09:20:00,Sem Observação,Suporte para Celular,Acessórios,19.9,Fábio Lacerda,São Paulo
V002484,13,17,1,2024-11-18 13:28:00,Sem Observação,Hub USB,Acessórios,44.9,Queila Fonseca,Curitiba
V002485,10,2,5,2024-10-11 12:29:00,Sem Observação,Power Bank,Eletrônicos,79.9,Bernardo Salles,Joinville
V002486,9,11,2,2024-11-16 22:21:00,"Produto com defeito, aguardando troca",Película de Vidro,Acessórios,14.9,Kelly Damasceno,Joinville
V002487,15,20,2,2024-12-24 18:30:00,Compra feita via aplicação promocional,Microfone de Lapela,Eletrônicos,69.9,Tales Bittencourt,Florianópolis
V002488,15,18,3,2024-09-10 12:12:00,"Produto com defeito, aguardando troca",Microfone de Lapela,Eletrônicos,69.9,Ricardo Junqueira,São Paulo
V002489,15,7,2,2024-09-29 11:22:00,Sem Observação,Microfone de Lapela,Eletrônicos,69.9,Giovana Peixoto,Joinville
V002490,2,14,3,2024-12-21 19:41:00,Endereço de entrega divergente do cadastro,Carregador Turbo,Eletrônicos,49.9,Nathan Correia,São Paulo
V002491,4,12,2,2024-11-20 17:06:00,Sem Observação,Mouse Gamer,Eletrônicos,99.9,Leonardo Xavier,Florianópolis
V002492,10,4,1,2024-10-05 14:49:00,"Produto com defeito, aguardando troca",Power Bank,Eletrônicos,79.9,Daniel Werneck,Florianópolis
V002493,15,10,2,2024-08-29 18:12:00,Endereço de entrega divergente do cadastro,Microfone de Lapela,Eletrônicos,69.9,João Vitor Assis,São Paulo
V002494,14,9,2,2024-10-08 10:41:00,"Produto com defeito, aguardando troca",Webcam HD,Eletrônicos,119.9,Isadora Brandão,Curitiba
V002495,12,17,4,2024-08-11 12:17:00,Sem Observação,Adaptador HDMI,Acessórios,34.9,Queila Fonseca,Curitiba
V002496,5,4,3,2024-11-18 09:13:00,Sem Observação,Teclado Mecânico,Eletrônicos,189.9,Daniel Werneck,Florianópolis
V002497,10,9,4,2024-10-03 21:23:00,Sem Observação,Power Bank,Eletrônicos,79.9,Isadora Brandão,Curitiba
V002498,4,7,4,2024-11-10 08:21:00,Cliente solicitou nota fiscal com CNPJ,Mouse Gamer,Eletrônicos,99.9,Giovana Peixoto,Joinville
V002499,12,7,1,2024-10-02 22:00:00,"Produto com defeito, aguardando troca",Adaptador HDMI,Acessórios,34.9,Giovana Peixoto,Joinville
V002500,14,13,2,2024-12-28 19:48:00,Endereço de entrega divergente do cadastro,Webcam HD,Eletrônicos,119.9,Marcela Tavares,Curitiba
V002501,4,5,5,2024-10-02 19:27:00,"Produto com defeito, aguardando troca",Mouse Gamer,Eletrônicos,99.9,Estela Cunha,Curitiba
V002502,15,7,2,2024-11-01 17:05:00,Sem Observação,Microfone de Lapela,Eletrônicos,69.9,Giovana Peixoto,Joinville
V002504,7,15,1,2024-11-22 09:58:00,Cliente solicitou nota fiscal com CNPJ,Suporte para Celular,Acessórios,19.9,Olívia Marques,Joinville
V002505,8,16,3,2024-08-27 17:37:00,Cliente pediu embalagem para presente,Capinha de Celular,Acessórios,29.9,Pedro Henrique Lopes,Florianópolis
V002506,2,9,3,2024-12-27 10:10:00,"Produto com defeito, aguardando troca",Carregador Turbo,Eletrônicos,49.9,Isadora Brandão,Curitiba
V002507,2,12,5,2024-08-15 21:53:00,"Produto com defeito, aguardando troca",Carregador Turbo,Eletrônicos,49.9,Leonardo Xavier,Florianópolis
V002508,2,10,4,2024-09-18 08:15:00,Cliente solicitou nota fiscal com CNPJ,Carregador Turbo,Eletrônicos,49.9,João Vitor Assis,São Paulo
V002509,7,16,4,2024-08-12 10:40:00,Cliente pediu embalagem para presente,Suporte para Celular,Acessórios,19.9,Pedro Henrique Lopes,Florianópolis
V002510,1,11,1,2024-10-06 08:58:00,Sem Observação,Fone Bluetooth,Eletrônicos,89.9,Kelly Damasceno,Joinville
V002511,11,20,4,2024-08-11 15:10:00,"Produto com defeito, aguardando troca",Smartwatch,Eletrônicos,249.9,Tales Bittencourt,Florianópolis
V002512,15,10,3,2024-10-26 16:31:00,Cliente solicitou nota fiscal com CNPJ,Microfone de Lapela,Eletrônicos,69.9,João Vitor Assis,São Paulo
V002513,5,15,5,2024-11-11 09:42:00,Entrega expressa solicitada,Teclado Mecânico,Eletrônicos,189.9,Olívia Marques,Joinville
V002514,11,4,3,2024-10-27 19:16:00,Cliente solicitou nota fiscal com CNPJ,Smartwatch,Eletrônicos,249.9,Daniel Werneck,Florianópolis
V002515,8,17,2,2024-11-07 09:24:00,Endereço de entrega divergente do cadastro,Capinha de Celular,Acessórios,29.9,Queila Fonseca,Curitiba
V002516,13,18,2,2024-11-27 17:04:00,Sem Observação,Hub USB,Acessórios,44.9,Ricardo Junqueira,São Paulo
V002517,4,8,2,2024-10-18 16:07:00,Sem Observação,Mouse Gamer,Eletrônicos,99.9,Hugo Mendonça,Florianópolis
V002518,13,6,3,2024-12-03 22:37:00,"Produto com defeito, aguardando troca",Hub USB,Acessórios,44.9,Fábio Lacerda,São Paulo
V002519,2,17,1,2024-12-12 21:14:00,Endereço de entrega divergente do cadastro,Carregador Turbo,Eletrônicos,49.9,Queila Fonseca,Curitiba
V002521,6,4,3,2024-09-29 21:13:00,Endereço de entrega divergente do cadastro,Cabo USB-C,Eletrônicos,24.9,Daniel Werneck,Florianópolis
V002522,6,2,1,2024-09-29 12:03:00,Cliente solicitou nota fiscal com CNPJ,Cabo USB-C,Eletrônicos,24.9,Bernardo Salles,Joinville
V002523,15,17,5,2024-08-31 17:39:00,Endereço de entrega divergente do cadastro,Microfone de Lapela,Eletrônicos,69.9,Queila Fonseca,Curitiba
V002524,10,10,4,2024-11-16 09:48:00,Sem Observação,Power Bank,Eletrônicos,79.9,João Vitor Assis,São Paulo
V002525,6,17,4,2024-09-22 08:19:00,Sem Observação,Cabo USB-C,Eletrônicos,24.9,Queila Fonseca,Curitiba
V002526,11,1,2,2024-12-22 11:34:00,Compra feita via aplicação promocional,Smartwatch,Eletrônicos,249.9,Alessandra Nogueira,Curitiba
V002527,5,11,5,2024-08-19 09:50:00,Compra feita via aplicação promocional,Teclado Mecânico,Eletrônicos,189.9,Kelly Damasceno,Joinville
V002528,5,6,5,2024-09-10 09:31:00,"Produto com defeito, aguardando troca",Teclado Mecânico,Eletrônicos,189.9,Fábio Lacerda,São Paulo
V002529,8,5,2,2024-12-03 18:22:00,Sem Observação,Capinha de Celular,Acessórios,29.9,Estela Cunha,Curitiba
V002530,14,18,1,2024-09-05 17:54:00,Sem Observação,Webcam HD,Eletrônicos,119.9,Ricardo Junqueira,São Paulo
V002531,12,3,2,2024-11-14 17:34:00,"Produto com defeito, aguardando troca",Adaptador HDMI,Acessórios,34.9,Cecília Prado,São Paulo
V002532,5,18,2,2024-12-06 10:40:00,Sem Observação,Teclado Mecânico,Eletrônicos,189.9,Ricardo Junqueira,São Paulo
V002533,9,1,1,2024-09-28 21:26:00,Sem Observação,Película de Vidro,Acessórios,14.9,Alessandra Nogueira,Curitiba
V002534,8,14,3,2024-11-07 13:16:00,Endereço de entrega divergente do cadastro,Capinha de Celular,Acessórios,29.9,Nathan Correia,São Paulo
V002535,14,11,1,2024-09-20 08:50:00,Cliente pediu embalagem para presente,Webcam HD,Eletrônicos,119.9,Kelly Damasceno,Joinville
V002536,3,3,5,2024-09-05 13:08:00,Sem Observação,Caixa de Som Portátil,Eletrônicos,129.9,Cecília Prado,São Paulo
V002537,9,18,2,2024-09-23 17:16:00,Sem Observação,Película de Vidro,Acessórios,14.9,Ricardo Junqueira,São Paulo
V002538,13,19,4,2024-10-24 17:34:00,Sem Observação,Hub USB,Acessórios,44.9,Sônia Aparecida Reis,Joinville
V002539,13,9,2,2024-09-04 17:37:00,Sem Observação,Hub USB,Acessórios,44.9,Isadora Brandão,Curitiba
V002540,12,9,3,2024-11-18 17:34:00,Entrega expressa solicitada,Adaptador HDMI,Acessórios,34.9,Isadora Brandão,Curitiba
V002541,9,17,5,2024-11-17 19:25:00,Sem Observação,Película de Vidro,Acessórios,14.9,Queila Fonseca,Curitiba
V002542,12,2,4,2024-08-11 16:09:00,Cliente pediu embalagem para presente,Adaptador HDMI,Acessórios,34.9,Bernardo Salles,Joinville
V002543,3,17,3,2024-11-15 20:25:00,Endereço de entrega divergente do cadastro,Caixa de Som Portátil,Eletrônicos,129.9,Queila Fonseca,Curitiba
V002544,7,6,5,2024-08-14 14:56:00,Sem Observação,Suporte para Celular,Acessórios,19.9,Fábio Lacerda,São Paulo
V002545,10,9,5,2024-12-28 11:04:00,Cliente solicitou nota fiscal com CNPJ,Power Bank,Eletrônicos,79.9,Isadora Brandão,Curitiba
V002546,2,8,5,2024-08-30 13:58:00,"Produto com defeito, aguardando troca",Carregador Turbo,Eletrônicos,49.9,Hugo Mendonça,Florianópolis
V002547,14,17,2,2024-09-01 12:40:00,"Produto com defeito, aguardando troca",Webcam HD,Eletrônicos,119.9,Queila Fonseca,Curitiba
V002548,9,18,4,2024-08-24 16:05:00,Cliente pediu embalagem para presente,Película de Vidro,Acessórios,14.9,Ricardo Junqueira,São Paulo
V002549,10,18,5,2024-10-19 22:06:00,Sem Observação,Power Bank,Eletrônicos,79.9,Ricardo Junqueira,São Paulo
V002550,4,12,4,2024-11-07 11:43:00,Sem Observação,Mouse Gamer,Eletrônicos,99.9,Leonardo Xavier,Florianópolis
V002552,5,7,5,2024-08-03 18:15:00,Sem Observação,Teclado Mecânico,Eletrônicos,189.9,Giovana Peixoto,Joinville
V002553,10,17,4,2024-11-25 16:31:00,Compra feita via aplicação promocional,Power Bank,Eletrônicos,79.9,Queila Fonseca,Curitiba
V002554,15,13,5,2024-09-27 09:44:00,Entrega expressa solicitada,Microfone de Lapela,Eletrônicos,69.9,Marcela Tavares,Curitiba
V002555,5,13,2,2024-11-17 15:23:00,Endereço de entrega divergente do cadastro,Teclado Mecânico,Eletrônicos,189.9,Marcela Tavares,Curitiba
V002556,11,1,1,2024-09-25 18:01:00,Sem Observação,Smartwatch,Eletrônicos,249.9,Alessandra Nogueira,Curitiba
V002557,15,8,1,2024-08-08 09:35:00,Sem Observação,Microfone de Lapela,Eletrônicos,69.9,Hugo Mendonça,Florianópolis
V002558,13,14,3,2024-09-30 19:00:00,Entrega expressa solicitada,Hub USB,Acessórios,44.9,Nathan Correia,São Paulo
V002560,14,12,5,2024-09-25 18:23:00,Cliente solicitou nota fiscal com CNPJ,Webcam HD,Eletrônicos,119.9,Leonardo Xavier,Florianópolis
V002561,6,16,4,2024-08-31 13:22:00,Sem Observação,Cabo USB-C,Eletrônicos,24.9,Pedro Henrique Lopes,Florianópolis
V002562,15,9,3,2024-10-22 17:19:00,Compra feita via aplicação promocional,Microfone de Lapela,Eletrônicos,69.9,Isadora Brandão,Curitiba
V002563,3,15,5,2024-09-22 12:22:00,Cliente pediu embalagem para presente,Caixa de Som Portátil,Eletrônicos,129.9,Olívia Marques,Joinville
V002564,11,11,4,2024-09-20 12:25:00,Compra feita via aplicação promocional,Smartwatch,Eletrônicos,249.9,Kelly Damasceno,Joinville
V002565,7,10,2,2024-12-16 20:18:00,Compra feita via aplicação promocional,Suporte para Celular,Acessórios,19.9,João Vitor Assis,São Paulo
V002566,14,10,3,2024-08-21 15:08:00,Entrega expressa solicitada,Webcam HD,Eletrônicos,119.9,João Vitor Assis,São Paulo
V002567,4,5,2,2024-11-10 12:54:00,Cliente solicitou nota fiscal com CNPJ,Mouse Gamer,Eletrônicos,99.9,Estela Cunha,Curitiba
V002568,15,16,4,2024-10-16 22:42:00,Entrega expressa solicitada,Microfone de Lapela,Eletrônicos,69.9,Pedro Henrique Lopes,Florianópolis
V002569,3,12,4,2024-11-07 09:26:00,Cliente pediu embalagem para presente,Caixa de Som Portátil,Eletrônicos,129.9,Leonardo Xavier,Florianópolis
V002570,9,15,3,2024-08-03 12:29:00,Sem Observação,Película de Vidro,Acessórios,14.9,Olívia Marques,Joinville
V002573,8,11,1,2024-08-09 21:09:00,Cliente pediu embalagem para presente,Capinha de Celular,Acessórios,29.9,Kelly Damasceno,Joinville
V002574,4,17,5,2024-09-05 18:06:00,"Produto com defeito, aguardando troca",Mouse Gamer,Eletrônicos,99.9,Queila Fonseca,Curitiba
V002575,8,7,5,2024-08-12 18:13:00,Endereço de entrega divergente do cadastro,Capinha de Celular,Acessórios,29.9,Giovana Peixoto,Joinville
V002576,12,16,2,2024-11-08 14:27:00,Sem Observação,Adaptador HDMI,Acessórios,34.9,Pedro Henrique Lopes,Florianópolis
V002577,3,19,4,2024-08-28 13:29:00,Cliente pediu embalagem para presente,Caixa de Som Portátil,Eletrônicos,129.9,Sônia Aparecida Reis,Joinville
V002578,1,7,5,2024-10-23 21:27:00,Sem Observação,Fone Bluetooth,Eletrônicos,89.9,Giovana Peixoto,Joinville
V002580,12,2,2,2024-09-01 08:59:00,Sem Observação,Adaptador HDMI,Acessórios,34.9,Bernardo Salles,Joinville
V002581,1,2,2,2024-12-07 20:24:00,Endereço de entrega divergente do cadastro,Fone Bluetooth,Eletrônicos,89.9,Bernardo Salles,Joinville
V002582,10,1,1,2024-08-13 22:07:00,Cliente pediu embalagem para presente,Power Bank,Eletrônicos,79.9,Alessandra Nogueira,Curitiba
V002583,1,16,3,2024-09-03 08:07:00,Cliente pediu embalagem para presente,Fone Bluetooth,Eletrônicos,89.9,Pedro Henrique Lopes,Florianópolis
V002584,11,10,2,2024-10-24 19:39:00,"Produto com defeito, aguardando troca",Smartwatch,Eletrônicos,249.9,João Vitor Assis,São Paulo
V002585,14,4,1,2024-09-21 11:29:00,"Produto com defeito, aguardando troca",Webcam HD,Eletrônicos,119.9,Daniel Werneck,Florianópolis
V002586,10,18,4,2024-12-03 10:10:00,Sem Observação,Power Bank,Eletrônicos,79.9,Ricardo Junqueira,São Paulo
V002587,7,19,4,2024-11-09 15:05:00,Sem Observação,Suporte para Celular,Acessórios,19.9,Sônia Aparecida Reis,Joinville
V002588,1,10,5,2024-10-20 08:46:00,Sem Observação,Fone Bluetooth,Eletrônicos,89.9,João Vitor Assis,São Paulo
V002589,14,10,2,2024-12-25 09:15:00,Entrega expressa solicitada,Webcam HD,Eletrônicos,119.9,João Vitor Assis,São Paulo
V002590,13,2,4,2024-09-29 19:54:00,Endereço de entrega divergente do cadastro,Hub USB,Acessórios,44.9,Bernardo Salles,Joinville
V002591,3,5,3,2024-11-18 16:41:00,Sem Observação,Caixa de Som Portátil,Eletrônicos,129.9,Estela Cunha,Curitiba
V002592,1,16,4,2024-09-30 19:32:00,Sem Observação,Fone Bluetooth,Eletrônicos,89.9,Pedro Henrique Lopes,Florianópolis
V002593,14,1,4,2024-11-25 14:25:00,Cliente pediu embalagem para presente,Webcam HD,Eletrônicos,119.9,Alessandra Nogueira,Curitiba
V002594,13,20,5,2024-10-10 13:09:00,Cliente solicitou nota fiscal com CNPJ,Hub USB,Acessórios,44.9,Tales Bittencourt,Florianópolis
V002595,12,4,2,2024-09-05 08:11:00,Compra feita via aplicação promocional,Adaptador HDMI,Acessórios,34.9,Daniel Werneck,Florianópolis
V002596,14,19,1,2024-10-28 21:33:00,Cliente solicitou nota fiscal com CNPJ,Webcam HD,Eletrônicos,119.9,Sônia Aparecida Reis,Joinville
V002597,7,11,1,2024-10-18 21:24:00,Compra feita via aplicação promocional,Suporte para Celular,Acessórios,19.9,Kelly Damasceno,Joinville
V002598,15,5,5,2024-12-26 15:25:00,"Produto com defeito, aguardando troca",Microfone de Lapela,Eletrônicos,69.9,Estela Cunha,Curitiba
V002599,15,11,4,2024-12-25 13:19:00,Sem Observação,Microfone de Lapela,Eletrônicos,69.9,Kelly Damasceno,Joinville
V002600,12,20,1,2024-10-16 14:53:00,Endereço de entrega divergente do cadastro,Adaptador HDMI,Acessórios,34.9,Tales Bittencourt,Florianópolis
V002601,9,18,2,2024-12-25 14:48:00,Entrega expressa solicitada,Película de Vidro,Acessórios,14.9,Ricardo Junqueira,São Paulo
V002603,6,16,4,2024-10-10 19:07:00,Cliente solicitou nota fiscal com CNPJ,Cabo USB-C,Eletrônicos,24.9,Pedro Henrique Lopes,Florianópolis
V002604,7,16,2,2024-11-17 11:27:00,Cliente solicitou nota fiscal com CNPJ,Suporte para Celular,Acessórios,19.9,Pedro Henrique Lopes,Florianópolis
V002605,3,6,5,2024-12-28 17:12:00,Sem Observação,Caixa de Som Portátil,Eletrônicos,129.9,Fábio Lacerda,São Paulo
V002606,12,11,1,2024-08-29 14:12:00,Cliente solicitou nota fiscal com CNPJ,Adaptador HDMI,Acessórios,34.9,Kelly Damasceno,Joinville
V002607,1,6,2,2024-08-30 20:52:00,Cliente solicitou nota fiscal com CNPJ,Fone Bluetooth,Eletrônicos,89.9,Fábio Lacerda,São Paulo
V002608,7,2,4,2024-10-03 11:58:00,"Produto com defeito, aguardando troca",Suporte para Celular,Acessórios,19.9,Bernardo Salles,Joinville
V002609,7,13,1,2024-09-18 18:10:00,Sem Observação,Suporte para Celular,Acessórios,19.9,Marcela Tavares,Curitiba
V002610,13,1,4,2024-11-04 15:20:00,Cliente solicitou nota fiscal com CNPJ,Hub USB,Acessórios,44.9,Alessandra Nogueira,Curitiba
V002611,2,9,5,2024-11-24 19:33:00,Cliente pediu embalagem para presente,Carregador Turbo,Eletrônicos,49.9,Isadora Brandão,Curitiba
V002612,5,2,4,2024-08-10 14:23:00,Entrega expressa solicitada,Teclado Mecânico,Eletrônicos,189.9,Bernardo Salles,Joinville
V002613,10,12,3,2024-12-08 20:37:00,Compra feita via aplicação promocional,Power Bank,Eletrônicos,79.9,Leonardo Xavier,Florianópolis
V002614,11,3,2,2024-12-12 20:29:00,Cliente solicitou nota fiscal com CNPJ,Smartwatch,Eletrônicos,249.9,Cecília Prado,São Paulo
V002615,15,2,2,2024-12-29 17:35:00,Endereço de entrega divergente do cadastro,Microfone de Lapela,Eletrônicos,69.9,Bernardo Salles,Joinville
V002616,5,14,3,2024-09-22 09:30:00,"Produto com defeito, aguardando troca",Teclado Mecânico,Eletrônicos,189.9,Nathan Correia,São Paulo
V002617,9,1,4,2024-09-15 20:25:00,Sem Observação,Película de Vidro,Acessórios,14.9,Alessandra Nogueira,Curitiba
V002618,7,15,1,2024-08-04 21:31:00,Sem Observação,Suporte para Celular,Acessórios,19.9,Olívia Marques,Joinville
V002619,12,8,2,2024-12-08 16:40:00,"Produto com defeito, aguardando troca",Adaptador HDMI,Acessórios,34.9,Hugo Mendonça,Florianópolis
V002620,10,9,1,2024-12-12 14:35:00,Sem Observação,Power Bank,Eletrônicos,79.9,Isadora Brandão,Curitiba
V002621,8,10,2,2024-08-29 12:19:00,Endereço de entrega divergente do cadastro,Capinha de Celular,Acessórios,29.9,João Vitor Assis,São Paulo
V002622,3,4,3,2024-08-16 12:36:00,Entrega expressa solicitada,Caixa de Som Portátil,Eletrônicos,129.9,Daniel Werneck,Florianópolis
V002623,10,15,5,2024-08-09 16:34:00,Compra feita via aplicação promocional,Power Bank,Eletrônicos,79.9,Olívia Marques,Joinville
V002624,15,6,4,2024-11-08 21:35:00,"Produto com defeito, aguardando troca",Microfone de Lapela,Eletrônicos,69.9,Fábio Lacerda,São Paulo
V002625,2,20,4,2024-12-26 11:49:00,Sem Observação,Carregador Turbo,Eletrônicos,49.9,Tales Bittencourt,Florianópolis
V002626,13,18,5,2024-11-08 11:09:00,Cliente pediu embalagem para presente,Hub USB,Acessórios,44.9,Ricardo Junqueira,São Paulo
V002627,1,5,3,2024-12-08 08:16:00,Cliente solicitou nota fiscal com CNPJ,Fone Bluetooth,Eletrônicos,89.9,Estela Cunha,Curitiba
V002628,1,13,3,2024-08-11 19:01:00,Sem Observação,Fone Bluetooth,Eletrônicos,89.9,Marcela Tavares,Curitiba
V002629,5,14,4,2024-10-21 12:44:00,Sem Observação,Teclado Mecânico,Eletrônicos,189.9,Nathan Correia,São Paulo
V002630,13,15,5,2024-10-18 21:35:00,"Produto com defeito, aguardando troca",Hub USB,Acessórios,44.9,Olívia Marques,Joinville
V002631,3,11,5,2024-10-18 12:07:00,Sem Observação,Caixa de Som Portátil,Eletrônicos,129.9,Kelly Damasceno,Joinville
V002632,8,20,2,2024-08-29 12:20:00,Cliente pediu embalagem para presente,Capinha de Celular,Acessórios,29.9,Tales Bittencourt,Florianópolis
V002633,11,15,2,2024-10-12 19:46:00,Entrega expressa solicitada,Smartwatch,Eletrônicos,249.9,Olívia Marques,Joinville
V002634,4,12,3,2024-12-10 09:29:00,Sem Observação,Mouse Gamer,Eletrônicos,99.9,Leonardo Xavier,Florianópolis
V002635,1,5,3,2024-08-15 09:12:00,Sem Observação,Fone Bluetooth,Eletrônicos,89.9,Estela Cunha,Curitiba
V002636,1,14,5,2024-10-25 19:16:00,Compra feita via aplicação promocional,Fone Bluetooth,Eletrônicos,89.9,Nathan Correia,São Paulo
V002637,15,6,3,2024-11-08 17:41:00,Sem Observação,Microfone de Lapela,Eletrônicos,69.9,Fábio Lacerda,São Paulo
V002638,2,7,3,2024-09-29 14:14:00,Sem Observação,Carregador Turbo,Eletrônicos,49.9,Giovana Peixoto,Joinville
V002639,3,8,1,2024-10-05 11:23:00,Entrega expressa solicitada,Caixa de Som Portátil,Eletrônicos,129.9,Hugo Mendonça,Florianópolis
V002640,4,13,2,2024-10-08 12:47:00,Compra feita via aplicação promocional,Mouse Gamer,Eletrônicos,99.9,Marcela Tavares,Curitiba
